design,experiment,workers,exact_evaluations,archive_size,unique_architectures,best_physical,best_H_eff8,hypervolume,spread,duplicate_evaluation_fraction,wall_seconds,cpu_utilization_percent
s5378,equal_evaluations,1,64,6,6,1370.2900000000002,60.166666666666664,80899.09374999981,0.6821403397416534,0.0,26.415586500021163,98.42673756260974
s5378,equal_evaluations,2,64,4,4,1366.3500000000001,59.166666666666664,84608.39374999986,0.838929853227257,0.03125,13.533761400001822,86.06947585169065
s5378,equal_evaluations,4,64,4,4,1369.15,59.166666666666664,79216.62708333318,0.7152501939782887,0.0625,9.609950500016566,77.2311470281476
s5378,equal_wall,1,71,6,6,1370.2900000000002,60.166666666666664,80924.92041666647,0.6746599596026094,0.0,30.43900610000128,99.43039828754043
s5378,equal_wall,2,156,6,6,1366.3500000000001,59.166666666666664,85331.21708333318,0.8180258061457016,0.01282051282051282,30.566363199992338,94.49214586315993
s5378,equal_wall,4,278,7,7,1351.59,58.33333333333333,89981.65624999987,0.7783055004169733,0.014388489208633094,30.671280200011097,92.52599195383351
s9234,equal_evaluations,1,64,9,9,1723.9450000000002,150.83333333333331,348277.12385416654,0.784712609522689,0.0,22.75908069999423,98.5870224538801
s9234,equal_evaluations,2,64,5,5,1723.565,152.5,329524.4688541664,0.7254343862980124,0.03125,16.19314389998908,86.74581716036916
s9234,equal_evaluations,4,64,5,5,1723.9450000000002,155.66666666666666,298994.1517708332,0.6126376090667521,0.0625,10.783240099990508,71.76211582274618
s9234,equal_wall,1,50,7,7,1723.9450000000002,150.83333333333331,347248.4105208332,0.784712609522689,0.0,31.059825900010765,97.74483314148094
s9234,equal_wall,2,105,5,5,1723.565,152.5,330826.3388541664,0.7254343862980124,0.01904761904761905,30.83405920001678,93.39307164586467
s9234,equal_wall,4,186,13,13,1723.565,153.16666666666669,327030.06718749943,0.7044200655027599,0.026881720430107527,31.131090900016716,92.15064159535956
s15850,equal_evaluations,1,64,11,11,3524.47,140.33333333333334,1665363.9741666645,0.6896190884848651,0.0,75.96026890000212,98.57126769597035
s15850,equal_evaluations,2,64,8,8,3513.5699999999997,142.16666666666666,1584892.4108333322,0.6637373540686978,0.03125,38.49295159999747,93.09740097977406
s15850,equal_evaluations,4,64,14,14,3525.47,139.16666666666669,1552545.2524999983,1.0450056284323668,0.0625,25.95883769998909,84.93013152129406
s15850,equal_wall,1,27,4,4,3525.47,140.33333333333334,1622417.027499998,0.711801725734077,0.0,30.95336130002397,98.93917401460462
s15850,equal_wall,2,51,6,6,3513.5699999999997,142.16666666666666,1577181.520833332,0.6637373540686978,0.0392156862745098,31.592228699999396,93.55049870223485
s15850,equal_wall,4,104,9,9,3513.5699999999997,139.16666666666669,1655416.8541666649,1.0451960441350312,0.038461538461538464,31.386288200010313,92.409481698414
