original_path,quarantine_path,size_bytes,sha256,reason,classification,canonical_replacement
D:\PACT_EXPERIMENTS\results\pact_cold_start_unseen_20261004,D:\PACT_CLEANUP_QUARANTINE\20261008\milestones\pact_cold_start_unseen_20261004,7075515015,1f4d282ae5b5f8914f4cb35f7adc8f0379b6c118139f4e962d4ccf3691e275b0,"Complete unique historical physical/ATPG campaign, including failed and negative outcomes",ARCHIVE_COMPRESS,E:\PACT_ARCHIVES\20261008\milestones\pact_cold_start_unseen_20261004.tar.zst
D:\PACT_EXPERIMENTS\results\pact_generalization_20261004,D:\PACT_CLEANUP_QUARANTINE\20261008\milestones\pact_generalization_20261004,5319964851,470c56f5e2acad93d17ad64e60066f91294907ca8fac57f50edf2fd8c74f9502,"Complete unique historical physical/ATPG campaign, including failed and negative outcomes",ARCHIVE_COMPRESS,E:\PACT_ARCHIVES\20261008\milestones\pact_generalization_20261004.tar.zst
D:\PACT_EXPERIMENTS\results\pact_large_unseen_gate9_20261005,D:\PACT_CLEANUP_QUARANTINE\20261008\gate_results\pact_large_unseen_gate9_20261005,5558330124,23a5ddbfddecd874de5216f6af234a4ebbd093acdfe38eaa396460bc77220772,"Complete unique historical physical/ATPG campaign, including failed and negative outcomes",ARCHIVE_COMPRESS,E:\PACT_ARCHIVES\20261008\gate_results\pact_large_unseen_gate9_20261005.tar.zst
D:\PACT_EXPERIMENTS\results\pact_cpu_scalability_20261005,D:\PACT_CLEANUP_QUARANTINE\20261008\milestones\pact_cpu_scalability_20261005,2664820499,af32669c6447a05e42b6b9911518b4a22070b5a786479e4d266ee65c15a4a648,"Complete unique historical physical/ATPG campaign, including failed and negative outcomes",ARCHIVE_COMPRESS,E:\PACT_ARCHIVES\20261008\milestones\pact_cpu_scalability_20261005.tar.zst
D:\PACT_EXPERIMENTS\results\pact_gate09_open_source_20261005,D:\PACT_CLEANUP_QUARANTINE\20261008\gate_results\pact_gate09_open_source_20261005,6962140089,2ed5ab00d1e4b9190d58ecd3c22fc03add0b2ea2f9bce8a8be662c06febe7a9f,"Complete unique historical physical/ATPG campaign, including failed and negative outcomes",ARCHIVE_COMPRESS,E:\PACT_ARCHIVES\20261008\gate_results\pact_gate09_open_source_20261005.tar.zst
D:\PACT_EXPERIMENTS\results\stage_b_20261004,D:\PACT_CLEANUP_QUARANTINE\20261008\milestones\stage_b_20261004,2030933145,559612a15749109430bf5991ab628a4edfa3d96592b1392f2820747d49b8b940,"Complete unique historical physical/ATPG campaign, including failed and negative outcomes",ARCHIVE_COMPRESS,E:\PACT_ARCHIVES\20261008\milestones\stage_b_20261004.tar.zst
D:\PACT_EXPERIMENTS\results\phase2c,D:\PACT_CLEANUP_QUARANTINE\20261008\milestones\phase2c,379570723,68e8e233d5c2e7c9e57a0a1ff4b040f40787a167d3aec26a7bd8ce12a9523ef6,"Complete unique historical physical/ATPG campaign, including failed and negative outcomes",ARCHIVE_COMPRESS,E:\PACT_ARCHIVES\20261008\milestones\phase2c.tar.zst
D:\PACT_EXPERIMENTS\results\phase2b_activity_model,D:\PACT_CLEANUP_QUARANTINE\20261008\milestones\phase2b_activity_model,306031129,02c1f0f01406f700e4c3b709f08e832a35b7954aedc27871a40cd8227a9b80cc,"Complete unique historical physical/ATPG campaign, including failed and negative outcomes",ARCHIVE_COMPRESS,E:\PACT_ARCHIVES\20261008\milestones\phase2b_activity_model.tar.zst
D:\PACT_EXPERIMENTS\results\phase1_routed_validation,D:\PACT_CLEANUP_QUARANTINE\20261008\milestones\phase1_routed_validation,191892276,1322a41c880845b98754a98592940f188b1452be3657c5455c8638abf0d31dda,"Complete unique historical physical/ATPG campaign, including failed and negative outcomes",ARCHIVE_COMPRESS,E:\PACT_ARCHIVES\20261008\milestones\phase1_routed_validation.tar.zst
D:\PACT_EXPERIMENTS\results\phase2a_shift_activity,D:\PACT_CLEANUP_QUARANTINE\20261008\milestones\phase2a_shift_activity,47055115,7fcbfd3b448e3cc5446c56576fb5b5f4c052f0f5099f2a0d91d7115d4282c788,"Complete unique historical physical/ATPG campaign, including failed and negative outcomes",ARCHIVE_COMPRESS,E:\PACT_ARCHIVES\20261008\milestones\phase2a_shift_activity.tar.zst
D:\PACT_EXPERIMENTS\results\optimizer_v2_3,D:\PACT_CLEANUP_QUARANTINE\20261008\milestones\optimizer_v2_3,5534611,0972dac25796ffbbd615a68586795d685d331444d792dd65d4334bb308533bdd,"Complete unique historical physical/ATPG campaign, including failed and negative outcomes",ARCHIVE_COMPRESS,E:\PACT_ARCHIVES\20261008\milestones\optimizer_v2_3.tar.zst
D:\PACT_EXPERIMENTS\preserved,D:\PACT_CLEANUP_QUARANTINE\20261008\physical_runs\preserved,1222594449,6c49accf62f9ad7209136f745ea2d4f47347eb2fa79cfaa045526fe768cafe7a,"Complete unique historical physical/ATPG campaign, including failed and negative outcomes",ARCHIVE_COMPRESS,E:\PACT_ARCHIVES\20261008\physical_runs\preserved.tar.zst
C:\Users\Abhinav\OneDrive\Desktop\PACT\PACT--Physical-and-ATPG-aware-Co-optimization-of-Test-architectures,C:\Users\Abhinav\OneDrive\Desktop\PACT\forensic-quarantine\20261008\legacy\PACT--Physical-and-ATPG-aware-Co-optimization-of-Test-architectures,395928214,6ef3445d2c55b63749583a5f6078ea65a5408821e1145adce26a2c15bcf5da4f,Historical checkout bytes; all reachable commits independently proven present in canonical refs; unique working bytes retained,ARCHIVE_COMPRESS,E:\PACT_ARCHIVES\20261008\legacy\PACT--Physical-and-ATPG-aware-Co-optimization-of-Test-architectures.tar.zst
C:\Users\Abhinav\OneDrive\Desktop\PACT\github-publication-clone,C:\Users\Abhinav\OneDrive\Desktop\PACT\forensic-quarantine\20261008\legacy\github-publication-clone,96279975,184563d941454c13dcf4ab21a5e3c78c2c7fcccc82d0e65faef336b81374ea3a,Historical checkout bytes; all reachable commits independently proven present in canonical refs; unique working bytes retained,ARCHIVE_COMPRESS,E:\PACT_ARCHIVES\20261008\legacy\github-publication-clone.tar.zst
C:\Users\Abhinav\OneDrive\Desktop\PACT\publication-worktree,C:\Users\Abhinav\OneDrive\Desktop\PACT\forensic-quarantine\20261008\legacy\publication-worktree,2338713,c3fc1f652ea5001697b258cceee914e1cdbd400d540c288a71c7175fd10f05c7,Historical checkout bytes; all reachable commits independently proven present in canonical refs; unique working bytes retained,ARCHIVE_COMPRESS,E:\PACT_ARCHIVES\20261008\legacy\publication-worktree.tar.zst
C:\Users\Abhinav\OneDrive\Desktop\PACT\cleanup-work\fresh-checkout-c447774a,C:\Users\Abhinav\OneDrive\Desktop\PACT\forensic-quarantine\20261008\legacy\fresh-checkout-c447774a,76584519,a6c749098162e37ea82e836cfcabbbc7190bd675c99f25ee20190d1c438375d7,Historical checkout bytes; all reachable commits independently proven present in canonical refs; unique working bytes retained,ARCHIVE_COMPRESS,E:\PACT_ARCHIVES\20261008\legacy\fresh-checkout-c447774a.tar.zst
C:\Users\Abhinav\OneDrive\Desktop\PACT\cleanup-work\fresh-checkout-9c5f9cbd,C:\Users\Abhinav\OneDrive\Desktop\PACT\forensic-quarantine\20261008\legacy\fresh-checkout-9c5f9cbd,76431755,2fb03b6f9b737c9d1dfb474fc2094b4609f7552d6fb429ea11e19f240e317d34,Historical checkout bytes; all reachable commits independently proven present in canonical refs; unique working bytes retained,ARCHIVE_COMPRESS,E:\PACT_ARCHIVES\20261008\legacy\fresh-checkout-9c5f9cbd.tar.zst
C:\Users\Abhinav\OneDrive\Desktop\PACT\PACT\scratch\publication_end_to_end_20261004,C:\Users\Abhinav\OneDrive\Desktop\PACT\forensic-quarantine\20261008\legacy\publication_end_to_end_20261004,139730553,b089b08eb6f271488b8098f38f6d73675e2874d4492290186d59747f15a25501,Historical checkout bytes; all reachable commits independently proven present in canonical refs; unique working bytes retained,ARCHIVE_COMPRESS,E:\PACT_ARCHIVES\20261008\legacy\publication_end_to_end_20261004.tar.zst
F:\PACT_HOST_CACHE\20261005\gate09-build-preserved\build-storage.ext4,F:\PACT_CLEANUP_QUARANTINE\20261008\upstream_debug\build-storage.ext4,17179869184,98dfd453dcfc072e83a348e894b005a72fe7451da24bab13df34b569c9a32a48,Inactive PACT-only build image contains unique upstream source snapshots/commits; full contents retained compressed pending reconciliation,ARCHIVE_COMPRESS,E:\PACT_ARCHIVES\20261008\upstream_debug\build-storage.ext4.tar.zst
/root/pact-deps/OpenROAD-flow-scripts/flow/results,/root/pact-cleanup-quarantine-20261008/routing/results,12704743808,c0b5eda0726486146f3e51f05a24c56a9e9816e8ce44cac913504143595d5b2c,PACT Phase 0B/0C Nangate45 runs for s5378/s9234f/s15850; source/platforms excluded,ARCHIVE_COMPRESS,/mnt/e/PACT_ARCHIVES/20261008/routing/results.tar.gz
/root/pact-deps/OpenROAD-flow-scripts/flow/reports,/root/pact-cleanup-quarantine-20261008/routing/reports,30844435,7952a7c2d7f6c9a30499dc910a6f23dc3a264b97b02e0e60e02a1c8f759084ed,PACT Phase 0B/0C Nangate45 runs for s5378/s9234f/s15850; source/platforms excluded,ARCHIVE_COMPRESS,/mnt/e/PACT_ARCHIVES/20261008/routing/reports.tar.gz
/root/pact-deps/OpenROAD-flow-scripts/flow/logs,/root/pact-cleanup-quarantine-20261008/routing/logs,32596535,2a5872ef4d0106fd7c8b8bce23e793af4bd527b180fc19a9853eedd5977b210a,PACT Phase 0B/0C Nangate45 runs for s5378/s9234f/s15850; source/platforms excluded,ARCHIVE_COMPRESS,/mnt/e/PACT_ARCHIVES/20261008/routing/logs.tar.gz
