design,architecture,status,reason,dynamic_w,switching_w,internal_w,leakage_w,total_w,clock_dynamic_w,clock_internal_w,clock_leakage_w,clock_switching_w,clock_total_w,native_float32_gamma_n,native_float32_population_n,native_internal_float32_reduction_bound_w,native_internal_w,native_leakage_float32_reduction_bound_w,native_leakage_w,native_switching_float32_reduction_bound_w,native_switching_w,native_total_float32_reduction_bound_w,native_total_w,native_vs_instance_internal_difference_w,native_vs_instance_leakage_difference_w,native_vs_instance_switching_difference_w,native_vs_instance_total_difference_w,nonclock_dynamic_w,nonclock_internal_w,nonclock_leakage_w,nonclock_switching_w,nonclock_total_w
b14_opt,B3T,QUALIFIED,,0.0006644059229762748,0.00032126379332140576,0.00034314212965486904,0.00010009437912650299,0.0007645003021027778,0.0001275689646718,5.8930258092e-05,2.071260269076e-06,6.86387065798e-05,0.0001296402188018,0.00019649551208065854,3296,6.742588848298122e-08,0.0003431421064306,1.9668096282857784e-08,0.0001000938354991,6.312689358166448e-08,0.0003212635929231,1.5022087834750349e-07,0.0007644995348528,-2.3224269024828964e-11,-5.436274029812236e-10,-2.0039830575134185e-10,-7.672499777438418e-10,0.0005368369583044748,0.00028421187156286906,9.802311885742699e-05,0.0002526250867416058,0.0006348600833009778
b14_opt,CS_C1,QUALIFIED,,0.0006628641230164703,0.00032065203440692094,0.0003422120886095493,0.00010010559321926848,0.0007629697162357387,0.00012770717876264001,5.895157664781e-05,2.071260269076e-06,6.875560211483e-05,0.0001297784328926,0.0001965551401553805,3297,6.726354503951545e-08,0.0003422123845667,1.9676268905550824e-08,0.0001001050477498,6.302580556396023e-08,0.0003206524124835,1.4996561950902652e-07,0.000762969837524,2.9595715065949477e-10,-5.454694684895985e-10,3.7807657905005593e-10,1.2128826122701636e-10,0.0005351569442538302,0.0002832605119617393,9.803433295019249e-05,0.00025189643229209095,0.0006331912833431387
b14_opt,CS_C3,QUALIFIED,,0.000663399911768963,0.0003209059531833994,0.0003424939585855636,0.00010010559321926848,0.0007635055049882315,0.00012752973270835,5.894816422369e-05,2.071260269076e-06,6.858156848466e-05,0.0001296009868383,0.0001965551401553805,3297,6.731894803215654e-08,0.0003424938768148,1.9676268905550824e-08,0.0001001050477498,6.307571460465905e-08,0.0003209059359506,1.500709315423664e-07,0.0007635048823431,-8.177076360861915e-11,-5.454694684895985e-10,-1.723279944307668e-11,-6.226451315259271e-10,0.000535870179060613,0.0002835457943618736,9.803433295019249e-05,0.0002523243846987394,0.0006339045181499315
b14_opt,B5,QUALIFIED,,0.0005739192814435429,0.0002706556887247247,0.00030326359271881827,0.00010009437912650299,0.0006740136605700459,0.00012785448052455,5.895180947846e-05,2.071260269076e-06,6.890267104609e-05,0.0001299257419305,0.00019649551208065854,3296,5.9589934946704464e-08,0.000303263659589,1.9668096282857784e-08,0.0001000938354991,5.318262815350809e-08,0.0002706555533223,1.3244065938307035e-07,0.0006740130484104,6.68701817551666e-11,-5.436274029812236e-10,-1.3540242467828187e-10,-6.121596458907863e-10,0.00044606480091899294,0.00024431178324035824,9.802311885742699e-05,0.00020175301767863467,0.0005440879186395459
b15_opt,B2,QUALIFIED,,0.0009012733673400326,0.0003976336593562531,0.0005036397079837795,0.00015749151760857671,0.0010587648849486094,0.00023056787904349998,0.0001060918002622,3.731584229172e-06,0.0001244760787813,0.0002342994703213,0.00029954343475199904,5024,1.508619680069551e-07,0.0005036394577473,4.7175550128778006e-08,0.0001574916968821,1.191085520965784e-07,0.0003976337902714,3.1714607023231153e-07,0.001058764872141,-2.5023647954106054e-10,1.7927352327249887e-10,1.3091514694139536e-10,-1.2807609356749183e-11,0.0006707054882965326,0.00039754790772157954,0.00015375993337940472,0.0002731575805749531,0.0008244654146273094
b15_opt,CS_C1,QUALIFIED,,0.0008938598387020519,0.0003942992565165057,0.0004995605821855461,0.00015749151760857671,0.0010513513563106286,0.0002302073335158,0.0001060688446159,3.731584229172e-06,0.0001241384888999,0.0002339389320696,0.00029954343475199904,5024,1.4964009265456678e-07,0.0004995606141165,4.7175550128778006e-08,0.0001574916968821,1.1810975361711366e-07,0.000394298491301,3.149253964004585e-07,0.00105135072954,3.1930953866242395e-11,1.7927352327249887e-10,-7.652155057063896e-10,-6.267706286703506e-10,0.0006636525051862518,0.00039349173756964614,0.00015375993337940472,0.00027016076761660567,0.0008174124242410286
b15_opt,CS_C2,QUALIFIED,,0.0008946508402930667,0.00039503726680609105,0.0004996135734869757,0.00015749151760857671,0.0010521423579016435,0.0002308259427082,0.0001061258662958,3.731584229172e-06,0.0001247000764124,0.0002345575339859,0.00029954343475199904,5024,1.4965596585100898e-07,0.0004996136995032,4.7175550128778006e-08,0.0001574916968821,1.1833081975413838e-07,0.0003950378159061,3.151623357339254e-07,0.001052143168636,1.2601622436519966e-10,1.7927352327249887e-10,5.49100008951503e-10,8.107343566019637e-10,0.0006638248975848667,0.00039348770719117566,0.00015375993337940472,0.00027033719039369104,0.0008175848239157435
b15_opt,CS_C3,QUALIFIED,,0.0008957619113571716,0.0003953113426003444,0.0005004505687568272,0.00015749151760857671,0.0010532534289657484,0.0002304287190782,0.0001061109069269,3.731584229172e-06,0.0001243178121513,0.0002341603103559,0.00029954343475199904,5024,1.4990668228901146e-07,0.0005004506674595,4.7175550128778006e-08,0.0001574916968821,1.184129173589314e-07,0.0003953108971473,3.154951497767209e-07,0.001053253188729,9.870267287954287e-11,1.7927352327249887e-10,-4.454530444053355e-10,-2.4023674846315735e-10,0.0006653331922789715,0.0003943396618299272,0.00015375993337940472,0.00027099353044904436,0.0008190931186098484
b15_opt,B5,QUALIFIED,,0.0007879297245770524,0.00034560762627218374,0.00044232209830486857,0.00015745787533028022,0.0009453875999073326,0.0002305374073331,0.0001060948998202,3.731584229172e-06,0.0001244425075129,0.0002342689986108,0.00029936451370855154,5021,1.324155398615831e-07,0.000442322489107,4.713730027783107e-08,0.0001574580383021,1.0346265897293911e-07,0.0003456071135588,2.830154991123533e-07,0.000945387640968,3.908021314327423e-10,1.6297181979580896e-10,-5.127133837390559e-10,4.1060667452935684e-11,0.0005573923172439523,0.00033622719848466857,0.00015372629110110822,0.00022116511875928374,0.0007111186012965326
