design,architecture_a,architecture_b,arch_a_hash,arch_b_hash,pred_h8_a,pred_h8_b,meas_h8_a,meas_h8_b,pred_order,meas_order,classification,historical_pair,previous_selected_pair,latest_selected_pair,pred_peak_bin_a,pred_peak_bin_b,meas_peak_bin_a,meas_peak_bin_b,mechanisms,first_correct_substitution,omitted_baseline_C_h8_a,omitted_baseline_C_h8_b,omitted_baseline_C_order,confidence,repository_commit,timestamp,model_version,script_invocation,source_evidence_sha256
s9234,T,J50,237fb9ad7f2ffd5c2bc0a8c4bc0306e97cc0e3004cb5fb11dd35244619138aef,2f6e012e12ba16621b425a458c0d0d7cf410abc6a724a1f139e84e84f12e55a1,182.98118764,182.3333531888819,192.03926519000004,197.39312104999996,A>B,A<B,reversal,True,False,False,43,43,35,35,CAPACITANCE_ERROR;OMITTED_LOGIC_ERROR,omitted,192.03926519,198.06752121999997,A<B,high for saved field algebra; physical activity cause beyond excluded cone remains bounded,9d9103027918b1d4af2b209e6d36133ad82d4a4e,2026-10-03T04:23:18.967671+00:00,candidate_stateful/depth=3/baseline=9d910302,python scripts/pact_h8_rootcause.py report,99da5c0867692ce049566a244119f0ef3c9171cff1bd029315bf6aa29228e6cb;255a210f71ea2000f5fd6ea4c7d072bdfade1f1a003e1c585dd53bb6befdad2f
s9234,T,PACT,237fb9ad7f2ffd5c2bc0a8c4bc0306e97cc0e3004cb5fb11dd35244619138aef,f099374de4cb080ebfdfbf5e577bbf77acc7f3e802c4cb5dc5888c0327764f54,182.98118764,183.25592000340507,192.03926519000004,188.3432596,A<B,A>B,reversal,True,False,False,43,43,35,43,CAPACITANCE_ERROR;OMITTED_LOGIC_ERROR,capacitance,192.03926519,188.47119,A>B,high for saved field algebra; physical activity cause beyond excluded cone remains bounded,9d9103027918b1d4af2b209e6d36133ad82d4a4e,2026-10-03T04:23:18.967671+00:00,candidate_stateful/depth=3/baseline=9d910302,python scripts/pact_h8_rootcause.py report,99da5c0867692ce049566a244119f0ef3c9171cff1bd029315bf6aa29228e6cb;d580d5f4d08494ad5dcae7c290fc083a65108be198d9b00c7c58092b06dea02c
s9234,T,4d6ff90b2adc,237fb9ad7f2ffd5c2bc0a8c4bc0306e97cc0e3004cb5fb11dd35244619138aef,4d6ff90b2adcf1e133882196914be7899951ae837c00b98734528f8e521b6b40,182.98118764,162.06390223,192.03926519000004,192.66414762999995,A>B,A<B,reversal,True,False,False,43,35,35,35,CAPACITANCE_ERROR;OMITTED_LOGIC_ERROR,omitted,192.03926519,192.94744562,A<B,high for saved field algebra; physical activity cause beyond excluded cone remains bounded,9d9103027918b1d4af2b209e6d36133ad82d4a4e,2026-10-03T04:23:18.967671+00:00,candidate_stateful/depth=3/baseline=9d910302,python scripts/pact_h8_rootcause.py report,99da5c0867692ce049566a244119f0ef3c9171cff1bd029315bf6aa29228e6cb;ef7334598ca6a372d80ea0afa65d11edc3480d807cd9df7fc410b29b5951221a
s9234,T,1359e456272b,237fb9ad7f2ffd5c2bc0a8c4bc0306e97cc0e3004cb5fb11dd35244619138aef,1359e456272bfce5d9280041447d8712ee1c32e0e1f9abdf1c7865314d9b4948,182.98118764,162.06390223,192.03926519000004,194.04869214,A>B,A<B,reversal,True,False,False,43,35,35,35,CAPACITANCE_ERROR;OMITTED_LOGIC_ERROR,omitted,192.03926519,193.83897173000003,A<B,high for saved field algebra; physical activity cause beyond excluded cone remains bounded,9d9103027918b1d4af2b209e6d36133ad82d4a4e,2026-10-03T04:23:18.967671+00:00,candidate_stateful/depth=3/baseline=9d910302,python scripts/pact_h8_rootcause.py report,99da5c0867692ce049566a244119f0ef3c9171cff1bd029315bf6aa29228e6cb;9e98c3607d83ca97734f1b3ed443e946c52b0593aba149f6ecae121c69886b8f
s9234,J50,PACT,2f6e012e12ba16621b425a458c0d0d7cf410abc6a724a1f139e84e84f12e55a1,f099374de4cb080ebfdfbf5e577bbf77acc7f3e802c4cb5dc5888c0327764f54,182.3333531888819,183.25592000340507,197.39312104999996,188.3432596,A<B,A>B,reversal,True,False,False,43,43,35,43,CAPACITANCE_ERROR;OMITTED_LOGIC_ERROR,omitted,198.06752121999997,188.47119,A>B,high for saved field algebra; physical activity cause beyond excluded cone remains bounded,9d9103027918b1d4af2b209e6d36133ad82d4a4e,2026-10-03T04:23:18.967671+00:00,candidate_stateful/depth=3/baseline=9d910302,python scripts/pact_h8_rootcause.py report,255a210f71ea2000f5fd6ea4c7d072bdfade1f1a003e1c585dd53bb6befdad2f;d580d5f4d08494ad5dcae7c290fc083a65108be198d9b00c7c58092b06dea02c
s9234,PACT,53bb5b018758,f099374de4cb080ebfdfbf5e577bbf77acc7f3e802c4cb5dc5888c0327764f54,53bb5b0187583971d057dc111c46dc7030affedc25dbfe294a9455251ddc6fe5,183.25592000340507,174.16702338751372,188.3432596,190.5728054,A>B,A<B,reversal,True,False,False,43,43,43,35,CAPACITANCE_ERROR;OMITTED_LOGIC_ERROR,omitted,188.47119,191.04811947,A<B,high for saved field algebra; physical activity cause beyond excluded cone remains bounded,9d9103027918b1d4af2b209e6d36133ad82d4a4e,2026-10-03T04:23:18.967671+00:00,candidate_stateful/depth=3/baseline=9d910302,python scripts/pact_h8_rootcause.py report,d580d5f4d08494ad5dcae7c290fc083a65108be198d9b00c7c58092b06dea02c;3ebf0ade9ea14a33c2e75d0b0b44317cd7cba218dadfa2f7dcd2d53908789719
s9234,PACT,797aff0b91f6,f099374de4cb080ebfdfbf5e577bbf77acc7f3e802c4cb5dc5888c0327764f54,797aff0b91f6ad122de840678b76b5969b4c0db00dbedfa78d2884fc75a5ddc2,183.25592000340507,168.873106281636,188.3432596,191.18141026,A>B,A<B,reversal,True,False,False,43,43,43,38,CAPACITANCE_ERROR;OMITTED_LOGIC_ERROR,omitted,188.47119,190.68623236,A<B,high for saved field algebra; physical activity cause beyond excluded cone remains bounded,9d9103027918b1d4af2b209e6d36133ad82d4a4e,2026-10-03T04:23:18.967671+00:00,candidate_stateful/depth=3/baseline=9d910302,python scripts/pact_h8_rootcause.py report,d580d5f4d08494ad5dcae7c290fc083a65108be198d9b00c7c58092b06dea02c;c690a2f7e13531ebc3e22beedc2aef50ebdd8d097c96e56890a95010fbb56e26
s9234,PACT,f4bca5652bda,f099374de4cb080ebfdfbf5e577bbf77acc7f3e802c4cb5dc5888c0327764f54,f4bca5652bda0b57f3cb7fd7b31c0228c96465ab7e142b4fb284814b8dd3a223,183.25592000340507,172.3147612928175,188.3432596,190.50310656999997,A>B,A<B,reversal,True,False,False,43,43,43,35,CAPACITANCE_ERROR;OMITTED_LOGIC_ERROR,omitted,188.47119,190.56273789999997,A<B,high for saved field algebra; physical activity cause beyond excluded cone remains bounded,9d9103027918b1d4af2b209e6d36133ad82d4a4e,2026-10-03T04:23:18.967671+00:00,candidate_stateful/depth=3/baseline=9d910302,python scripts/pact_h8_rootcause.py report,d580d5f4d08494ad5dcae7c290fc083a65108be198d9b00c7c58092b06dea02c;649c5596fd5573c975da7afe4758242722467f3561cc1f693a145ad2b2ef1a15
s9234,PACT,4d6ff90b2adc,f099374de4cb080ebfdfbf5e577bbf77acc7f3e802c4cb5dc5888c0327764f54,4d6ff90b2adcf1e133882196914be7899951ae837c00b98734528f8e521b6b40,183.25592000340507,162.06390223,188.3432596,192.66414762999995,A>B,A<B,reversal,True,False,False,43,35,43,35,CAPACITANCE_ERROR;OMITTED_LOGIC_ERROR,omitted,188.47119,192.94744562,A<B,high for saved field algebra; physical activity cause beyond excluded cone remains bounded,9d9103027918b1d4af2b209e6d36133ad82d4a4e,2026-10-03T04:23:18.967671+00:00,candidate_stateful/depth=3/baseline=9d910302,python scripts/pact_h8_rootcause.py report,d580d5f4d08494ad5dcae7c290fc083a65108be198d9b00c7c58092b06dea02c;ef7334598ca6a372d80ea0afa65d11edc3480d807cd9df7fc410b29b5951221a
s9234,PACT,1359e456272b,f099374de4cb080ebfdfbf5e577bbf77acc7f3e802c4cb5dc5888c0327764f54,1359e456272bfce5d9280041447d8712ee1c32e0e1f9abdf1c7865314d9b4948,183.25592000340507,162.06390223,188.3432596,194.04869214,A>B,A<B,reversal,True,False,False,43,35,43,35,CAPACITANCE_ERROR;OMITTED_LOGIC_ERROR,omitted,188.47119,193.83897173000003,A<B,high for saved field algebra; physical activity cause beyond excluded cone remains bounded,9d9103027918b1d4af2b209e6d36133ad82d4a4e,2026-10-03T04:23:18.967671+00:00,candidate_stateful/depth=3/baseline=9d910302,python scripts/pact_h8_rootcause.py report,d580d5f4d08494ad5dcae7c290fc083a65108be198d9b00c7c58092b06dea02c;9e98c3607d83ca97734f1b3ed443e946c52b0593aba149f6ecae121c69886b8f
s9234,53bb5b018758,797aff0b91f6,53bb5b0187583971d057dc111c46dc7030affedc25dbfe294a9455251ddc6fe5,797aff0b91f6ad122de840678b76b5969b4c0db00dbedfa78d2884fc75a5ddc2,174.16702338751372,168.873106281636,190.5728054,191.18141026,A>B,A<B,reversal,True,False,False,43,43,35,38,CAPACITANCE_ERROR;OMITTED_LOGIC_ERROR,omitted,191.04811947,190.68623236,A>B,high for saved field algebra; physical activity cause beyond excluded cone remains bounded,9d9103027918b1d4af2b209e6d36133ad82d4a4e,2026-10-03T04:23:18.967671+00:00,candidate_stateful/depth=3/baseline=9d910302,python scripts/pact_h8_rootcause.py report,3ebf0ade9ea14a33c2e75d0b0b44317cd7cba218dadfa2f7dcd2d53908789719;c690a2f7e13531ebc3e22beedc2aef50ebdd8d097c96e56890a95010fbb56e26
s9234,53bb5b018758,4d6ff90b2adc,53bb5b0187583971d057dc111c46dc7030affedc25dbfe294a9455251ddc6fe5,4d6ff90b2adcf1e133882196914be7899951ae837c00b98734528f8e521b6b40,174.16702338751372,162.06390223,190.5728054,192.66414762999995,A>B,A<B,reversal,True,False,False,43,35,35,35,CAPACITANCE_ERROR;OMITTED_LOGIC_ERROR,omitted,191.04811947,192.94744562,A<B,high for saved field algebra; physical activity cause beyond excluded cone remains bounded,9d9103027918b1d4af2b209e6d36133ad82d4a4e,2026-10-03T04:23:18.967671+00:00,candidate_stateful/depth=3/baseline=9d910302,python scripts/pact_h8_rootcause.py report,3ebf0ade9ea14a33c2e75d0b0b44317cd7cba218dadfa2f7dcd2d53908789719;ef7334598ca6a372d80ea0afa65d11edc3480d807cd9df7fc410b29b5951221a
s9234,53bb5b018758,1359e456272b,53bb5b0187583971d057dc111c46dc7030affedc25dbfe294a9455251ddc6fe5,1359e456272bfce5d9280041447d8712ee1c32e0e1f9abdf1c7865314d9b4948,174.16702338751372,162.06390223,190.5728054,194.04869214,A>B,A<B,reversal,True,False,False,43,35,35,35,CAPACITANCE_ERROR;OMITTED_LOGIC_ERROR,omitted,191.04811947,193.83897173000003,A<B,high for saved field algebra; physical activity cause beyond excluded cone remains bounded,9d9103027918b1d4af2b209e6d36133ad82d4a4e,2026-10-03T04:23:18.967671+00:00,candidate_stateful/depth=3/baseline=9d910302,python scripts/pact_h8_rootcause.py report,3ebf0ade9ea14a33c2e75d0b0b44317cd7cba218dadfa2f7dcd2d53908789719;9e98c3607d83ca97734f1b3ed443e946c52b0593aba149f6ecae121c69886b8f
s9234,797aff0b91f6,f4bca5652bda,797aff0b91f6ad122de840678b76b5969b4c0db00dbedfa78d2884fc75a5ddc2,f4bca5652bda0b57f3cb7fd7b31c0228c96465ab7e142b4fb284814b8dd3a223,168.873106281636,172.3147612928175,191.18141026,190.50310656999997,A<B,A>B,reversal,True,False,False,43,43,38,35,CAPACITANCE_ERROR;OMITTED_LOGIC_ERROR,omitted,190.68623236,190.56273789999997,A>B,high for saved field algebra; physical activity cause beyond excluded cone remains bounded,9d9103027918b1d4af2b209e6d36133ad82d4a4e,2026-10-03T04:23:18.967671+00:00,candidate_stateful/depth=3/baseline=9d910302,python scripts/pact_h8_rootcause.py report,c690a2f7e13531ebc3e22beedc2aef50ebdd8d097c96e56890a95010fbb56e26;649c5596fd5573c975da7afe4758242722467f3561cc1f693a145ad2b2ef1a15
s9234,797aff0b91f6,4d6ff90b2adc,797aff0b91f6ad122de840678b76b5969b4c0db00dbedfa78d2884fc75a5ddc2,4d6ff90b2adcf1e133882196914be7899951ae837c00b98734528f8e521b6b40,168.873106281636,162.06390223,191.18141026,192.66414762999995,A>B,A<B,reversal,True,False,False,43,35,38,35,CAPACITANCE_ERROR;OMITTED_LOGIC_ERROR,omitted,190.68623236,192.94744562,A<B,high for saved field algebra; physical activity cause beyond excluded cone remains bounded,9d9103027918b1d4af2b209e6d36133ad82d4a4e,2026-10-03T04:23:18.967671+00:00,candidate_stateful/depth=3/baseline=9d910302,python scripts/pact_h8_rootcause.py report,c690a2f7e13531ebc3e22beedc2aef50ebdd8d097c96e56890a95010fbb56e26;ef7334598ca6a372d80ea0afa65d11edc3480d807cd9df7fc410b29b5951221a
s9234,797aff0b91f6,1359e456272b,797aff0b91f6ad122de840678b76b5969b4c0db00dbedfa78d2884fc75a5ddc2,1359e456272bfce5d9280041447d8712ee1c32e0e1f9abdf1c7865314d9b4948,168.873106281636,162.06390223,191.18141026,194.04869214,A>B,A<B,reversal,True,False,False,43,35,38,35,CAPACITANCE_ERROR;OMITTED_LOGIC_ERROR,omitted,190.68623236,193.83897173000003,A<B,high for saved field algebra; physical activity cause beyond excluded cone remains bounded,9d9103027918b1d4af2b209e6d36133ad82d4a4e,2026-10-03T04:23:18.967671+00:00,candidate_stateful/depth=3/baseline=9d910302,python scripts/pact_h8_rootcause.py report,c690a2f7e13531ebc3e22beedc2aef50ebdd8d097c96e56890a95010fbb56e26;9e98c3607d83ca97734f1b3ed443e946c52b0593aba149f6ecae121c69886b8f
s9234,f4bca5652bda,4d6ff90b2adc,f4bca5652bda0b57f3cb7fd7b31c0228c96465ab7e142b4fb284814b8dd3a223,4d6ff90b2adcf1e133882196914be7899951ae837c00b98734528f8e521b6b40,172.3147612928175,162.06390223,190.50310656999997,192.66414762999995,A>B,A<B,reversal,True,False,False,43,35,35,35,CAPACITANCE_ERROR;OMITTED_LOGIC_ERROR,omitted,190.56273789999997,192.94744562,A<B,high for saved field algebra; physical activity cause beyond excluded cone remains bounded,9d9103027918b1d4af2b209e6d36133ad82d4a4e,2026-10-03T04:23:18.967671+00:00,candidate_stateful/depth=3/baseline=9d910302,python scripts/pact_h8_rootcause.py report,649c5596fd5573c975da7afe4758242722467f3561cc1f693a145ad2b2ef1a15;ef7334598ca6a372d80ea0afa65d11edc3480d807cd9df7fc410b29b5951221a
s9234,f4bca5652bda,1359e456272b,f4bca5652bda0b57f3cb7fd7b31c0228c96465ab7e142b4fb284814b8dd3a223,1359e456272bfce5d9280041447d8712ee1c32e0e1f9abdf1c7865314d9b4948,172.3147612928175,162.06390223,190.50310656999997,194.04869214,A>B,A<B,reversal,True,False,False,43,35,35,35,CAPACITANCE_ERROR;OMITTED_LOGIC_ERROR,omitted,190.56273789999997,193.83897173000003,A<B,high for saved field algebra; physical activity cause beyond excluded cone remains bounded,9d9103027918b1d4af2b209e6d36133ad82d4a4e,2026-10-03T04:23:18.967671+00:00,candidate_stateful/depth=3/baseline=9d910302,python scripts/pact_h8_rootcause.py report,649c5596fd5573c975da7afe4758242722467f3561cc1f693a145ad2b2ef1a15;9e98c3607d83ca97734f1b3ed443e946c52b0593aba149f6ecae121c69886b8f
s9234,4d6ff90b2adc,1359e456272b,4d6ff90b2adcf1e133882196914be7899951ae837c00b98734528f8e521b6b40,1359e456272bfce5d9280041447d8712ee1c32e0e1f9abdf1c7865314d9b4948,162.06390223,162.06390223,192.66414762999995,194.04869214,tie,A<B,predicted_tie,True,True,False,35,35,35,35,CAPACITANCE_ERROR;OMITTED_LOGIC_ERROR,capacitance,192.94744562,193.83897173000003,A<B,high for saved field algebra; physical activity cause beyond excluded cone remains bounded,9d9103027918b1d4af2b209e6d36133ad82d4a4e,2026-10-03T04:23:18.967671+00:00,candidate_stateful/depth=3/baseline=9d910302,python scripts/pact_h8_rootcause.py report,ef7334598ca6a372d80ea0afa65d11edc3480d807cd9df7fc410b29b5951221a;9e98c3607d83ca97734f1b3ed443e946c52b0593aba149f6ecae121c69886b8f
s15850,P,e14689c97ca5,f58717aa863acd666346580fa4a3fca3fdea25f88ec768be3b8839f2ea7307a9,e14689c97ca5454cd0c46f98a4328713eca058aece7c6a6229b25f6c0fb2075b,230.27477095999996,229.2901064499999,277.1768390600001,277.68177090999995,A>B,A<B,reversal,True,False,False,38,38,10,10,CAPACITANCE_ERROR;OMITTED_LOGIC_ERROR,omitted,277.17683905999996,277.5980319899999,A<B,high for saved field algebra; physical activity cause beyond excluded cone remains bounded,9d9103027918b1d4af2b209e6d36133ad82d4a4e,2026-10-03T04:23:18.967671+00:00,candidate_stateful/depth=3/baseline=9d910302,python scripts/pact_h8_rootcause.py report,e9fac1247671ccfa3f9584fec69d52111b4b5406190ecb31c9164496c7c08bd7;3cf4616092c3491eb3e8b650c7b3db26fbd0389c0f0c8475f323d0dce4d05368
s15850,P,5d90e5faf9dc,f58717aa863acd666346580fa4a3fca3fdea25f88ec768be3b8839f2ea7307a9,5d90e5faf9dcfb7f820a641638cc06c83c19ac634534c5aa75c4cedda6f5a38e,230.27477095999996,230.27477095999996,277.1768390600001,277.4584244300001,tie,A<B,predicted_tie,False,False,False,38,38,10,10,CAPACITANCE_ERROR;OMITTED_LOGIC_ERROR,omitted,277.17683905999996,277.29014714999994,A<B,high for saved field algebra; physical activity cause beyond excluded cone remains bounded,9d9103027918b1d4af2b209e6d36133ad82d4a4e,2026-10-03T04:23:18.967671+00:00,candidate_stateful/depth=3/baseline=9d910302,python scripts/pact_h8_rootcause.py report,e9fac1247671ccfa3f9584fec69d52111b4b5406190ecb31c9164496c7c08bd7;9c0e5befc0de8fc80a3faf3c7e68fc03602f4bcce90b5fcc7e848db9b1d288b3
s15850,P,f47e6837c4da,f58717aa863acd666346580fa4a3fca3fdea25f88ec768be3b8839f2ea7307a9,f47e6837c4dacd553187a3ee88d5e8aff729a45b9375e10a8eeac2817177a93e,230.27477095999996,230.27477095999996,277.1768390600001,277.56902686,tie,A<B,predicted_tie,False,False,False,38,38,10,10,CAPACITANCE_ERROR;OMITTED_LOGIC_ERROR,omitted,277.17683905999996,277.69025486,A<B,high for saved field algebra; physical activity cause beyond excluded cone remains bounded,9d9103027918b1d4af2b209e6d36133ad82d4a4e,2026-10-03T04:23:18.967671+00:00,candidate_stateful/depth=3/baseline=9d910302,python scripts/pact_h8_rootcause.py report,e9fac1247671ccfa3f9584fec69d52111b4b5406190ecb31c9164496c7c08bd7;a95bcd106320145b3b358ff2db74e6087f68fba507031c99e8ccd0e68f07ddf7
s15850,J50,PACT,fdf44a74a70de6097e4087b4760fce7fd18c6f454f82cbbbb07121eed956b965,4a82d24ea6465f7b68ceec9c84d883e17fd53ed29d3135093927ac7d227848ce,228.21068075657305,227.42152308999994,267.99240936,277.05018914,A>B,A<B,reversal,True,False,False,38,38,38,10,CAPACITANCE_ERROR;OMITTED_LOGIC_ERROR,capacitance,267.07501995999996,276.97212221999996,A<B,high for saved field algebra; physical activity cause beyond excluded cone remains bounded,9d9103027918b1d4af2b209e6d36133ad82d4a4e,2026-10-03T04:23:18.967671+00:00,candidate_stateful/depth=3/baseline=9d910302,python scripts/pact_h8_rootcause.py report,9a635a8521a2afb3ba65623f0c4aa578aec0fdcf0f87bb58d282ff7781fb5d66;558892a8b517e12d5a8fecdc58103de1580607550cf12856c2fc9f8a315a8ecd
s15850,J50,f3e118a35e7b,fdf44a74a70de6097e4087b4760fce7fd18c6f454f82cbbbb07121eed956b965,f3e118a35e7ba33881c8d2855e6348525823f33056594a27f11b07b55738b70d,228.21068075657305,227.42152308999994,267.99240936,271.85137775000004,A>B,A<B,reversal,True,False,False,38,38,38,22,CAPACITANCE_ERROR;OMITTED_LOGIC_ERROR,capacitance,267.07501995999996,270.36400381999994,A<B,high for saved field algebra; physical activity cause beyond excluded cone remains bounded,9d9103027918b1d4af2b209e6d36133ad82d4a4e,2026-10-03T04:23:18.967671+00:00,candidate_stateful/depth=3/baseline=9d910302,python scripts/pact_h8_rootcause.py report,9a635a8521a2afb3ba65623f0c4aa578aec0fdcf0f87bb58d282ff7781fb5d66;c4ab80f6c2484f2147264452237786de0f6f0d9873bb2a7a8c6e615ddc8c2172
s15850,J50,630da6943398,fdf44a74a70de6097e4087b4760fce7fd18c6f454f82cbbbb07121eed956b965,630da694339881c078b0fb601a1b9a157c71f493fa59c66751fa6750e5eeb36d,228.21068075657305,226.95343188999996,267.99240936,271.53738544,A>B,A<B,reversal,True,False,False,38,38,38,22,CAPACITANCE_ERROR;OMITTED_LOGIC_ERROR,capacitance,267.07501995999996,269.83279287,A<B,high for saved field algebra; physical activity cause beyond excluded cone remains bounded,9d9103027918b1d4af2b209e6d36133ad82d4a4e,2026-10-03T04:23:18.967671+00:00,candidate_stateful/depth=3/baseline=9d910302,python scripts/pact_h8_rootcause.py report,9a635a8521a2afb3ba65623f0c4aa578aec0fdcf0f87bb58d282ff7781fb5d66;a77c7e5e36ab6fc091c7f599be7252c927da9a2c768263761e422f0aa970789a
s15850,J50,a3dd757a7e17,fdf44a74a70de6097e4087b4760fce7fd18c6f454f82cbbbb07121eed956b965,a3dd757a7e1721db5c67faa44596bb78d690e380a2fa794b2484b8f014fe0db1,228.21068075657305,227.42152308999994,267.99240936,270.54252166,A>B,A<B,reversal,True,False,False,38,38,38,22,CAPACITANCE_ERROR;OMITTED_LOGIC_ERROR,capacitance,267.07501995999996,269.8618259799999,A<B,high for saved field algebra; physical activity cause beyond excluded cone remains bounded,9d9103027918b1d4af2b209e6d36133ad82d4a4e,2026-10-03T04:23:18.967671+00:00,candidate_stateful/depth=3/baseline=9d910302,python scripts/pact_h8_rootcause.py report,9a635a8521a2afb3ba65623f0c4aa578aec0fdcf0f87bb58d282ff7781fb5d66;d21477ab9388b3d22c762b80991d75785a40b6daf35c48dfd5363febda3a7db8
s15850,PACT,f3e118a35e7b,4a82d24ea6465f7b68ceec9c84d883e17fd53ed29d3135093927ac7d227848ce,f3e118a35e7ba33881c8d2855e6348525823f33056594a27f11b07b55738b70d,227.42152308999994,227.42152308999994,277.05018914,271.85137775000004,tie,A>B,predicted_tie,True,False,False,38,38,10,22,CAPACITANCE_ERROR;OMITTED_LOGIC_ERROR,omitted,276.97212221999996,270.36400381999994,A>B,high for saved field algebra; physical activity cause beyond excluded cone remains bounded,9d9103027918b1d4af2b209e6d36133ad82d4a4e,2026-10-03T04:23:18.967671+00:00,candidate_stateful/depth=3/baseline=9d910302,python scripts/pact_h8_rootcause.py report,558892a8b517e12d5a8fecdc58103de1580607550cf12856c2fc9f8a315a8ecd;c4ab80f6c2484f2147264452237786de0f6f0d9873bb2a7a8c6e615ddc8c2172
s15850,PACT,a3dd757a7e17,4a82d24ea6465f7b68ceec9c84d883e17fd53ed29d3135093927ac7d227848ce,a3dd757a7e1721db5c67faa44596bb78d690e380a2fa794b2484b8f014fe0db1,227.42152308999994,227.42152308999994,277.05018914,270.54252166,tie,A>B,predicted_tie,True,False,False,38,38,10,22,CAPACITANCE_ERROR;OMITTED_LOGIC_ERROR,omitted,276.97212221999996,269.8618259799999,A>B,high for saved field algebra; physical activity cause beyond excluded cone remains bounded,9d9103027918b1d4af2b209e6d36133ad82d4a4e,2026-10-03T04:23:18.967671+00:00,candidate_stateful/depth=3/baseline=9d910302,python scripts/pact_h8_rootcause.py report,558892a8b517e12d5a8fecdc58103de1580607550cf12856c2fc9f8a315a8ecd;d21477ab9388b3d22c762b80991d75785a40b6daf35c48dfd5363febda3a7db8
s15850,e14689c97ca5,5d90e5faf9dc,e14689c97ca5454cd0c46f98a4328713eca058aece7c6a6229b25f6c0fb2075b,5d90e5faf9dcfb7f820a641638cc06c83c19ac634534c5aa75c4cedda6f5a38e,229.2901064499999,230.27477095999996,277.68177090999995,277.4584244300001,A<B,A>B,reversal,False,False,False,38,38,10,10,CAPACITANCE_ERROR;OMITTED_LOGIC_ERROR,omitted,277.5980319899999,277.29014714999994,A>B,high for saved field algebra; physical activity cause beyond excluded cone remains bounded,9d9103027918b1d4af2b209e6d36133ad82d4a4e,2026-10-03T04:23:18.967671+00:00,candidate_stateful/depth=3/baseline=9d910302,python scripts/pact_h8_rootcause.py report,3cf4616092c3491eb3e8b650c7b3db26fbd0389c0f0c8475f323d0dce4d05368;9c0e5befc0de8fc80a3faf3c7e68fc03602f4bcce90b5fcc7e848db9b1d288b3
s15850,e14689c97ca5,f47e6837c4da,e14689c97ca5454cd0c46f98a4328713eca058aece7c6a6229b25f6c0fb2075b,f47e6837c4dacd553187a3ee88d5e8aff729a45b9375e10a8eeac2817177a93e,229.2901064499999,230.27477095999996,277.68177090999995,277.56902686,A<B,A>B,reversal,False,False,False,38,38,10,10,CAPACITANCE_ERROR;OMITTED_LOGIC_ERROR,omitted,277.5980319899999,277.69025486,A<B,high for saved field algebra; physical activity cause beyond excluded cone remains bounded,9d9103027918b1d4af2b209e6d36133ad82d4a4e,2026-10-03T04:23:18.967671+00:00,candidate_stateful/depth=3/baseline=9d910302,python scripts/pact_h8_rootcause.py report,3cf4616092c3491eb3e8b650c7b3db26fbd0389c0f0c8475f323d0dce4d05368;a95bcd106320145b3b358ff2db74e6087f68fba507031c99e8ccd0e68f07ddf7
s15850,f3e118a35e7b,a3dd757a7e17,f3e118a35e7ba33881c8d2855e6348525823f33056594a27f11b07b55738b70d,a3dd757a7e1721db5c67faa44596bb78d690e380a2fa794b2484b8f014fe0db1,227.42152308999994,227.42152308999994,271.85137775000004,270.54252166,tie,A>B,predicted_tie,True,False,False,38,38,22,22,CAPACITANCE_ERROR;OMITTED_LOGIC_ERROR,omitted,270.36400381999994,269.8618259799999,A>B,high for saved field algebra; physical activity cause beyond excluded cone remains bounded,9d9103027918b1d4af2b209e6d36133ad82d4a4e,2026-10-03T04:23:18.967671+00:00,candidate_stateful/depth=3/baseline=9d910302,python scripts/pact_h8_rootcause.py report,c4ab80f6c2484f2147264452237786de0f6f0d9873bb2a7a8c6e615ddc8c2172;d21477ab9388b3d22c762b80991d75785a40b6daf35c48dfd5363febda3a7db8
s15850,630da6943398,a3dd757a7e17,630da694339881c078b0fb601a1b9a157c71f493fa59c66751fa6750e5eeb36d,a3dd757a7e1721db5c67faa44596bb78d690e380a2fa794b2484b8f014fe0db1,226.95343188999996,227.42152308999994,271.53738544,270.54252166,A<B,A>B,reversal,True,True,False,38,38,22,22,CAPACITANCE_ERROR;OMITTED_LOGIC_ERROR,omitted,269.83279287,269.8618259799999,A<B,high for saved field algebra; physical activity cause beyond excluded cone remains bounded,9d9103027918b1d4af2b209e6d36133ad82d4a4e,2026-10-03T04:23:18.967671+00:00,candidate_stateful/depth=3/baseline=9d910302,python scripts/pact_h8_rootcause.py report,a77c7e5e36ab6fc091c7f599be7252c927da9a2c768263761e422f0aa970789a;d21477ab9388b3d22c762b80991d75785a40b6daf35c48dfd5363febda3a7db8
s15850,5d90e5faf9dc,f47e6837c4da,5d90e5faf9dcfb7f820a641638cc06c83c19ac634534c5aa75c4cedda6f5a38e,f47e6837c4dacd553187a3ee88d5e8aff729a45b9375e10a8eeac2817177a93e,230.27477095999996,230.27477095999996,277.4584244300001,277.56902686,tie,A<B,predicted_tie,False,False,True,38,38,10,10,CAPACITANCE_ERROR;OMITTED_LOGIC_ERROR,capacitance,277.29014714999994,277.69025486,A<B,high for saved field algebra; physical activity cause beyond excluded cone remains bounded,9d9103027918b1d4af2b209e6d36133ad82d4a4e,2026-10-03T04:23:18.967671+00:00,candidate_stateful/depth=3/baseline=9d910302,python scripts/pact_h8_rootcause.py report,9c0e5befc0de8fc80a3faf3c7e68fc03602f4bcce90b5fcc7e848db9b1d288b3;a95bcd106320145b3b358ff2db74e6087f68fba507031c99e8ccd0e68f07ddf7
s5378,PACT,42dfdefa6950,7c9e378ead24878ac991a74f16f6365e2ea867a6309ece4f7362ca7abf935ff9,42dfdefa69502dd9c3716d9b2d7a0bf79d48be347a1e8786750551db65ff0db9,158.29180111450475,158.29180111450475,167.80267391,167.98560424000001,tie,A<B,predicted_tie,False,False,False,18,18,18,18,CAPACITANCE_ERROR;OMITTED_LOGIC_ERROR,capacitance,167.95419751000003,168.14223823999998,A<B,high for saved field algebra; physical activity cause beyond excluded cone remains bounded,9d9103027918b1d4af2b209e6d36133ad82d4a4e,2026-10-03T04:23:18.967671+00:00,candidate_stateful/depth=3/baseline=9d910302,python scripts/pact_h8_rootcause.py report,de2b667aa8461aa11109cc79862e5700ccc6d2900f122c24f2a4f434d7423b0f;caa9328bafe38708f9fd20a880ce5a8279251b1686c830f2854d30caca45d18b
s5378,PACT,b2614a3a06b3,7c9e378ead24878ac991a74f16f6365e2ea867a6309ece4f7362ca7abf935ff9,b2614a3a06b35038b1a94d9315b9dbd91df65b837a4421f12ec12e6c3c3286ac,158.29180111450475,158.29180111450475,167.80267391,167.09948718,tie,A>B,predicted_tie,False,False,False,18,18,18,18,CAPACITANCE_ERROR;OMITTED_LOGIC_ERROR,capacitance,167.95419751000003,167.11665941,A>B,high for saved field algebra; physical activity cause beyond excluded cone remains bounded,9d9103027918b1d4af2b209e6d36133ad82d4a4e,2026-10-03T04:23:18.967671+00:00,candidate_stateful/depth=3/baseline=9d910302,python scripts/pact_h8_rootcause.py report,de2b667aa8461aa11109cc79862e5700ccc6d2900f122c24f2a4f434d7423b0f;3b6e0a5d0e2d46a2fcef84ea8aaa9229ccdbfbf9b2746a68738af4e8974184d5
s5378,b5c4710dcf54,c11dfeee8d44,b5c4710dcf54de1707ac603e6f5ede702976052b399c80e0b007719cb9cf3f16,c11dfeee8d449781c780160151a7d1fb97bfdf4d6675e42ee864ffb7f5e7d31c,168.88923352,163.72011522000005,177.51051808,177.66671916999994,A>B,A<B,reversal,True,False,False,18,18,18,18,CAPACITANCE_ERROR;OMITTED_LOGIC_ERROR,omitted,177.54110617999999,177.63999557,A<B,high for saved field algebra; physical activity cause beyond excluded cone remains bounded,9d9103027918b1d4af2b209e6d36133ad82d4a4e,2026-10-03T04:23:18.967671+00:00,candidate_stateful/depth=3/baseline=9d910302,python scripts/pact_h8_rootcause.py report,cc11e4623085b2eb6b66acb2f1a686df3214aaf33f4313a70c161f6bc95f0357;defb4d0116afe286426b29a14b0909f4815e7377f230d641b1ecb58ef4728d63
s5378,42dfdefa6950,b2614a3a06b3,42dfdefa69502dd9c3716d9b2d7a0bf79d48be347a1e8786750551db65ff0db9,b2614a3a06b35038b1a94d9315b9dbd91df65b837a4421f12ec12e6c3c3286ac,158.29180111450475,158.29180111450475,167.98560424000001,167.09948718,tie,A>B,predicted_tie,False,False,True,18,18,18,18,CAPACITANCE_ERROR;OMITTED_LOGIC_ERROR,capacitance,168.14223823999998,167.11665941,A>B,high for saved field algebra; physical activity cause beyond excluded cone remains bounded,9d9103027918b1d4af2b209e6d36133ad82d4a4e,2026-10-03T04:23:18.967671+00:00,candidate_stateful/depth=3/baseline=9d910302,python scripts/pact_h8_rootcause.py report,caa9328bafe38708f9fd20a880ce5a8279251b1686c830f2854d30caca45d18b;3b6e0a5d0e2d46a2fcef84ea8aaa9229ccdbfbf9b2746a68738af4e8974184d5
