design,method,architecture_hash,architecture_path,roles,selected,representative,status,FF_count,K,predicted_E,predicted_H8,predicted_H4,method_display,routed_scan_path_cost_um,measured_E,measured_H4,measured_H8,H4_peak_bin,H4_peak_cycle,H8_peak_bin,H8_peak_cycle,DRC,setup_WNS_ns,setup_TNS_ns,hold_WNS_ns,hold_TNS_ns,setup_violated_endpoints,hold_violated_endpoints,timing_stage,topology_qualification,functional_qualification,FF_transition_qualification,route_reused,measurement_reused,route_report,activity_summary,failure_stage,failure_reason,total_detailed_route_wirelength_um,global_route_wirelength_um,exact_scan_only_routed_length_um,global_route_overflow,congestion,layer_utilization,all_data_ground_pin_capacitance_fF,scan_data_ground_pin_capacitance_fF,all_data_incident_coupling_fF,all_data_transitions,scan_data_transitions,scan_data_E,scan_data_H4,scan_data_H8,patterns,shift_cycles,missing_static_capacitance_nets,capacitance_table,spatial_bins
s5378,B0,ae86d9068718134a0016c7dc484716e3e4439c0978f5cfcdef79c037ac566f86,/mnt/c/Users/Abhinav/OneDrive/Desktop/PACT/PACT/results/pact_oss_benchmark/stage_a/canonical/s5378/B0/ae86d9068718134a0016c7dc484716e3e4439c0978f5cfcdef79c037ac566f86.json,reference,True,True,QUALIFIED,179,2,,,,B0,5130.94,19692790.21686756,396.15099358,182.44628689,5,15194,18,8369,0,9.08093,0,0.00274569,0,0,0,global_route,PASS,PASS,PASS,False,False,/mnt/d/PACT_EXPERIMENTS/tmp/pact_oss_20261003/topology_recovery_20261004/stage_a/routes/s5378/ae86d9068718134a0016c7dc484716e3e4439c0978f5cfcdef79c037ac566f86/route_result.json,/mnt/d/PACT_EXPERIMENTS/tmp/pact_oss_20261003/topology_recovery_20261004/stage_a/measurement/ae86d9068718134a0016c7dc484716e3e4439c0978f5cfcdef79c037ac566f86/s5378/ae86d9068718/activity_summary.json,,,26639,40680,,,,{},6980.67443342,2239.98201229,1275.09378017858,5211133.0,1905504.0,11285134.228387918,318.4674204,136.6347546,117,21060,0,/mnt/d/PACT_EXPERIMENTS/tmp/pact_oss_20261003/topology_recovery_20261004/stage_a/measurement/ae86d9068718134a0016c7dc484716e3e4439c0978f5cfcdef79c037ac566f86/s5378/ae86d9068718/net_activity_capacitance.csv,/mnt/d/PACT_EXPERIMENTS/tmp/pact_oss_20261003/topology_recovery_20261004/stage_a/measurement/ae86d9068718134a0016c7dc484716e3e4439c0978f5cfcdef79c037ac566f86/s5378/ae86d9068718/spatial_bins.json
s5378,B1,c8c27dc62915a502b882d8e0a6d8dc3632b6de93fdddf658607c3e84f475928b,/mnt/c/Users/Abhinav/OneDrive/Desktop/PACT/PACT/results/pact_oss_benchmark/stage_a/canonical/s5378/B1/c8c27dc62915a502b882d8e0a6d8dc3632b6de93fdddf658607c3e84f475928b.json,single_solution,True,True,QUALIFIED,179,2,,,,B1,5189.24,19111776.58210786,442.66200516,190.43004283,5,14669,18,14669,0,9.08788,0,0.00270985,0,0,0,global_route,PASS,PASS,PASS,False,False,/mnt/d/PACT_EXPERIMENTS/tmp/pact_oss_20261003/topology_recovery_20261004/stage_a/routes/s5378/c8c27dc62915a502b882d8e0a6d8dc3632b6de93fdddf658607c3e84f475928b/route_result.json,/mnt/d/PACT_EXPERIMENTS/tmp/pact_oss_20261003/topology_recovery_20261004/stage_a/measurement/c8c27dc62915a502b882d8e0a6d8dc3632b6de93fdddf658607c3e84f475928b/s5378/c8c27dc62915/activity_summary.json,,,26692,40800,,,,{},6980.56541627,2245.27565017,1281.11176414355,5025226.0,1827865.0,10948072.35001598,330.16631362999993,145.55269727,117,21060,0,/mnt/d/PACT_EXPERIMENTS/tmp/pact_oss_20261003/topology_recovery_20261004/stage_a/measurement/c8c27dc62915a502b882d8e0a6d8dc3632b6de93fdddf658607c3e84f475928b/s5378/c8c27dc62915/net_activity_capacitance.csv,/mnt/d/PACT_EXPERIMENTS/tmp/pact_oss_20261003/topology_recovery_20261004/stage_a/measurement/c8c27dc62915a502b882d8e0a6d8dc3632b6de93fdddf658607c3e84f475928b/s5378/c8c27dc62915/spatial_bins.json
s5378,P0,c4eabc41cb50cae503f52eb2deae1101321804849abf1dab0dc8b97e58f90bb5,/mnt/c/Users/Abhinav/OneDrive/Desktop/PACT/PACT/results/pact_oss_benchmark/stage_a/canonical/s5378/P0/c4eabc41cb50cae503f52eb2deae1101321804849abf1dab0dc8b97e58f90bb5.json,,False,False,QUALIFIED,179,2,15056083.349300602,181.74554352000004,379.2362397751185,P0,5163.83,18117570.82704064,420.45981973999994,195.02158707,5,17729,18,15579,0,9.08666,0,0.002729,0,0,0,global_route,PASS,PASS,PASS,True,True,/mnt/c/Users/Abhinav/OneDrive/Desktop/PACT/PACT/results/pact_v2/routes/s5378/c4eabc41cb50cae503f52eb2deae1101321804849abf1dab0dc8b97e58f90bb5/route_result.json,/mnt/c/Users/Abhinav/OneDrive/Desktop/PACT/PACT/results/pact_v2/measurement/s5378/c4eabc41cb50/activity_summary.json,,,26657,40717,,,,{},6984.4887831,2243.61430535,1270.28077099295,4868181.0,1695864.0,10005225.34016513,305.54875237,146.26684455,117,21060,0,/mnt/c/Users/Abhinav/OneDrive/Desktop/PACT/PACT/results/pact_v2/measurement/s5378/c4eabc41cb50/net_activity_capacitance.csv,/mnt/c/Users/Abhinav/OneDrive/Desktop/PACT/PACT/results/pact_v2/measurement/s5378/c4eabc41cb50/spatial_bins.json
s5378,P0,b5c4710dcf54de1707ac603e6f5ede702976052b399c80e0b007719cb9cf3f16,/mnt/c/Users/Abhinav/OneDrive/Desktop/PACT/PACT/results/pact_oss_benchmark/stage_a/canonical/s5378/P0/b5c4710dcf54de1707ac603e6f5ede702976052b399c80e0b007719cb9cf3f16.json,physical_extreme;balanced,True,True,QUALIFIED,179,2,15334274.093367571,168.88923352000003,400.9069086359741,P0,5141.0,18425596.54384748,425.2751113,177.51051808,5,12686,18,15579,0,9.08665,0,0.0027494,0,0,0,global_route,PASS,PASS,PASS,True,True,/mnt/c/Users/Abhinav/OneDrive/Desktop/PACT/PACT/results/pact_v2/routes/s5378/b5c4710dcf54de1707ac603e6f5ede702976052b399c80e0b007719cb9cf3f16/route_result.json,/mnt/c/Users/Abhinav/OneDrive/Desktop/PACT/PACT/results/pact_v2/measurement/s5378/b5c4710dcf54/activity_summary.json,,,26660,40820,,,,{},6983.16766781,2241.71466259,1278.86547857198,4939146.0,1731259.0,10228419.067696651,303.71877739999996,146.17846878,117,21060,0,/mnt/c/Users/Abhinav/OneDrive/Desktop/PACT/PACT/results/pact_v2/measurement/s5378/b5c4710dcf54/net_activity_capacitance.csv,/mnt/c/Users/Abhinav/OneDrive/Desktop/PACT/PACT/results/pact_v2/measurement/s5378/b5c4710dcf54/spatial_bins.json
s5378,P0,3b627d8af4f2c34c3bcf71a0822d2b8a612e01fe06e766beda14a95854bd11d9,/mnt/c/Users/Abhinav/OneDrive/Desktop/PACT/PACT/results/pact_oss_benchmark/stage_a/canonical/s5378/P0/3b627d8af4f2c34c3bcf71a0822d2b8a612e01fe06e766beda14a95854bd11d9.json,,False,False,QUALIFIED,179,2,14532684.077312436,173.63641836838065,375.05099279562205,P0,5180.895,17484807.96296691,431.84621473,181.82719387,5,17729,18,17729,0,9.08665,0,0.00270933,0,0,0,global_route,PASS,PASS,PASS,True,True,/mnt/c/Users/Abhinav/OneDrive/Desktop/PACT/PACT/results/pact_v2/routes/s5378/3b627d8af4f2c34c3bcf71a0822d2b8a612e01fe06e766beda14a95854bd11d9/route_result.json,/mnt/c/Users/Abhinav/OneDrive/Desktop/PACT/PACT/results/pact_v2/measurement/s5378/3b627d8af4f2/activity_summary.json,,,26688,40780,,,,{},6982.66838829,2243.21786799,1280.91442300017,4711279.0,1626016.0,9596240.308031231,298.93717831000004,147.35312193,117,21060,0,/mnt/c/Users/Abhinav/OneDrive/Desktop/PACT/PACT/results/pact_v2/measurement/s5378/3b627d8af4f2/net_activity_capacitance.csv,/mnt/c/Users/Abhinav/OneDrive/Desktop/PACT/PACT/results/pact_v2/measurement/s5378/3b627d8af4f2/spatial_bins.json
s5378,P0,c11dfeee8d449781c780160151a7d1fb97bfdf4d6675e42ee864ffb7f5e7d31c,/mnt/c/Users/Abhinav/OneDrive/Desktop/PACT/PACT/results/pact_oss_benchmark/stage_a/canonical/s5378/P0/c11dfeee8d449781c780160151a7d1fb97bfdf4d6675e42ee864ffb7f5e7d31c.json,,False,False,QUALIFIED,179,2,15431644.210381463,163.72011522000003,378.51992476659774,P0,5166.17,18542313.18996322,410.11389859999997,177.66671917,5,15389,18,6388,0,9.08665,0,0.00274897,0,0,0,global_route,PASS,PASS,PASS,True,True,/mnt/c/Users/Abhinav/OneDrive/Desktop/PACT/PACT/results/pact_candidate_sensitive/routes/s5378/c11dfeee8d449781c780160151a7d1fb97bfdf4d6675e42ee864ffb7f5e7d31c/route_result.json,/mnt/c/Users/Abhinav/OneDrive/Desktop/PACT/PACT/results/pact_candidate_sensitive/measurement/s5378/c11dfeee8d44/activity_summary.json,,,26695,40840,,,,{},6986.69663751,2244.22741269,1268.97690345197,4963310.0,1739081.0,10294887.89342618,313.79593300000005,138.02036334000002,117,21060,0,/mnt/c/Users/Abhinav/OneDrive/Desktop/PACT/PACT/results/pact_candidate_sensitive/measurement/s5378/c11dfeee8d44/net_activity_capacitance.csv,/mnt/c/Users/Abhinav/OneDrive/Desktop/PACT/PACT/results/pact_candidate_sensitive/measurement/s5378/c11dfeee8d44/spatial_bins.json
s5378,P0,b72833ffdd2bea7e2cfdb313767af85f5ab47835b13d56822b42ca6736040808,/mnt/c/Users/Abhinav/OneDrive/Desktop/PACT/PACT/results/pact_oss_benchmark/stage_a/canonical/s5378/P0/b72833ffdd2bea7e2cfdb313767af85f5ab47835b13d56822b42ca6736040808.json,,False,False,QUALIFIED,179,2,15553871.38135027,161.81966871999998,385.38902032946567,P0,5160.915,18688484.8736932,414.46281887,174.55034231000002,5,17729,18,18629,0,9.0867,0,0.00274956,0,0,0,global_route,PASS,PASS,PASS,True,True,/mnt/c/Users/Abhinav/OneDrive/Desktop/PACT/PACT/results/pact_candidate_sensitive/routes/s5378/b72833ffdd2bea7e2cfdb313767af85f5ab47835b13d56822b42ca6736040808/route_result.json,/mnt/c/Users/Abhinav/OneDrive/Desktop/PACT/PACT/results/pact_candidate_sensitive/measurement/s5378/b72833ffdd2b/activity_summary.json,,,26655,40777,,,,{},6986.7170939,2241.3184199,1264.77028445253,5000966.0,1754555.0,10378918.042507809,306.39050698,141.91453242,117,21060,0,/mnt/c/Users/Abhinav/OneDrive/Desktop/PACT/PACT/results/pact_candidate_sensitive/measurement/s5378/b72833ffdd2b/net_activity_capacitance.csv,/mnt/c/Users/Abhinav/OneDrive/Desktop/PACT/PACT/results/pact_candidate_sensitive/measurement/s5378/b72833ffdd2b/spatial_bins.json
s5378,P0,ec2f6ca066b2f72430c878dec79157da6f8f3d39f268bcd905a66e500da7e67b,/mnt/c/Users/Abhinav/OneDrive/Desktop/PACT/PACT/results/pact_oss_benchmark/stage_a/canonical/s5378/P0/ec2f6ca066b2f72430c878dec79157da6f8f3d39f268bcd905a66e500da7e67b.json,,False,False,UNIMPLEMENTED,179,2,15739946.9567477,158.2918011145048,385.8090198543408,P0,,,,,,,,,,,,,,,,global_route,,,,,,,,,,,,,,,,,,,,,,,,,,,,
s5378,P0,42dfdefa69502dd9c3716d9b2d7a0bf79d48be347a1e8786750551db65ff0db9,/mnt/c/Users/Abhinav/OneDrive/Desktop/PACT/PACT/results/pact_oss_benchmark/stage_a/canonical/s5378/P0/42dfdefa69502dd9c3716d9b2d7a0bf79d48be347a1e8786750551db65ff0db9.json,H8_extreme,True,False,QUALIFIED,179,2,15503707.875155125,158.2918011145048,380.3535427743408,P0,5180.62,18468794.21907349,424.7583499500001,167.98560424000001,5,6401,18,4410,0,9.08654,0,0.00271005,0,0,0,global_route,PASS,PASS,PASS,True,True,/mnt/c/Users/Abhinav/OneDrive/Desktop/PACT/PACT/results/pact_candidate_stateful/routes/s5378/42dfdefa69502dd9c3716d9b2d7a0bf79d48be347a1e8786750551db65ff0db9/route_result.json,/mnt/c/Users/Abhinav/OneDrive/Desktop/PACT/PACT/results/pact_candidate_stateful/measurement/s5378/42dfdefa6950/activity_summary.json,,,26717,40732,,,,{},6982.23258238,2244.23979666,1280.97024324302,4934116.0,1756011.0,10430569.182055961,323.79694437999996,139.63793668999998,117,21060,0,/mnt/c/Users/Abhinav/OneDrive/Desktop/PACT/PACT/results/pact_candidate_stateful/measurement/s5378/42dfdefa6950/net_activity_capacitance.csv,/mnt/c/Users/Abhinav/OneDrive/Desktop/PACT/PACT/results/pact_candidate_stateful/measurement/s5378/42dfdefa6950/spatial_bins.json
s5378,P0,b2614a3a06b35038b1a94d9315b9dbd91df65b837a4421f12ec12e6c3c3286ac,/mnt/c/Users/Abhinav/OneDrive/Desktop/PACT/PACT/results/pact_oss_benchmark/stage_a/canonical/s5378/P0/b2614a3a06b35038b1a94d9315b9dbd91df65b837a4421f12ec12e6c3c3286ac.json,,False,False,QUALIFIED,179,2,15492364.685423918,158.2918011145048,380.3535427743408,P0,5168.53,18445321.609075524,424.38829133,167.09948718,5,6401,18,4410,0,9.08656,0,0.00272901,0,0,0,global_route,PASS,PASS,PASS,True,True,/mnt/c/Users/Abhinav/OneDrive/Desktop/PACT/PACT/results/pact_candidate_stateful/routes/s5378/b2614a3a06b35038b1a94d9315b9dbd91df65b837a4421f12ec12e6c3c3286ac/route_result.json,/mnt/c/Users/Abhinav/OneDrive/Desktop/PACT/PACT/results/pact_candidate_stateful/measurement/s5378/b2614a3a06b3/activity_summary.json,,,26699,40726,,,,{},6984.53919721,2244.51544398,1274.63157091713,4923280.0,1755061.0,10428233.38095637,323.54224156,139.11835616000002,117,21060,0,/mnt/c/Users/Abhinav/OneDrive/Desktop/PACT/PACT/results/pact_candidate_stateful/measurement/s5378/b2614a3a06b3/net_activity_capacitance.csv,/mnt/c/Users/Abhinav/OneDrive/Desktop/PACT/PACT/results/pact_candidate_stateful/measurement/s5378/b2614a3a06b3/spatial_bins.json
s9234,B0,3cbfe6e3d55be494743cb263dedb95c916791638592d28c70d6440c31b05f316,/mnt/c/Users/Abhinav/OneDrive/Desktop/PACT/PACT/results/pact_oss_benchmark/stage_a/canonical/s9234/B0/3cbfe6e3d55be494743cb263dedb95c916791638592d28c70d6440c31b05f316.json,reference,True,True,QUALIFIED,211,2,,,,B0,13480.005,44256078.66331679,513.02467684,201.29790885,9,21941,43,5830,0,8.75295,0,0.000634312,0,0,0,global_route,PASS,PASS,PASS,False,False,/mnt/d/PACT_EXPERIMENTS/tmp/pact_oss_20261003/topology_recovery_20261004/stage_a/routes/s9234/3cbfe6e3d55be494743cb263dedb95c916791638592d28c70d6440c31b05f316/route_result.json,/mnt/d/PACT_EXPERIMENTS/tmp/pact_oss_20261003/topology_recovery_20261004/stage_a/measurement/3cbfe6e3d55be494743cb263dedb95c916791638592d28c70d6440c31b05f316/s9234/3cbfe6e3d55b/activity_summary.json,,,40206,59080,,,,{},8657.60241356,2814.21186662,1886.48450513912,12791108.0,3073208.0,23951120.216592535,404.50404537,185.25688545,156,33072,0,/mnt/d/PACT_EXPERIMENTS/tmp/pact_oss_20261003/topology_recovery_20261004/stage_a/measurement/3cbfe6e3d55be494743cb263dedb95c916791638592d28c70d6440c31b05f316/s9234/3cbfe6e3d55b/net_activity_capacitance.csv,/mnt/d/PACT_EXPERIMENTS/tmp/pact_oss_20261003/topology_recovery_20261004/stage_a/measurement/3cbfe6e3d55be494743cb263dedb95c916791638592d28c70d6440c31b05f316/s9234/3cbfe6e3d55b/spatial_bins.json
s9234,B1,fac8217b9c2c39822d955a49b8addc3304d6caa5b81db595faf640bd5c4a52bd,/mnt/c/Users/Abhinav/OneDrive/Desktop/PACT/PACT/results/pact_oss_benchmark/stage_a/canonical/s9234/B1/fac8217b9c2c39822d955a49b8addc3304d6caa5b81db595faf640bd5c4a52bd.json,single_solution,True,True,QUALIFIED,211,2,,,,B1,10970.96,40301093.58636739,504.12686734999994,202.00729144000002,9,14502,43,28712,0,8.74611,0,0.000755174,0,0,0,global_route,PASS,PASS,PASS,False,False,/mnt/d/PACT_EXPERIMENTS/tmp/pact_oss_20261003/topology_recovery_20261004/stage_a/routes/s9234/fac8217b9c2c39822d955a49b8addc3304d6caa5b81db595faf640bd5c4a52bd/route_result.json,/mnt/d/PACT_EXPERIMENTS/tmp/pact_oss_20261003/topology_recovery_20261004/stage_a/measurement/fac8217b9c2c39822d955a49b8addc3304d6caa5b81db595faf640bd5c4a52bd/s9234/fac8217b9c2c/activity_summary.json,,,37590,56572,,,,{},8481.168104855,2647.170889805,1772.6900100696,12065655.0,2907883.0,21302962.878195122,376.47964979,186.99491919000002,156,33072,0,/mnt/d/PACT_EXPERIMENTS/tmp/pact_oss_20261003/topology_recovery_20261004/stage_a/measurement/fac8217b9c2c39822d955a49b8addc3304d6caa5b81db595faf640bd5c4a52bd/s9234/fac8217b9c2c/net_activity_capacitance.csv,/mnt/d/PACT_EXPERIMENTS/tmp/pact_oss_20261003/topology_recovery_20261004/stage_a/measurement/fac8217b9c2c39822d955a49b8addc3304d6caa5b81db595faf640bd5c4a52bd/s9234/fac8217b9c2c/spatial_bins.json
s9234,P0,53bb5b0187583971d057dc111c46dc7030affedc25dbfe294a9455251ddc6fe5,/mnt/c/Users/Abhinav/OneDrive/Desktop/PACT/PACT/results/pact_oss_benchmark/stage_a/canonical/s9234/P0/53bb5b0187583971d057dc111c46dc7030affedc25dbfe294a9455251ddc6fe5.json,physical_extreme,True,False,QUALIFIED,211,2,28750677.81905308,174.16702338751375,435.3068808500206,P0,10564.785,39092514.56733458,501.99701173700004,190.57280540000002,9,30633,35,21919,0,8.74453,0,0.000690004,0,0,0,global_route,PASS,PASS,PASS,True,True,/mnt/c/Users/Abhinav/OneDrive/Desktop/PACT/PACT/results/pact_v2/routes/s9234/53bb5b0187583971d057dc111c46dc7030affedc25dbfe294a9455251ddc6fe5/route_result.json,/mnt/c/Users/Abhinav/OneDrive/Desktop/PACT/PACT/results/pact_v2/measurement/s9234/53bb5b018758/activity_summary.json,,,37275,56173,,,,{},8465.526999962,2629.303157512,1732.1893518229,11730061.0,2812139.0,20497365.87797615,391.031678137,171.192657037,156,33072,0,/mnt/c/Users/Abhinav/OneDrive/Desktop/PACT/PACT/results/pact_v2/measurement/s9234/53bb5b018758/net_activity_capacitance.csv,/mnt/c/Users/Abhinav/OneDrive/Desktop/PACT/PACT/results/pact_v2/measurement/s9234/53bb5b018758/spatial_bins.json
s9234,P0,797aff0b91f6ad122de840678b76b5969b4c0db00dbedfa78d2884fc75a5ddc2,/mnt/c/Users/Abhinav/OneDrive/Desktop/PACT/PACT/results/pact_oss_benchmark/stage_a/canonical/s9234/P0/797aff0b91f6ad122de840678b76b5969b4c0db00dbedfa78d2884fc75a5ddc2.json,balanced,True,True,QUALIFIED,211,2,28114606.379795033,168.87310628163604,431.25866714009,P0,10629.67,38263232.01724315,497.97814373,191.18141026,9,30420,38,2870,0,8.74802,0,0.000690004,0,0,0,global_route,PASS,PASS,PASS,True,True,/mnt/c/Users/Abhinav/OneDrive/Desktop/PACT/PACT/results/pact_v2/routes/s9234/797aff0b91f6ad122de840678b76b5969b4c0db00dbedfa78d2884fc75a5ddc2/route_result.json,/mnt/c/Users/Abhinav/OneDrive/Desktop/PACT/PACT/results/pact_v2/measurement/s9234/797aff0b91f6/activity_summary.json,,,37299,56267,,,,{},8463.45761738,2628.75655867,1750.1781320775701,11506315.0,2741013.0,20004220.36078416,352.04900962,165.46340971,156,33072,0,/mnt/c/Users/Abhinav/OneDrive/Desktop/PACT/PACT/results/pact_v2/measurement/s9234/797aff0b91f6/net_activity_capacitance.csv,/mnt/c/Users/Abhinav/OneDrive/Desktop/PACT/PACT/results/pact_v2/measurement/s9234/797aff0b91f6/spatial_bins.json
s9234,P0,f4bca5652bda0b57f3cb7fd7b31c0228c96465ab7e142b4fb284814b8dd3a223,/mnt/c/Users/Abhinav/OneDrive/Desktop/PACT/PACT/results/pact_oss_benchmark/stage_a/canonical/s9234/P0/f4bca5652bda0b57f3cb7fd7b31c0228c96465ab7e142b4fb284814b8dd3a223.json,,False,False,QUALIFIED,211,2,27424023.515313886,172.31476129281754,454.36984687638574,P0,10631.99,37512213.183488175,528.3257391,190.50310657,9,24694,35,20633,0,8.74266,0,0.000693653,0,0,0,global_route,PASS,PASS,PASS,True,True,/mnt/c/Users/Abhinav/OneDrive/Desktop/PACT/PACT/results/pact_v2/routes/s9234/f4bca5652bda0b57f3cb7fd7b31c0228c96465ab7e142b4fb284814b8dd3a223/route_result.json,/mnt/c/Users/Abhinav/OneDrive/Desktop/PACT/PACT/results/pact_v2/measurement/s9234/f4bca5652bda/activity_summary.json,,,37330,56281,,,,{},8460.26096978,2625.08293406,1771.27653159606,11303917.0,2666205.0,19407155.8489599,379.13641932,169.06987440999998,156,33072,0,/mnt/c/Users/Abhinav/OneDrive/Desktop/PACT/PACT/results/pact_v2/measurement/s9234/f4bca5652bda/net_activity_capacitance.csv,/mnt/c/Users/Abhinav/OneDrive/Desktop/PACT/PACT/results/pact_v2/measurement/s9234/f4bca5652bda/spatial_bins.json
s9234,P0,4d6ff90b2adcf1e133882196914be7899951ae837c00b98734528f8e521b6b40,/mnt/c/Users/Abhinav/OneDrive/Desktop/PACT/PACT/results/pact_oss_benchmark/stage_a/canonical/s9234/P0/4d6ff90b2adcf1e133882196914be7899951ae837c00b98734528f8e521b6b40.json,H8_extreme,True,False,QUALIFIED,211,2,28043520.590081137,162.06390223,407.4937929681041,P0,10671.625,38160460.33086845,485.3680004,192.66414763,9,25527,35,23172,0,8.75045,0,0.000693653,0,0,0,global_route,PASS,PASS,PASS,True,True,/mnt/c/Users/Abhinav/OneDrive/Desktop/PACT/PACT/results/pact_candidate_sensitive/routes/s9234/4d6ff90b2adcf1e133882196914be7899951ae837c00b98734528f8e521b6b40/route_result.json,/mnt/c/Users/Abhinav/OneDrive/Desktop/PACT/PACT/results/pact_candidate_sensitive/measurement/s9234/4d6ff90b2adc/activity_summary.json,,,37352,56273,,,,{},8459.365243253,2628.718484793,1748.09131095989,11468311.0,2731551.0,19942278.642096683,375.68361095,150.72556435,156,33072,0,/mnt/c/Users/Abhinav/OneDrive/Desktop/PACT/PACT/results/pact_candidate_sensitive/measurement/s9234/4d6ff90b2adc/net_activity_capacitance.csv,/mnt/c/Users/Abhinav/OneDrive/Desktop/PACT/PACT/results/pact_candidate_sensitive/measurement/s9234/4d6ff90b2adc/spatial_bins.json
s15850,B0,541edd9b8a402c089751f83af6753d6efd438d9bd803e1309e64bc5fa614d4db,/mnt/c/Users/Abhinav/OneDrive/Desktop/PACT/PACT/results/pact_oss_benchmark/stage_a/canonical/s15850/B0/541edd9b8a402c089751f83af6753d6efd438d9bd803e1309e64bc5fa614d4db.json,reference,True,True,QUALIFIED,534,2,,,,B0,35457.69,178740275.3083163,732.33578205,284.93808087,6,12016,22,23770,0,8.13062,0,0.000848696,0,0,0,global_route,PASS,PASS,PASS,False,False,/mnt/d/PACT_EXPERIMENTS/tmp/pact_oss_20261003/topology_recovery_20261004/stage_a/routes/s15850/541edd9b8a402c089751f83af6753d6efd438d9bd803e1309e64bc5fa614d4db/route_result.json,/mnt/d/PACT_EXPERIMENTS/tmp/pact_oss_20261003/topology_recovery_20261004/stage_a/measurement/541edd9b8a402c089751f83af6753d6efd438d9bd803e1309e64bc5fa614d4db/s15850/541edd9b8a40/activity_summary.json,,,91376,129333,,,,{},17238.24212305,5223.37307531,4530.95415792062,53522709.0,12872068.0,88542836.695155,434.13179912,151.62398855,133,71022,0,/mnt/d/PACT_EXPERIMENTS/tmp/pact_oss_20261003/topology_recovery_20261004/stage_a/measurement/541edd9b8a402c089751f83af6753d6efd438d9bd803e1309e64bc5fa614d4db/s15850/541edd9b8a40/net_activity_capacitance.csv,/mnt/d/PACT_EXPERIMENTS/tmp/pact_oss_20261003/topology_recovery_20261004/stage_a/measurement/541edd9b8a402c089751f83af6753d6efd438d9bd803e1309e64bc5fa614d4db/s15850/541edd9b8a40/spatial_bins.json
s15850,B1,24124a8d821b7a19ffb08cc72b90c6bbf44713b1eb4bb5812809ec988bec6f2b,/mnt/c/Users/Abhinav/OneDrive/Desktop/PACT/PACT/results/pact_oss_benchmark/stage_a/canonical/s15850/B1/24124a8d821b7a19ffb08cc72b90c6bbf44713b1eb4bb5812809ec988bec6f2b.json,single_solution,True,True,QUALIFIED,534,2,,,,B1,24616.24,159775270.3442518,662.37571772,275.59167749,7,48914,22,9887,0,8.13157,0,0.000560024,0,0,0,global_route,PASS,PASS,PASS,False,False,/mnt/d/PACT_EXPERIMENTS/tmp/pact_oss_20261003/topology_recovery_20261004/stage_a/routes/s15850/24124a8d821b7a19ffb08cc72b90c6bbf44713b1eb4bb5812809ec988bec6f2b/route_result.json,/mnt/d/PACT_EXPERIMENTS/tmp/pact_oss_20261003/topology_recovery_20261004/stage_a/measurement/24124a8d821b7a19ffb08cc72b90c6bbf44713b1eb4bb5812809ec988bec6f2b/s15850/24124a8d821b/activity_summary.json,,,80492,117437,,,,{},16595.449854222,4573.08173001,3692.22631326875,50824204.0,12525487.0,75552107.21401644,438.17623917000003,150.81638243,133,71022,0,/mnt/d/PACT_EXPERIMENTS/tmp/pact_oss_20261003/topology_recovery_20261004/stage_a/measurement/24124a8d821b7a19ffb08cc72b90c6bbf44713b1eb4bb5812809ec988bec6f2b/s15850/24124a8d821b/net_activity_capacitance.csv,/mnt/d/PACT_EXPERIMENTS/tmp/pact_oss_20261003/topology_recovery_20261004/stage_a/measurement/24124a8d821b7a19ffb08cc72b90c6bbf44713b1eb4bb5812809ec988bec6f2b/s15850/24124a8d821b/spatial_bins.json
s15850,P0,f0ec44569fab2217d7aa9f8dd4bb03a265c3d352c935343052f3505432cea877,/mnt/c/Users/Abhinav/OneDrive/Desktop/PACT/PACT/results/pact_oss_benchmark/stage_a/canonical/s15850/P0/f0ec44569fab2217d7aa9f8dd4bb03a265c3d352c935343052f3505432cea877.json,H8_extreme,True,False,QUALIFIED,534,2,111677162.34758332,222.34449304999998,588.4665648818082,P0,23996.48,159959409.87204003,671.99124077,268.13327584,6,23738,22,65415,0,8.13192,0,0.00129391,0,0,0,global_route,PASS,PASS,PASS,False,False,/mnt/d/PACT_EXPERIMENTS/tmp/pact_oss_20261003/topology_recovery_20261004/stage_a/routes/s15850/f0ec44569fab2217d7aa9f8dd4bb03a265c3d352c935343052f3505432cea877/route_result.json,/mnt/d/PACT_EXPERIMENTS/tmp/pact_oss_20261003/topology_recovery_20261004/stage_a/measurement/f0ec44569fab2217d7aa9f8dd4bb03a265c3d352c935343052f3505432cea877/s15850/f0ec44569fab/activity_summary.json,,,79891,116553,,,,{},16547.35466291,4536.44076026,3676.32353205362,51179465.0,12555518.0,74991068.54275736,413.06831057000005,148.34633466000002,133,71022,0,/mnt/d/PACT_EXPERIMENTS/tmp/pact_oss_20261003/topology_recovery_20261004/stage_a/measurement/f0ec44569fab2217d7aa9f8dd4bb03a265c3d352c935343052f3505432cea877/s15850/f0ec44569fab/net_activity_capacitance.csv,/mnt/d/PACT_EXPERIMENTS/tmp/pact_oss_20261003/topology_recovery_20261004/stage_a/measurement/f0ec44569fab2217d7aa9f8dd4bb03a265c3d352c935343052f3505432cea877/s15850/f0ec44569fab/spatial_bins.json
s15850,P0,e14689c97ca5454cd0c46f98a4328713eca058aece7c6a6229b25f6c0fb2075b,/mnt/c/Users/Abhinav/OneDrive/Desktop/PACT/PACT/results/pact_oss_benchmark/stage_a/canonical/s15850/P0/e14689c97ca5454cd0c46f98a4328713eca058aece7c6a6229b25f6c0fb2075b.json,physical_extreme;balanced,True,True,QUALIFIED,534,2,113079401.8838778,229.2901064499999,550.1202128999998,P0,24123.785,161801741.1514908,697.0192608899999,277.68177090999995,7,69151,10,53132,0,8.13298,0,0.000720257,0,0,0,global_route,PASS,PASS,PASS,True,True,/mnt/c/Users/Abhinav/OneDrive/Desktop/PACT/PACT/results/pact_v2/routes/s15850/e14689c97ca5454cd0c46f98a4328713eca058aece7c6a6229b25f6c0fb2075b/route_result.json,/mnt/c/Users/Abhinav/OneDrive/Desktop/PACT/PACT/results/pact_v2/measurement/s15850/e14689c97ca5/activity_summary.json,,,80075,116767,,,,{},16558.806586914,4540.099939124,3705.9618526215,51599492.0,12590887.0,75308341.57682508,432.83088752,145.64820473,133,71022,0,/mnt/c/Users/Abhinav/OneDrive/Desktop/PACT/PACT/results/pact_v2/measurement/s15850/e14689c97ca5/net_activity_capacitance.csv,/mnt/c/Users/Abhinav/OneDrive/Desktop/PACT/PACT/results/pact_v2/measurement/s15850/e14689c97ca5/spatial_bins.json
s15850,P0,85c45806ebdba292d56ae3edbb76e4548794fe2311d47c31d0c865f587e8f8f6,/mnt/c/Users/Abhinav/OneDrive/Desktop/PACT/PACT/results/pact_oss_benchmark/stage_a/canonical/s15850/P0/85c45806ebdba292d56ae3edbb76e4548794fe2311d47c31d0c865f587e8f8f6.json,,False,False,UNIMPLEMENTED,534,2,113248156.71797176,222.42793155676466,536.2142216299999,P0,,,,,,,,,,,,,,,,global_route,,,,,,,,,,,,,,,,,,,,,,,,,,,,
s15850,P0,5d90e5faf9dcfb7f820a641638cc06c83c19ac634534c5aa75c4cedda6f5a38e,/mnt/c/Users/Abhinav/OneDrive/Desktop/PACT/PACT/results/pact_oss_benchmark/stage_a/canonical/s15850/P0/5d90e5faf9dcfb7f820a641638cc06c83c19ac634534c5aa75c4cedda6f5a38e.json,,False,False,QUALIFIED,534,2,112997593.23591807,230.27477095999993,540.2580397199999,P0,24122.05,161672765.78230205,684.93904911,277.45842443,7,69151,10,53132,0,8.13298,0,0.000720604,0,0,0,global_route,PASS,PASS,PASS,True,True,/mnt/c/Users/Abhinav/OneDrive/Desktop/PACT/PACT/results/pact_candidate_stateful/routes/s15850/5d90e5faf9dcfb7f820a641638cc06c83c19ac634534c5aa75c4cedda6f5a38e/route_result.json,/mnt/c/Users/Abhinav/OneDrive/Desktop/PACT/PACT/results/pact_candidate_stateful/measurement/s15850/5d90e5faf9dc/activity_summary.json,,,80014,116807,,,,{},16555.177160474,4539.8814873540005,3688.14515033924,51568628.0,12579187.0,75237089.90571783,423.69091181,147.59982684,133,71022,0,/mnt/c/Users/Abhinav/OneDrive/Desktop/PACT/PACT/results/pact_candidate_stateful/measurement/s15850/5d90e5faf9dc/net_activity_capacitance.csv,/mnt/c/Users/Abhinav/OneDrive/Desktop/PACT/PACT/results/pact_candidate_stateful/measurement/s15850/5d90e5faf9dc/spatial_bins.json
s15850,P0,f47e6837c4dacd553187a3ee88d5e8aff729a45b9375e10a8eeac2817177a93e,/mnt/c/Users/Abhinav/OneDrive/Desktop/PACT/PACT/results/pact_oss_benchmark/stage_a/canonical/s15850/P0/f47e6837c4dacd553187a3ee88d5e8aff729a45b9375e10a8eeac2817177a93e.json,,False,False,QUALIFIED,534,2,112988404.3150416,230.27477095999993,540.2580397199999,P0,24180.44,161587570.3071371,684.8703870499999,277.56902686,7,69151,10,53132,0,8.13227,0,0.000720604,0,0,0,global_route,PASS,PASS,PASS,True,True,/mnt/c/Users/Abhinav/OneDrive/Desktop/PACT/PACT/results/pact_candidate_stateful/routes/s15850/f47e6837c4dacd553187a3ee88d5e8aff729a45b9375e10a8eeac2817177a93e/route_result.json,/mnt/c/Users/Abhinav/OneDrive/Desktop/PACT/PACT/results/pact_candidate_stateful/measurement/s15850/f47e6837c4da/activity_summary.json,,,80083,116827,,,,{},16560.829026719,4543.167479734,3688.17674181938,51559584.0,12576787.0,75278125.64254324,423.52463538999996,147.49909624000003,133,71022,0,/mnt/c/Users/Abhinav/OneDrive/Desktop/PACT/PACT/results/pact_candidate_stateful/measurement/s15850/f47e6837c4da/net_activity_capacitance.csv,/mnt/c/Users/Abhinav/OneDrive/Desktop/PACT/PACT/results/pact_candidate_stateful/measurement/s15850/f47e6837c4da/spatial_bins.json
s15850,P0,325f1c332e7a3e9d17688e8a89a18d311894e05b393853bd7d06b66db0577c54,/mnt/c/Users/Abhinav/OneDrive/Desktop/PACT/PACT/results/pact_oss_benchmark/stage_a/canonical/s15850/P0/325f1c332e7a3e9d17688e8a89a18d311894e05b393853bd7d06b66db0577c54.json,,False,False,UNIMPLEMENTED,534,2,112957510.10436638,230.66828198999997,534.1765541713573,P0,,,,,,,,,,,,,,,,global_route,,,,,,,,,,,,,,,,,,,,,,,,,,,,
s5378,B2,524e797e930947d722d25f683b74606ed558ee8aee242fe36392eb6c5a583ea5,/mnt/c/Users/Abhinav/OneDrive/Desktop/PACT/PACT/results/pact_oss_benchmark/recovery_20261003/baselines/B2_openroad_10176/s5378/canonical.json,single_solution,True,True,QUALIFIED,179,2,,,,B2,4882.83,19523343.21176149,446.2310466800001,187.25777279000002,5,14669,18,14669,0,9.08788,0,0.00271735,0,0,0,global_route,PASS,PASS,PASS,False,False,/mnt/d/PACT_EXPERIMENTS/tmp/pact_oss_20261003/topology_recovery_20261004/stage_a/routes/s5378/524e797e930947d722d25f683b74606ed558ee8aee242fe36392eb6c5a583ea5/route_result.json,/mnt/d/PACT_EXPERIMENTS/tmp/pact_oss_20261003/topology_recovery_20261004/stage_a/measurement/524e797e930947d722d25f683b74606ed558ee8aee242fe36392eb6c5a583ea5/s5378/524e797e9309/activity_summary.json,,,26439,40418,,,,{},6970.78119042,2225.24329166,1261.27324876365,5187178.0,1852897.0,10998489.71282866,321.43855573999997,146.78872067,117,21060,0,/mnt/d/PACT_EXPERIMENTS/tmp/pact_oss_20261003/topology_recovery_20261004/stage_a/measurement/524e797e930947d722d25f683b74606ed558ee8aee242fe36392eb6c5a583ea5/s5378/524e797e9309/net_activity_capacitance.csv,/mnt/d/PACT_EXPERIMENTS/tmp/pact_oss_20261003/topology_recovery_20261004/stage_a/measurement/524e797e930947d722d25f683b74606ed558ee8aee242fe36392eb6c5a583ea5/s5378/524e797e9309/spatial_bins.json
s9234,B2,045ffbbf9cba85ebc1464d2ddb2f225f9d3d1d1109cf7ef3ab3afd00be474198,/mnt/c/Users/Abhinav/OneDrive/Desktop/PACT/PACT/results/pact_oss_benchmark/recovery_20261003/baselines/B2_openroad_10176/s9234/canonical.json,single_solution,True,True,QUALIFIED,211,2,,,,B2,10522.23,39096738.208077505,530.1224903899999,199.84749807,9,30845,43,13248,0,8.74782,0,0.00141653,0,0,0,global_route,PASS,PASS,PASS,False,False,/mnt/d/PACT_EXPERIMENTS/tmp/pact_oss_20261003/topology_recovery_20261004/stage_a/routes/s9234/045ffbbf9cba85ebc1464d2ddb2f225f9d3d1d1109cf7ef3ab3afd00be474198/route_result.json,/mnt/d/PACT_EXPERIMENTS/tmp/pact_oss_20261003/topology_recovery_20261004/stage_a/measurement/045ffbbf9cba85ebc1464d2ddb2f225f9d3d1d1109cf7ef3ab3afd00be474198/s9234/045ffbbf9cba/activity_summary.json,,,37207,56184,,,,{},8455.501324889,2620.44683202,1744.18600143989,11693931.0,2856405.0,20755575.26447237,380.48570371,187.57556477000003,156,33072,0,/mnt/d/PACT_EXPERIMENTS/tmp/pact_oss_20261003/topology_recovery_20261004/stage_a/measurement/045ffbbf9cba85ebc1464d2ddb2f225f9d3d1d1109cf7ef3ab3afd00be474198/s9234/045ffbbf9cba/net_activity_capacitance.csv,/mnt/d/PACT_EXPERIMENTS/tmp/pact_oss_20261003/topology_recovery_20261004/stage_a/measurement/045ffbbf9cba85ebc1464d2ddb2f225f9d3d1d1109cf7ef3ab3afd00be474198/s9234/045ffbbf9cba/spatial_bins.json
s15850,B2,c081f811b1806ae67132a1b56f1eddc0e4defdbba44fd87c7cbb0ce1d15bb4b8,/mnt/c/Users/Abhinav/OneDrive/Desktop/PACT/PACT/results/pact_oss_benchmark/recovery_20261003/baselines/B2_openroad_10176/s15850/canonical.json,single_solution,True,True,QUALIFIED,534,2,,,,B2,23958.435,158251697.84627193,680.2419272999998,279.57367940999995,6,31762,22,5124,0,8.13162,0,0.00124688,0,0,0,global_route,PASS,PASS,PASS,False,False,/mnt/d/PACT_EXPERIMENTS/tmp/pact_oss_20261003/topology_recovery_20261004/stage_a/routes/s15850/c081f811b1806ae67132a1b56f1eddc0e4defdbba44fd87c7cbb0ce1d15bb4b8/route_result.json,/mnt/d/PACT_EXPERIMENTS/tmp/pact_oss_20261003/topology_recovery_20261004/stage_a/measurement/c081f811b1806ae67132a1b56f1eddc0e4defdbba44fd87c7cbb0ce1d15bb4b8/s15850/c081f811b180/activity_summary.json,,,79879,116670,,,,{},16548.46644976,4523.00118663,3662.34053105597,50543967.0,12529080.0,74650021.31626534,415.12810337999997,142.54884583,133,71022,0,/mnt/d/PACT_EXPERIMENTS/tmp/pact_oss_20261003/topology_recovery_20261004/stage_a/measurement/c081f811b1806ae67132a1b56f1eddc0e4defdbba44fd87c7cbb0ce1d15bb4b8/s15850/c081f811b180/net_activity_capacitance.csv,/mnt/d/PACT_EXPERIMENTS/tmp/pact_oss_20261003/topology_recovery_20261004/stage_a/measurement/c081f811b1806ae67132a1b56f1eddc0e4defdbba44fd87c7cbb0ce1d15bb4b8/s15850/c081f811b180/spatial_bins.json
s5378,B3T,c3c411e9b14ee9237bc0fe7710a314a3363d697c02b047510d35d40f149aa94a,/mnt/c/Users/Abhinav/OneDrive/Desktop/PACT/PACT/results/pact_oss_benchmark/topology_recovery_20261004/baselines/B3T_openroad_10666_serialization_repaired/s5378/canonical.json,single_solution,True,True,QUALIFIED,179,2,,,,B3T — PR #10666 + R0 compile + R1 endpoint/metadata + R1 Verilog input-alias repairs,5045.34,19259642.621885817,395.5292291200001,183.93028183,5,14668,18,10168,0,9.08705,0,0.00270366,0,0,0,global_route,PASS,PASS,PASS,False,False,/mnt/d/PACT_EXPERIMENTS/tmp/pact_oss_20261003/topology_recovery_20261004/stage_a/routes/s5378/c3c411e9b14ee9237bc0fe7710a314a3363d697c02b047510d35d40f149aa94a/route_result.json,/mnt/d/PACT_EXPERIMENTS/tmp/pact_oss_20261003/topology_recovery_20261004/stage_a/measurement/c3c411e9b14ee9237bc0fe7710a314a3363d697c02b047510d35d40f149aa94a/s5378/c3c411e9b14e/activity_summary.json,,,26569,40635,,,,{},6977.36797124,2242.52378599,1268.27483661128,5107193.0,1833966.0,10953180.65181581,286.76955912,148.07709509,117,21060,0,/mnt/d/PACT_EXPERIMENTS/tmp/pact_oss_20261003/topology_recovery_20261004/stage_a/measurement/c3c411e9b14ee9237bc0fe7710a314a3363d697c02b047510d35d40f149aa94a/s5378/c3c411e9b14e/net_activity_capacitance.csv,/mnt/d/PACT_EXPERIMENTS/tmp/pact_oss_20261003/topology_recovery_20261004/stage_a/measurement/c3c411e9b14ee9237bc0fe7710a314a3363d697c02b047510d35d40f149aa94a/s5378/c3c411e9b14e/spatial_bins.json
s9234,B3T,6dc4fc866614764a2fb72fc0825790ee736f9ac7e7124edc7addf6757d0733ad,/mnt/c/Users/Abhinav/OneDrive/Desktop/PACT/PACT/results/pact_oss_benchmark/topology_recovery_20261004/baselines/B3T_openroad_10666_serialization_repaired/s9234/canonical.json,single_solution,True,True,QUALIFIED,211,2,,,,B3T — PR #10666 + R0 compile + R1 endpoint/metadata + R1 Verilog input-alias repairs,10505.275,39816702.11106148,537.13613894,195.57764211999998,9,28508,35,6253,0,8.74941,0,0.000701092,0,0,0,global_route,PASS,PASS,PASS,False,False,/mnt/d/PACT_EXPERIMENTS/tmp/pact_oss_20261003/topology_recovery_20261004/stage_a/routes/s9234/6dc4fc866614764a2fb72fc0825790ee736f9ac7e7124edc7addf6757d0733ad/route_result.json,/mnt/d/PACT_EXPERIMENTS/tmp/pact_oss_20261003/topology_recovery_20261004/stage_a/measurement/6dc4fc866614764a2fb72fc0825790ee736f9ac7e7124edc7addf6757d0733ad/s9234/6dc4fc866614/activity_summary.json,,,37175,56184,,,,{},8455.9590043,2619.77061466,1755.9168013953001,11954515.0,2877971.0,20913740.6553631,406.33879604,188.43114449,156,33072,0,/mnt/d/PACT_EXPERIMENTS/tmp/pact_oss_20261003/topology_recovery_20261004/stage_a/measurement/6dc4fc866614764a2fb72fc0825790ee736f9ac7e7124edc7addf6757d0733ad/s9234/6dc4fc866614/net_activity_capacitance.csv,/mnt/d/PACT_EXPERIMENTS/tmp/pact_oss_20261003/topology_recovery_20261004/stage_a/measurement/6dc4fc866614764a2fb72fc0825790ee736f9ac7e7124edc7addf6757d0733ad/s9234/6dc4fc866614/spatial_bins.json
s15850,B3T,1cff03ead6aa224ba65fdb67bb53fb1d50427cea9daad270237b4feca57b0ae7,/mnt/c/Users/Abhinav/OneDrive/Desktop/PACT/PACT/results/pact_oss_benchmark/topology_recovery_20261004/baselines/B3T_openroad_10666_serialization_repaired/s15850/canonical.json,single_solution,True,True,QUALIFIED,534,2,,,,B3T — PR #10666 + R0 compile + R1 endpoint/metadata + R1 Verilog input-alias repairs,24019.665,161740050.58525825,678.1437466699999,278.82433410000004,7,61183,22,56866,0,8.13233,0,0.00127733,0,0,0,global_route,PASS,PASS,PASS,False,False,/mnt/d/PACT_EXPERIMENTS/tmp/pact_oss_20261003/topology_recovery_20261004/stage_a/routes/s15850/1cff03ead6aa224ba65fdb67bb53fb1d50427cea9daad270237b4feca57b0ae7/route_result.json,/mnt/d/PACT_EXPERIMENTS/tmp/pact_oss_20261003/topology_recovery_20261004/stage_a/measurement/1cff03ead6aa224ba65fdb67bb53fb1d50427cea9daad270237b4feca57b0ae7/s15850/1cff03ead6aa/activity_summary.json,,,79886,116542,,,,{},16566.40157045,4543.98119721,3628.51687980627,51548922.0,12616315.0,75583569.5799285,389.3400835,143.0533794,133,71022,0,/mnt/d/PACT_EXPERIMENTS/tmp/pact_oss_20261003/topology_recovery_20261004/stage_a/measurement/1cff03ead6aa224ba65fdb67bb53fb1d50427cea9daad270237b4feca57b0ae7/s15850/1cff03ead6aa/net_activity_capacitance.csv,/mnt/d/PACT_EXPERIMENTS/tmp/pact_oss_20261003/topology_recovery_20261004/stage_a/measurement/1cff03ead6aa224ba65fdb67bb53fb1d50427cea9daad270237b4feca57b0ae7/s15850/1cff03ead6aa/spatial_bins.json
