design,method,architecture_hash,architecture_path,roles,selected,representative,status,FF_count,K,predicted_E,predicted_H8,predicted_H4,method_display,scan_hpwl_um,port_inclusive_scan_hpwl_um,maximum_chain_length,minimum_chain_length,chain_imbalance,estimated_scan_path_length_um
s5378,B0,ae86d9068718134a0016c7dc484716e3e4439c0978f5cfcdef79c037ac566f86,/mnt/c/Users/Abhinav/OneDrive/Desktop/PACT/PACT/results/pact_oss_benchmark/stage_a/canonical/s5378/B0/ae86d9068718134a0016c7dc484716e3e4439c0978f5cfcdef79c037ac566f86.json,reference,True,True,CANONICAL_QUALIFIED,179,2,,,,B0,2114.1099999999997,2259.5299999999997,90,89,1,2259.5299999999997
s5378,B1,c8c27dc62915a502b882d8e0a6d8dc3632b6de93fdddf658607c3e84f475928b,/mnt/c/Users/Abhinav/OneDrive/Desktop/PACT/PACT/results/pact_oss_benchmark/stage_a/canonical/s5378/B1/c8c27dc62915a502b882d8e0a6d8dc3632b6de93fdddf658607c3e84f475928b.json,single_solution,True,True,CANONICAL_QUALIFIED,179,2,,,,B1,1338.8400000000001,1608.3500000000001,90,89,1,1608.3500000000001
s5378,P0,c4eabc41cb50cae503f52eb2deae1101321804849abf1dab0dc8b97e58f90bb5,/mnt/c/Users/Abhinav/OneDrive/Desktop/PACT/PACT/results/pact_oss_benchmark/stage_a/canonical/s5378/P0/c4eabc41cb50cae503f52eb2deae1101321804849abf1dab0dc8b97e58f90bb5.json,,False,False,CANONICAL_QUALIFIED,179,2,15056083.349300602,181.74554352000004,379.2362397751185,P0,1182.52,1435.35,90,89,1,1435.35
s5378,P0,b5c4710dcf54de1707ac603e6f5ede702976052b399c80e0b007719cb9cf3f16,/mnt/c/Users/Abhinav/OneDrive/Desktop/PACT/PACT/results/pact_oss_benchmark/stage_a/canonical/s5378/P0/b5c4710dcf54de1707ac603e6f5ede702976052b399c80e0b007719cb9cf3f16.json,physical_extreme;balanced,True,True,CANONICAL_QUALIFIED,179,2,15334274.093367571,168.88923352000003,400.9069086359741,P0,1184.0700000000002,1378.39,90,89,1,1378.39
s5378,P0,3b627d8af4f2c34c3bcf71a0822d2b8a612e01fe06e766beda14a95854bd11d9,/mnt/c/Users/Abhinav/OneDrive/Desktop/PACT/PACT/results/pact_oss_benchmark/stage_a/canonical/s5378/P0/3b627d8af4f2c34c3bcf71a0822d2b8a612e01fe06e766beda14a95854bd11d9.json,,False,False,CANONICAL_QUALIFIED,179,2,14532684.077312436,173.63641836838065,375.05099279562205,P0,1283.88,1500.4900000000002,90,89,1,1500.4900000000002
s5378,P0,c11dfeee8d449781c780160151a7d1fb97bfdf4d6675e42ee864ffb7f5e7d31c,/mnt/c/Users/Abhinav/OneDrive/Desktop/PACT/PACT/results/pact_oss_benchmark/stage_a/canonical/s5378/P0/c11dfeee8d449781c780160151a7d1fb97bfdf4d6675e42ee864ffb7f5e7d31c.json,,False,False,CANONICAL_QUALIFIED,179,2,15431644.210381463,163.72011522000003,378.51992476659774,P0,1218.39,1412.71,90,89,1,1412.71
s5378,P0,b72833ffdd2bea7e2cfdb313767af85f5ab47835b13d56822b42ca6736040808,/mnt/c/Users/Abhinav/OneDrive/Desktop/PACT/PACT/results/pact_oss_benchmark/stage_a/canonical/s5378/P0/b72833ffdd2bea7e2cfdb313767af85f5ab47835b13d56822b42ca6736040808.json,,False,False,CANONICAL_QUALIFIED,179,2,15553871.38135027,161.81966871999998,385.38902032946567,P0,1199.5900000000001,1393.91,90,89,1,1393.91
s5378,P0,ec2f6ca066b2f72430c878dec79157da6f8f3d39f268bcd905a66e500da7e67b,/mnt/c/Users/Abhinav/OneDrive/Desktop/PACT/PACT/results/pact_oss_benchmark/stage_a/canonical/s5378/P0/ec2f6ca066b2f72430c878dec79157da6f8f3d39f268bcd905a66e500da7e67b.json,,False,False,CANONICAL_QUALIFIED,179,2,15739946.9567477,158.2918011145048,385.8090198543408,P0,1302.7800000000002,1510.0100000000002,90,89,1,1510.0100000000002
s5378,P0,42dfdefa69502dd9c3716d9b2d7a0bf79d48be347a1e8786750551db65ff0db9,/mnt/c/Users/Abhinav/OneDrive/Desktop/PACT/PACT/results/pact_oss_benchmark/stage_a/canonical/s5378/P0/42dfdefa69502dd9c3716d9b2d7a0bf79d48be347a1e8786750551db65ff0db9.json,H8_extreme,True,False,CANONICAL_QUALIFIED,179,2,15503707.875155125,158.2918011145048,380.3535427743408,P0,1303.7800000000002,1511.0100000000002,90,89,1,1511.0100000000002
s5378,P0,b2614a3a06b35038b1a94d9315b9dbd91df65b837a4421f12ec12e6c3c3286ac,/mnt/c/Users/Abhinav/OneDrive/Desktop/PACT/PACT/results/pact_oss_benchmark/stage_a/canonical/s5378/P0/b2614a3a06b35038b1a94d9315b9dbd91df65b837a4421f12ec12e6c3c3286ac.json,,False,False,CANONICAL_QUALIFIED,179,2,15492364.685423918,158.2918011145048,380.3535427743408,P0,1305.8200000000002,1513.0500000000002,90,89,1,1513.0500000000002
s9234,B0,3cbfe6e3d55be494743cb263dedb95c916791638592d28c70d6440c31b05f316,/mnt/c/Users/Abhinav/OneDrive/Desktop/PACT/PACT/results/pact_oss_benchmark/stage_a/canonical/s9234/B0/3cbfe6e3d55be494743cb263dedb95c916791638592d28c70d6440c31b05f316.json,reference,True,True,CANONICAL_QUALIFIED,211,2,,,,B0,6698.25,6941.555,106,105,1,6941.555
s9234,B1,fac8217b9c2c39822d955a49b8addc3304d6caa5b81db595faf640bd5c4a52bd,/mnt/c/Users/Abhinav/OneDrive/Desktop/PACT/PACT/results/pact_oss_benchmark/stage_a/canonical/s9234/B1/fac8217b9c2c39822d955a49b8addc3304d6caa5b81db595faf640bd5c4a52bd.json,single_solution,True,True,CANONICAL_QUALIFIED,211,2,,,,B1,1905.3,2313.125,106,105,1,2313.125
s9234,P0,53bb5b0187583971d057dc111c46dc7030affedc25dbfe294a9455251ddc6fe5,/mnt/c/Users/Abhinav/OneDrive/Desktop/PACT/PACT/results/pact_oss_benchmark/stage_a/canonical/s9234/P0/53bb5b0187583971d057dc111c46dc7030affedc25dbfe294a9455251ddc6fe5.json,physical_extreme,True,False,CANONICAL_QUALIFIED,211,2,28750677.81905308,174.16702338751375,435.3068808500206,P0,1477.33,1718.5249999999999,106,105,1,1718.5249999999999
s9234,P0,797aff0b91f6ad122de840678b76b5969b4c0db00dbedfa78d2884fc75a5ddc2,/mnt/c/Users/Abhinav/OneDrive/Desktop/PACT/PACT/results/pact_oss_benchmark/stage_a/canonical/s9234/P0/797aff0b91f6ad122de840678b76b5969b4c0db00dbedfa78d2884fc75a5ddc2.json,balanced,True,True,CANONICAL_QUALIFIED,211,2,28114606.379795033,168.87310628163604,431.25866714009,P0,1627.58,1855.8249999999998,106,105,1,1855.8249999999998
s9234,P0,f4bca5652bda0b57f3cb7fd7b31c0228c96465ab7e142b4fb284814b8dd3a223,/mnt/c/Users/Abhinav/OneDrive/Desktop/PACT/PACT/results/pact_oss_benchmark/stage_a/canonical/s9234/P0/f4bca5652bda0b57f3cb7fd7b31c0228c96465ab7e142b4fb284814b8dd3a223.json,,False,False,CANONICAL_QUALIFIED,211,2,27424023.515313886,172.31476129281754,454.36984687638574,P0,1623.75,1892.425,106,105,1,1892.425
s9234,P0,4d6ff90b2adcf1e133882196914be7899951ae837c00b98734528f8e521b6b40,/mnt/c/Users/Abhinav/OneDrive/Desktop/PACT/PACT/results/pact_oss_benchmark/stage_a/canonical/s9234/P0/4d6ff90b2adcf1e133882196914be7899951ae837c00b98734528f8e521b6b40.json,H8_extreme,True,False,CANONICAL_QUALIFIED,211,2,28043520.590081137,162.06390223,407.4937929681041,P0,1654.88,1882.625,106,105,1,1882.625
s15850,B0,541edd9b8a402c089751f83af6753d6efd438d9bd803e1309e64bc5fa614d4db,/mnt/c/Users/Abhinav/OneDrive/Desktop/PACT/PACT/results/pact_oss_benchmark/stage_a/canonical/s15850/B0/541edd9b8a402c089751f83af6753d6efd438d9bd803e1309e64bc5fa614d4db.json,reference,True,True,CANONICAL_QUALIFIED,534,2,,,,B0,19819.64,20052.01,267,267,0,20052.01
s15850,B1,24124a8d821b7a19ffb08cc72b90c6bbf44713b1eb4bb5812809ec988bec6f2b,/mnt/c/Users/Abhinav/OneDrive/Desktop/PACT/PACT/results/pact_oss_benchmark/stage_a/canonical/s15850/B1/24124a8d821b7a19ffb08cc72b90c6bbf44713b1eb4bb5812809ec988bec6f2b.json,single_solution,True,True,CANONICAL_QUALIFIED,534,2,,,,B1,4020.1399999999994,4520.929999999999,267,267,0,4520.929999999999
s15850,P0,f0ec44569fab2217d7aa9f8dd4bb03a265c3d352c935343052f3505432cea877,/mnt/c/Users/Abhinav/OneDrive/Desktop/PACT/PACT/results/pact_oss_benchmark/stage_a/canonical/s15850/P0/f0ec44569fab2217d7aa9f8dd4bb03a265c3d352c935343052f3505432cea877.json,H8_extreme,True,False,CANONICAL_QUALIFIED,534,2,111677162.34758332,222.34449304999998,588.4665648818082,P0,3214.49,3631.5299999999997,267,267,0,3631.5299999999997
s15850,P0,e14689c97ca5454cd0c46f98a4328713eca058aece7c6a6229b25f6c0fb2075b,/mnt/c/Users/Abhinav/OneDrive/Desktop/PACT/PACT/results/pact_oss_benchmark/stage_a/canonical/s15850/P0/e14689c97ca5454cd0c46f98a4328713eca058aece7c6a6229b25f6c0fb2075b.json,physical_extreme;balanced,True,True,CANONICAL_QUALIFIED,534,2,113079401.8838778,229.2901064499999,550.1202128999998,P0,3144.38,3517.73,267,267,0,3517.73
s15850,P0,85c45806ebdba292d56ae3edbb76e4548794fe2311d47c31d0c865f587e8f8f6,/mnt/c/Users/Abhinav/OneDrive/Desktop/PACT/PACT/results/pact_oss_benchmark/stage_a/canonical/s15850/P0/85c45806ebdba292d56ae3edbb76e4548794fe2311d47c31d0c865f587e8f8f6.json,,False,False,CANONICAL_QUALIFIED,534,2,113248156.71797176,222.42793155676466,536.2142216299999,P0,3185.21,3580.25,267,267,0,3580.25
s15850,P0,5d90e5faf9dcfb7f820a641638cc06c83c19ac634534c5aa75c4cedda6f5a38e,/mnt/c/Users/Abhinav/OneDrive/Desktop/PACT/PACT/results/pact_oss_benchmark/stage_a/canonical/s15850/P0/5d90e5faf9dcfb7f820a641638cc06c83c19ac634534c5aa75c4cedda6f5a38e.json,,False,False,CANONICAL_QUALIFIED,534,2,112997593.23591807,230.27477095999993,540.2580397199999,P0,3182.93,3577.97,267,267,0,3577.97
s15850,P0,f47e6837c4dacd553187a3ee88d5e8aff729a45b9375e10a8eeac2817177a93e,/mnt/c/Users/Abhinav/OneDrive/Desktop/PACT/PACT/results/pact_oss_benchmark/stage_a/canonical/s15850/P0/f47e6837c4dacd553187a3ee88d5e8aff729a45b9375e10a8eeac2817177a93e.json,,False,False,CANONICAL_QUALIFIED,534,2,112988404.3150416,230.27477095999993,540.2580397199999,P0,3198.31,3593.35,267,267,0,3593.35
s15850,P0,325f1c332e7a3e9d17688e8a89a18d311894e05b393853bd7d06b66db0577c54,/mnt/c/Users/Abhinav/OneDrive/Desktop/PACT/PACT/results/pact_oss_benchmark/stage_a/canonical/s15850/P0/325f1c332e7a3e9d17688e8a89a18d311894e05b393853bd7d06b66db0577c54.json,,False,False,CANONICAL_QUALIFIED,534,2,112957510.10436638,230.66828198999997,534.1765541713573,P0,3219.97,3615.0099999999998,267,267,0,3615.0099999999998
s5378,B2,524e797e930947d722d25f683b74606ed558ee8aee242fe36392eb6c5a583ea5,/mnt/c/Users/Abhinav/OneDrive/Desktop/PACT/PACT/results/pact_oss_benchmark/recovery_20261003/baselines/B2_openroad_10176/s5378/canonical.json,single_solution,True,True,CANONICAL_QUALIFIED,179,2,,,,B2,1244.5900000000001,1323.0100000000002,90,89,1,1323.0100000000002
s9234,B2,045ffbbf9cba85ebc1464d2ddb2f225f9d3d1d1109cf7ef3ab3afd00be474198,/mnt/c/Users/Abhinav/OneDrive/Desktop/PACT/PACT/results/pact_oss_benchmark/recovery_20261003/baselines/B2_openroad_10176/s9234/canonical.json,single_solution,True,True,CANONICAL_QUALIFIED,211,2,,,,B2,1667.33,1769.885,106,105,1,1769.885
s15850,B2,c081f811b1806ae67132a1b56f1eddc0e4defdbba44fd87c7cbb0ce1d15bb4b8,/mnt/c/Users/Abhinav/OneDrive/Desktop/PACT/PACT/results/pact_oss_benchmark/recovery_20261003/baselines/B2_openroad_10176/s15850/canonical.json,single_solution,True,True,CANONICAL_QUALIFIED,534,2,,,,B2,3629.6799999999994,3738.4899999999993,267,267,0,3738.4899999999993
s5378,B3T,c3c411e9b14ee9237bc0fe7710a314a3363d697c02b047510d35d40f149aa94a,/mnt/c/Users/Abhinav/OneDrive/Desktop/PACT/PACT/results/pact_oss_benchmark/topology_recovery_20261004/baselines/B3T_openroad_10666_serialization_repaired/s5378/canonical.json,single_solution,True,True,CANONICAL_QUALIFIED,179,2,,,,B3T — PR #10666 + R0 compile + R1 endpoint/metadata + R1 Verilog input-alias repairs,1050.68,1363.8700000000001,90,89,1,1363.8700000000001
s9234,B3T,6dc4fc866614764a2fb72fc0825790ee736f9ac7e7124edc7addf6757d0733ad,/mnt/c/Users/Abhinav/OneDrive/Desktop/PACT/PACT/results/pact_oss_benchmark/topology_recovery_20261004/baselines/B3T_openroad_10666_serialization_repaired/s9234/canonical.json,single_solution,True,True,CANONICAL_QUALIFIED,211,2,,,,B3T — PR #10666 + R0 compile + R1 endpoint/metadata + R1 Verilog input-alias repairs,1384.29,1732.865,106,105,1,1732.865
s15850,B3T,1cff03ead6aa224ba65fdb67bb53fb1d50427cea9daad270237b4feca57b0ae7,/mnt/c/Users/Abhinav/OneDrive/Desktop/PACT/PACT/results/pact_oss_benchmark/topology_recovery_20261004/baselines/B3T_openroad_10666_serialization_repaired/s15850/canonical.json,single_solution,True,True,CANONICAL_QUALIFIED,534,2,,,,B3T — PR #10666 + R0 compile + R1 endpoint/metadata + R1 Verilog input-alias repairs,3246.67,3707.41,267,267,0,3707.41
