design,seed,label,predictor,target,frozen_architecture_id,predictor_value,target_value,predictor_rank,target_rank
s5378,11,0348f2cc6b9d,M3_load,cap_total,0348f2cc6b9dde7d6525795e96eb629b8da746f46f6936d6555a373279e1dbd1,11156502.27835464,11691544.90034713,4.0,4.0
s5378,11,1f1a3a458946,M3_load,cap_total,1f1a3a458946abcf31aa53a2375266a8629ed0ac0079ec7c20ecf47cc1e2e685,10289675.876941571,10783474.132407688,3.0,3.0
s5378,11,44b1a2ab5a1e,M3_load,cap_total,44b1a2ab5a1e9c7caec247107108fb3055f3c6ffceb2de291ff1d93111bd3d1b,13133776.07986568,13724012.484418811,9.0,9.0
s5378,11,75ea663523d9,M3_load,cap_total,75ea663523d98d753f28f01c7c64348c52391e96e1edb60f4449696445be620c,11221733.466478009,11754619.67606133,5.0,5.0
s5378,11,A,M3_load,cap_total,16904eaa0db2f733be62aebed6ba183f37c1d672a02d210e964bf96d1bc71f54,9935319.36026203,10532254.48021998,2.0,2.0
s5378,11,J50,M3_load,cap_total,9c54b48f2ab8c0d7ebd94dd6c5de6ad6f04883f972277372ae90fecb4ce7f9ee,9922004.97836859,10411578.53805368,1.0,1.0
s5378,11,P,M3_load,cap_total,bf4923662baa3ce72543bd3ad5092fb514808ffe46ce23173d3c9695ff0c9486,12995366.710991709,13649926.458238836,8.0,8.0
s5378,11,T,M3_load,cap_total,37deaa7b3eee9623d40fe7ceb4163773bfda2f0953a72fb7b9babd69f088b04f,12991319.434234891,13648671.115038015,7.0,7.0
s5378,11,a78c6ce1a5a1,M3_load,cap_total,a78c6ce1a5a13b64713b1b86f3a984a1e11ed754a6e7c4373fb88b603eec28e7,11475016.136015669,12010095.801409997,6.0,6.0
s5378,11,0348f2cc6b9d,M3_load_local,cap_local_peak,0348f2cc6b9dde7d6525795e96eb629b8da746f46f6936d6555a373279e1dbd1,373.01057348000006,397.22965389614,5.0,5.0
s5378,11,1f1a3a458946,M3_load_local,cap_local_peak,1f1a3a458946abcf31aa53a2375266a8629ed0ac0079ec7c20ecf47cc1e2e685,368.16203844000006,392.41631654390994,4.0,4.0
s5378,11,44b1a2ab5a1e,M3_load_local,cap_local_peak,44b1a2ab5a1e9c7caec247107108fb3055f3c6ffceb2de291ff1d93111bd3d1b,378.30170462,402.947847245,7.0,7.0
s5378,11,75ea663523d9,M3_load_local,cap_local_peak,75ea663523d98d753f28f01c7c64348c52391e96e1edb60f4449696445be620c,364.90394033,388.23554143026,2.0,2.0
s5378,11,A,M3_load_local,cap_local_peak,16904eaa0db2f733be62aebed6ba183f37c1d672a02d210e964bf96d1bc71f54,383.75123856000005,413.91055772321,9.0,9.0
s5378,11,J50,M3_load_local,cap_local_peak,9c54b48f2ab8c0d7ebd94dd6c5de6ad6f04883f972277372ae90fecb4ce7f9ee,363.00005095000006,385.48140866098004,1.0,1.0
s5378,11,P,M3_load_local,cap_local_peak,bf4923662baa3ce72543bd3ad5092fb514808ffe46ce23173d3c9695ff0c9486,374.80503053,398.22090806994004,6.0,6.0
s5378,11,T,M3_load_local,cap_local_peak,37deaa7b3eee9623d40fe7ceb4163773bfda2f0953a72fb7b9babd69f088b04f,381.01537983000003,407.78772005587996,8.0,8.0
s5378,11,a78c6ce1a5a1,M3_load_local,cap_local_peak,a78c6ce1a5a13b64713b1b86f3a984a1e11ed754a6e7c4373fb88b603eec28e7,367.34702012,389.19459900494996,3.0,3.0
s5378,11,0348f2cc6b9d,M5_hpwl,wire_total,0348f2cc6b9dde7d6525795e96eb629b8da746f46f6936d6555a373279e1dbd1,28721763.439999998,33019545.585,3.0,3.0
s5378,11,1f1a3a458946,M5_hpwl,wire_total,1f1a3a458946abcf31aa53a2375266a8629ed0ac0079ec7c20ecf47cc1e2e685,27965841.97,31897490.564999998,1.0,2.0
s5378,11,44b1a2ab5a1e,M5_hpwl,wire_total,44b1a2ab5a1e9c7caec247107108fb3055f3c6ffceb2de291ff1d93111bd3d1b,33765116.279999994,38741008.785,7.0,6.0
s5378,11,75ea663523d9,M5_hpwl,wire_total,75ea663523d98d753f28f01c7c64348c52391e96e1edb60f4449696445be620c,28867754.209999997,33085269.345000003,4.0,4.0
s5378,11,A,M5_hpwl,wire_total,16904eaa0db2f733be62aebed6ba183f37c1d672a02d210e964bf96d1bc71f54,36533199.63000001,40063920.425,9.0,9.0
s5378,11,J50,M5_hpwl,wire_total,9c54b48f2ab8c0d7ebd94dd6c5de6ad6f04883f972277372ae90fecb4ce7f9ee,28020079.389999997,31686402.555000003,2.0,1.0
s5378,11,P,M5_hpwl,wire_total,bf4923662baa3ce72543bd3ad5092fb514808ffe46ce23173d3c9695ff0c9486,33594000.91,38871710.135,6.0,7.0
s5378,11,T,M5_hpwl,wire_total,37deaa7b3eee9623d40fe7ceb4163773bfda2f0953a72fb7b9babd69f088b04f,34004961.69,39310031.84,8.0,8.0
s5378,11,a78c6ce1a5a1,M5_hpwl,wire_total,a78c6ce1a5a13b64713b1b86f3a984a1e11ed754a6e7c4373fb88b603eec28e7,29452807.069999997,33822718.915,5.0,5.0
s5378,11,0348f2cc6b9d,M5_hpwl_local,wire_local_peak,0348f2cc6b9dde7d6525795e96eb629b8da746f46f6936d6555a373279e1dbd1,733.08,934.97,6.0,7.0
s5378,11,1f1a3a458946,M5_hpwl_local,wire_local_peak,1f1a3a458946abcf31aa53a2375266a8629ed0ac0079ec7c20ecf47cc1e2e685,718.24,919.0800000000002,4.0,4.0
s5378,11,44b1a2ab5a1e,M5_hpwl_local,wire_local_peak,44b1a2ab5a1e9c7caec247107108fb3055f3c6ffceb2de291ff1d93111bd3d1b,712.02,914.685,3.0,2.0
s5378,11,75ea663523d9,M5_hpwl_local,wire_local_peak,75ea663523d98d753f28f01c7c64348c52391e96e1edb60f4449696445be620c,709.93,914.97,2.0,3.0
s5378,11,A,M5_hpwl_local,wire_local_peak,16904eaa0db2f733be62aebed6ba183f37c1d672a02d210e964bf96d1bc71f54,1036.76,1257.04,9.0,9.0
s5378,11,J50,M5_hpwl_local,wire_local_peak,9c54b48f2ab8c0d7ebd94dd6c5de6ad6f04883f972277372ae90fecb4ce7f9ee,757.66,934.35,8.0,6.0
s5378,11,P,M5_hpwl_local,wire_local_peak,bf4923662baa3ce72543bd3ad5092fb514808ffe46ce23173d3c9695ff0c9486,699.13,901.17,1.0,1.0
s5378,11,T,M5_hpwl_local,wire_local_peak,37deaa7b3eee9623d40fe7ceb4163773bfda2f0953a72fb7b9babd69f088b04f,744.43,946.2950000000001,7.0,8.0
s5378,11,a78c6ce1a5a1,M5_hpwl_local,wire_local_peak,a78c6ce1a5a13b64713b1b86f3a984a1e11ed754a6e7c4373fb88b603eec28e7,724.0999999999999,923.75,5.0,5.0
s5378,13,0348f2cc6b9d,M3_load,cap_total,0348f2cc6b9dde7d6525795e96eb629b8da746f46f6936d6555a373279e1dbd1,11396505.63877494,11945531.49885281,4.0,4.0
s5378,13,1f1a3a458946,M3_load,cap_total,1f1a3a458946abcf31aa53a2375266a8629ed0ac0079ec7c20ecf47cc1e2e685,10409562.85675043,10844547.491617255,3.0,3.0
s5378,13,44b1a2ab5a1e,M3_load,cap_total,44b1a2ab5a1e9c7caec247107108fb3055f3c6ffceb2de291ff1d93111bd3d1b,13422742.627053881,14023347.064818516,9.0,9.0
s5378,13,75ea663523d9,M3_load,cap_total,75ea663523d98d753f28f01c7c64348c52391e96e1edb60f4449696445be620c,11460470.61074853,12021604.078846348,5.0,5.0
s5378,13,A,M3_load,cap_total,16904eaa0db2f733be62aebed6ba183f37c1d672a02d210e964bf96d1bc71f54,9996215.09360712,10517527.138280159,1.0,2.0
s5378,13,J50,M3_load,cap_total,9c54b48f2ab8c0d7ebd94dd6c5de6ad6f04883f972277372ae90fecb4ce7f9ee,10031248.47757479,10491485.016708935,2.0,1.0
s5378,13,P,M3_load,cap_total,bf4923662baa3ce72543bd3ad5092fb514808ffe46ce23173d3c9695ff0c9486,13291500.670589529,13921016.148904655,8.0,8.0
s5378,13,T,M3_load,cap_total,37deaa7b3eee9623d40fe7ceb4163773bfda2f0953a72fb7b9babd69f088b04f,13281821.580109758,13872988.169241523,7.0,7.0
s5378,13,a78c6ce1a5a1,M3_load,cap_total,a78c6ce1a5a13b64713b1b86f3a984a1e11ed754a6e7c4373fb88b603eec28e7,11711860.85624068,12258544.9163455,6.0,6.0
s5378,13,0348f2cc6b9d,M3_load_local,cap_local_peak,0348f2cc6b9dde7d6525795e96eb629b8da746f46f6936d6555a373279e1dbd1,363.23080030999995,386.44481535387,2.0,2.0
s5378,13,1f1a3a458946,M3_load_local,cap_local_peak,1f1a3a458946abcf31aa53a2375266a8629ed0ac0079ec7c20ecf47cc1e2e685,371.11325858000004,388.62436234849,5.0,4.0
s5378,13,44b1a2ab5a1e,M3_load_local,cap_local_peak,44b1a2ab5a1e9c7caec247107108fb3055f3c6ffceb2de291ff1d93111bd3d1b,399.74712242,420.28633778901997,9.0,9.0
s5378,13,75ea663523d9,M3_load_local,cap_local_peak,75ea663523d98d753f28f01c7c64348c52391e96e1edb60f4449696445be620c,371.64282797,395.3890128344,6.0,7.0
s5378,13,A,M3_load_local,cap_local_peak,16904eaa0db2f733be62aebed6ba183f37c1d672a02d210e964bf96d1bc71f54,364.45290851,389.74205366844,3.0,5.0
s5378,13,J50,M3_load_local,cap_local_peak,9c54b48f2ab8c0d7ebd94dd6c5de6ad6f04883f972277372ae90fecb4ce7f9ee,358.6586787,378.061901779,1.0,1.0
s5378,13,P,M3_load_local,cap_local_peak,bf4923662baa3ce72543bd3ad5092fb514808ffe46ce23173d3c9695ff0c9486,382.64806975,401.40225852991006,8.0,8.0
s5378,13,T,M3_load_local,cap_local_peak,37deaa7b3eee9623d40fe7ceb4163773bfda2f0953a72fb7b9babd69f088b04f,375.83906436,394.66425597243995,7.0,6.0
s5378,13,a78c6ce1a5a1,M3_load_local,cap_local_peak,a78c6ce1a5a13b64713b1b86f3a984a1e11ed754a6e7c4373fb88b603eec28e7,364.83767445,388.38233375649,4.0,3.0
s5378,13,0348f2cc6b9d,M5_hpwl,wire_total,0348f2cc6b9dde7d6525795e96eb629b8da746f46f6936d6555a373279e1dbd1,31029909.740000006,35014049.29,3.0,3.0
s5378,13,1f1a3a458946,M5_hpwl,wire_total,1f1a3a458946abcf31aa53a2375266a8629ed0ac0079ec7c20ecf47cc1e2e685,29118812.029999994,32481145.36,2.0,1.0
s5378,13,44b1a2ab5a1e,M5_hpwl,wire_total,44b1a2ab5a1e9c7caec247107108fb3055f3c6ffceb2de291ff1d93111bd3d1b,36544148.48,41252900.56,7.0,8.0
s5378,13,75ea663523d9,M5_hpwl,wire_total,75ea663523d98d753f28f01c7c64348c52391e96e1edb60f4449696445be620c,31163723.129999995,35230107.214999996,4.0,4.0
s5378,13,A,M5_hpwl,wire_total,16904eaa0db2f733be62aebed6ba183f37c1d672a02d210e964bf96d1bc71f54,37118842.52,40391523.17,9.0,6.0
s5378,13,J50,M5_hpwl,wire_total,9c54b48f2ab8c0d7ebd94dd6c5de6ad6f04883f972277372ae90fecb4ce7f9ee,29070689.59,32642738.560000002,1.0,2.0
s5378,13,P,M5_hpwl,wire_total,bf4923662baa3ce72543bd3ad5092fb514808ffe46ce23173d3c9695ff0c9486,36441963.129999995,41241268.04,6.0,7.0
s5378,13,T,M5_hpwl,wire_total,37deaa7b3eee9623d40fe7ceb4163773bfda2f0953a72fb7b9babd69f088b04f,36798761.96,41428807.725,8.0,9.0
s5378,13,a78c6ce1a5a1,M5_hpwl,wire_total,a78c6ce1a5a13b64713b1b86f3a984a1e11ed754a6e7c4373fb88b603eec28e7,31730576.28,35799352.695,5.0,5.0
s5378,13,0348f2cc6b9d,M5_hpwl_local,wire_local_peak,0348f2cc6b9dde7d6525795e96eb629b8da746f46f6936d6555a373279e1dbd1,767.81,956.5500000000001,1.0,1.0
s5378,13,1f1a3a458946,M5_hpwl_local,wire_local_peak,1f1a3a458946abcf31aa53a2375266a8629ed0ac0079ec7c20ecf47cc1e2e685,822.18,988.4800000000001,4.0,2.0
s5378,13,44b1a2ab5a1e,M5_hpwl_local,wire_local_peak,44b1a2ab5a1e9c7caec247107108fb3055f3c6ffceb2de291ff1d93111bd3d1b,852.82,1048.8,7.0,8.0
s5378,13,75ea663523d9,M5_hpwl_local,wire_local_peak,75ea663523d98d753f28f01c7c64348c52391e96e1edb60f4449696445be620c,805.3699999999999,994.22,2.0,3.0
s5378,13,A,M5_hpwl_local,wire_local_peak,16904eaa0db2f733be62aebed6ba183f37c1d672a02d210e964bf96d1bc71f54,1080.17,1252.44,9.0,9.0
s5378,13,J50,M5_hpwl_local,wire_local_peak,9c54b48f2ab8c0d7ebd94dd6c5de6ad6f04883f972277372ae90fecb4ce7f9ee,818.7,999.5999999999999,3.0,4.0
s5378,13,P,M5_hpwl_local,wire_local_peak,bf4923662baa3ce72543bd3ad5092fb514808ffe46ce23173d3c9695ff0c9486,857.75,1018.1200000000001,8.0,7.0
s5378,13,T,M5_hpwl_local,wire_local_peak,37deaa7b3eee9623d40fe7ceb4163773bfda2f0953a72fb7b9babd69f088b04f,826.5600000000001,1000.7699999999999,6.0,5.0
s5378,13,a78c6ce1a5a1,M5_hpwl_local,wire_local_peak,a78c6ce1a5a13b64713b1b86f3a984a1e11ed754a6e7c4373fb88b603eec28e7,823.4499999999999,1001.365,5.0,6.0
s5378,17,0348f2cc6b9d,M3_load,cap_total,0348f2cc6b9dde7d6525795e96eb629b8da746f46f6936d6555a373279e1dbd1,11525860.799863841,12089111.269145148,4.0,4.0
s5378,17,1f1a3a458946,M3_load,cap_total,1f1a3a458946abcf31aa53a2375266a8629ed0ac0079ec7c20ecf47cc1e2e685,10567407.9352795,11101332.83479775,3.0,3.0
s5378,17,44b1a2ab5a1e,M3_load,cap_total,44b1a2ab5a1e9c7caec247107108fb3055f3c6ffceb2de291ff1d93111bd3d1b,13587993.17417359,14293892.288998857,9.0,9.0
s5378,17,75ea663523d9,M3_load,cap_total,75ea663523d98d753f28f01c7c64348c52391e96e1edb60f4449696445be620c,11591996.981421659,12155858.79183574,5.0,5.0
s5378,17,A,M3_load,cap_total,16904eaa0db2f733be62aebed6ba183f37c1d672a02d210e964bf96d1bc71f54,10038282.016099669,10663018.981731074,1.0,2.0
s5378,17,J50,M3_load,cap_total,9c54b48f2ab8c0d7ebd94dd6c5de6ad6f04883f972277372ae90fecb4ce7f9ee,10138637.3207143,10648450.306185754,2.0,1.0
s5378,17,P,M3_load,cap_total,bf4923662baa3ce72543bd3ad5092fb514808ffe46ce23173d3c9695ff0c9486,13413525.40305606,14108700.775324833,8.0,8.0
s5378,17,T,M3_load,cap_total,37deaa7b3eee9623d40fe7ceb4163773bfda2f0953a72fb7b9babd69f088b04f,13391848.89641244,14060725.885804925,7.0,7.0
s5378,17,a78c6ce1a5a1,M3_load,cap_total,a78c6ce1a5a13b64713b1b86f3a984a1e11ed754a6e7c4373fb88b603eec28e7,11837593.200751241,12422949.02811909,6.0,6.0
s5378,17,0348f2cc6b9d,M3_load_local,cap_local_peak,0348f2cc6b9dde7d6525795e96eb629b8da746f46f6936d6555a373279e1dbd1,358.33283638,383.65523929729,3.0,4.0
s5378,17,1f1a3a458946,M3_load_local,cap_local_peak,1f1a3a458946abcf31aa53a2375266a8629ed0ac0079ec7c20ecf47cc1e2e685,357.71020577,379.37878517999997,2.0,2.0
s5378,17,44b1a2ab5a1e,M3_load_local,cap_local_peak,44b1a2ab5a1e9c7caec247107108fb3055f3c6ffceb2de291ff1d93111bd3d1b,377.4624361,403.89055492498005,8.0,9.0
s5378,17,75ea663523d9,M3_load_local,cap_local_peak,75ea663523d98d753f28f01c7c64348c52391e96e1edb60f4449696445be620c,359.34769094,383.37048268798003,4.0,3.0
s5378,17,A,M3_load_local,cap_local_peak,16904eaa0db2f733be62aebed6ba183f37c1d672a02d210e964bf96d1bc71f54,360.49315185,391.88852768405997,6.0,7.0
s5378,17,J50,M3_load_local,cap_local_peak,9c54b48f2ab8c0d7ebd94dd6c5de6ad6f04883f972277372ae90fecb4ce7f9ee,349.86617003000003,370.35549112507,1.0,1.0
s5378,17,P,M3_load_local,cap_local_peak,bf4923662baa3ce72543bd3ad5092fb514808ffe46ce23173d3c9695ff0c9486,360.06136965999997,383.78691967148995,5.0,5.0
s5378,17,T,M3_load_local,cap_local_peak,37deaa7b3eee9623d40fe7ceb4163773bfda2f0953a72fb7b9babd69f088b04f,378.30819967,401.33985581200005,9.0,8.0
s5378,17,a78c6ce1a5a1,M3_load_local,cap_local_peak,a78c6ce1a5a13b64713b1b86f3a984a1e11ed754a6e7c4373fb88b603eec28e7,365.01480107,386.29968152498,7.0,6.0
s5378,17,0348f2cc6b9d,M5_hpwl,wire_total,0348f2cc6b9dde7d6525795e96eb629b8da746f46f6936d6555a373279e1dbd1,32273936.639999997,36661986.495,3.0,3.0
s5378,17,1f1a3a458946,M5_hpwl,wire_total,1f1a3a458946abcf31aa53a2375266a8629ed0ac0079ec7c20ecf47cc1e2e685,30636830.5,34514193.33,2.0,2.0
s5378,17,44b1a2ab5a1e,M5_hpwl,wire_total,44b1a2ab5a1e9c7caec247107108fb3055f3c6ffceb2de291ff1d93111bd3d1b,38133386.39,43447358.91,9.0,9.0
s5378,17,75ea663523d9,M5_hpwl,wire_total,75ea663523d98d753f28f01c7c64348c52391e96e1edb60f4449696445be620c,32428630.860000003,36793421.44499999,4.0,4.0
s5378,17,A,M5_hpwl,wire_total,16904eaa0db2f733be62aebed6ba183f37c1d672a02d210e964bf96d1bc71f54,37523406.06999999,41219832.65999999,6.0,6.0
s5378,17,J50,M5_hpwl,wire_total,9c54b48f2ab8c0d7ebd94dd6c5de6ad6f04883f972277372ae90fecb4ce7f9ee,30103463.3,34051401.61,1.0,1.0
s5378,17,P,M5_hpwl,wire_total,bf4923662baa3ce72543bd3ad5092fb514808ffe46ce23173d3c9695ff0c9486,37615492.26,42984636.870000005,7.0,7.0
s5378,17,T,M5_hpwl,wire_total,37deaa7b3eee9623d40fe7ceb4163773bfda2f0953a72fb7b9babd69f088b04f,37856910.239999995,43181451.91000001,8.0,8.0
s5378,17,a78c6ce1a5a1,M5_hpwl,wire_total,a78c6ce1a5a13b64713b1b86f3a984a1e11ed754a6e7c4373fb88b603eec28e7,32939762.039999995,37446718.675,5.0,5.0
s5378,17,0348f2cc6b9d,M5_hpwl_local,wire_local_peak,0348f2cc6b9dde7d6525795e96eb629b8da746f46f6936d6555a373279e1dbd1,807.8900000000001,970.88,2.0,1.0
s5378,17,1f1a3a458946,M5_hpwl_local,wire_local_peak,1f1a3a458946abcf31aa53a2375266a8629ed0ac0079ec7c20ecf47cc1e2e685,828.8799999999999,994.7199999999999,3.0,3.0
s5378,17,44b1a2ab5a1e,M5_hpwl_local,wire_local_peak,44b1a2ab5a1e9c7caec247107108fb3055f3c6ffceb2de291ff1d93111bd3d1b,883.22,1071.76,7.0,7.0
s5378,17,75ea663523d9,M5_hpwl_local,wire_local_peak,75ea663523d98d753f28f01c7c64348c52391e96e1edb60f4449696445be620c,796.96,978.41,1.0,2.0
s5378,17,A,M5_hpwl_local,wire_local_peak,16904eaa0db2f733be62aebed6ba183f37c1d672a02d210e964bf96d1bc71f54,1076.85,1268.37,9.0,9.0
s5378,17,J50,M5_hpwl_local,wire_local_peak,9c54b48f2ab8c0d7ebd94dd6c5de6ad6f04883f972277372ae90fecb4ce7f9ee,865.28,1033.19,6.0,5.0
s5378,17,P,M5_hpwl_local,wire_local_peak,bf4923662baa3ce72543bd3ad5092fb514808ffe46ce23173d3c9695ff0c9486,850.8600000000001,1023.81,4.0,4.0
s5378,17,T,M5_hpwl_local,wire_local_peak,37deaa7b3eee9623d40fe7ceb4163773bfda2f0953a72fb7b9babd69f088b04f,888.0699999999999,1076.17,8.0,8.0
s5378,17,a78c6ce1a5a1,M5_hpwl_local,wire_local_peak,a78c6ce1a5a13b64713b1b86f3a984a1e11ed754a6e7c4373fb88b603eec28e7,864.21,1034.48,5.0,6.0
s5378,29,0348f2cc6b9d,M3_load,cap_total,0348f2cc6b9dde7d6525795e96eb629b8da746f46f6936d6555a373279e1dbd1,11441784.697607659,11653921.608824283,4.0,4.0
s5378,29,1f1a3a458946,M3_load,cap_total,1f1a3a458946abcf31aa53a2375266a8629ed0ac0079ec7c20ecf47cc1e2e685,10495350.455072312,10677043.234409709,3.0,3.0
s5378,29,44b1a2ab5a1e,M3_load,cap_total,44b1a2ab5a1e9c7caec247107108fb3055f3c6ffceb2de291ff1d93111bd3d1b,13559124.144087037,13805820.707106382,9.0,9.0
s5378,29,75ea663523d9,M3_load,cap_total,75ea663523d98d753f28f01c7c64348c52391e96e1edb60f4449696445be620c,11496629.98374214,11686660.677881353,5.0,5.0
s5378,29,A,M3_load,cap_total,16904eaa0db2f733be62aebed6ba183f37c1d672a02d210e964bf96d1bc71f54,9560494.557582831,9819743.561462404,1.0,1.0
s5378,29,J50,M3_load,cap_total,9c54b48f2ab8c0d7ebd94dd6c5de6ad6f04883f972277372ae90fecb4ce7f9ee,10010249.486549921,10257285.909044564,2.0,2.0
s5378,29,P,M3_load,cap_total,bf4923662baa3ce72543bd3ad5092fb514808ffe46ce23173d3c9695ff0c9486,13252875.483843438,13511480.697805572,8.0,8.0
s5378,29,T,M3_load,cap_total,37deaa7b3eee9623d40fe7ceb4163773bfda2f0953a72fb7b9babd69f088b04f,13250793.5082956,13507443.002594514,7.0,7.0
s5378,29,a78c6ce1a5a1,M3_load,cap_total,a78c6ce1a5a13b64713b1b86f3a984a1e11ed754a6e7c4373fb88b603eec28e7,11786973.01643936,12025735.953532754,6.0,6.0
s5378,29,0348f2cc6b9d,M3_load_local,cap_local_peak,0348f2cc6b9dde7d6525795e96eb629b8da746f46f6936d6555a373279e1dbd1,327.25518528,338.15353352897,4.0,5.0
s5378,29,1f1a3a458946,M3_load_local,cap_local_peak,1f1a3a458946abcf31aa53a2375266a8629ed0ac0079ec7c20ecf47cc1e2e685,322.45843350999996,328.71492986694,2.0,2.0
s5378,29,44b1a2ab5a1e,M3_load_local,cap_local_peak,44b1a2ab5a1e9c7caec247107108fb3055f3c6ffceb2de291ff1d93111bd3d1b,339.79011776,348.58084354799996,8.0,8.0
s5378,29,75ea663523d9,M3_load_local,cap_local_peak,75ea663523d98d753f28f01c7c64348c52391e96e1edb60f4449696445be620c,327.85515565000003,339.51412250096996,5.0,6.0
s5378,29,A,M3_load_local,cap_local_peak,16904eaa0db2f733be62aebed6ba183f37c1d672a02d210e964bf96d1bc71f54,345.18109376999996,353.87136587195,9.0,9.0
s5378,29,J50,M3_load_local,cap_local_peak,9c54b48f2ab8c0d7ebd94dd6c5de6ad6f04883f972277372ae90fecb4ce7f9ee,312.03694665999996,318.57987811994,1.0,1.0
s5378,29,P,M3_load_local,cap_local_peak,bf4923662baa3ce72543bd3ad5092fb514808ffe46ce23173d3c9695ff0c9486,329.01041144000004,337.895579888,6.0,4.0
s5378,29,T,M3_load_local,cap_local_peak,37deaa7b3eee9623d40fe7ceb4163773bfda2f0953a72fb7b9babd69f088b04f,334.80255117999997,340.74356382793997,7.0,7.0
s5378,29,a78c6ce1a5a1,M3_load_local,cap_local_peak,a78c6ce1a5a13b64713b1b86f3a984a1e11ed754a6e7c4373fb88b603eec28e7,324.44179266,332.17622290594,3.0,3.0
s5378,29,0348f2cc6b9d,M5_hpwl,wire_total,0348f2cc6b9dde7d6525795e96eb629b8da746f46f6936d6555a373279e1dbd1,31465364.860000003,34289779.76,3.0,3.0
s5378,29,1f1a3a458946,M5_hpwl,wire_total,1f1a3a458946abcf31aa53a2375266a8629ed0ac0079ec7c20ecf47cc1e2e685,29943843.51,32648065.51,2.0,2.0
s5378,29,44b1a2ab5a1e,M5_hpwl,wire_total,44b1a2ab5a1e9c7caec247107108fb3055f3c6ffceb2de291ff1d93111bd3d1b,37855748.84,41366958.28,9.0,9.0
s5378,29,75ea663523d9,M5_hpwl,wire_total,75ea663523d98d753f28f01c7c64348c52391e96e1edb60f4449696445be620c,31511472.94,34504907.76,4.0,4.0
s5378,29,A,M5_hpwl,wire_total,16904eaa0db2f733be62aebed6ba183f37c1d672a02d210e964bf96d1bc71f54,32928456.43,35348740.915,6.0,5.0
s5378,29,J50,M5_hpwl,wire_total,9c54b48f2ab8c0d7ebd94dd6c5de6ad6f04883f972277372ae90fecb4ce7f9ee,28868739.320000004,31535291.385,1.0,1.0
s5378,29,P,M5_hpwl,wire_total,bf4923662baa3ce72543bd3ad5092fb514808ffe46ce23173d3c9695ff0c9486,36070499.24,39730533.57,7.0,7.0
s5378,29,T,M5_hpwl,wire_total,37deaa7b3eee9623d40fe7ceb4163773bfda2f0953a72fb7b9babd69f088b04f,36500360.599999994,39804194.245,8.0,8.0
s5378,29,a78c6ce1a5a1,M5_hpwl,wire_total,a78c6ce1a5a13b64713b1b86f3a984a1e11ed754a6e7c4373fb88b603eec28e7,32452940.56,35615906.75000001,5.0,6.0
s5378,29,0348f2cc6b9d,M5_hpwl_local,wire_local_peak,0348f2cc6b9dde7d6525795e96eb629b8da746f46f6936d6555a373279e1dbd1,821.03,894.8600000000001,7.0,3.0
s5378,29,1f1a3a458946,M5_hpwl_local,wire_local_peak,1f1a3a458946abcf31aa53a2375266a8629ed0ac0079ec7c20ecf47cc1e2e685,716.0300000000002,772.8800000000001,2.0,1.0
s5378,29,44b1a2ab5a1e,M5_hpwl_local,wire_local_peak,44b1a2ab5a1e9c7caec247107108fb3055f3c6ffceb2de291ff1d93111bd3d1b,818.52,917.6999999999999,5.0,5.0
s5378,29,75ea663523d9,M5_hpwl_local,wire_local_peak,75ea663523d98d753f28f01c7c64348c52391e96e1edb60f4449696445be620c,799.22,902.98,3.0,4.0
s5378,29,A,M5_hpwl_local,wire_local_peak,16904eaa0db2f733be62aebed6ba183f37c1d672a02d210e964bf96d1bc71f54,993.2650000000001,1018.4100000000001,9.0,9.0
s5378,29,J50,M5_hpwl_local,wire_local_peak,9c54b48f2ab8c0d7ebd94dd6c5de6ad6f04883f972277372ae90fecb4ce7f9ee,699.55,782.29,1.0,2.0
s5378,29,P,M5_hpwl_local,wire_local_peak,bf4923662baa3ce72543bd3ad5092fb514808ffe46ce23173d3c9695ff0c9486,815.52,928.8200000000002,4.0,7.0
s5378,29,T,M5_hpwl_local,wire_local_peak,37deaa7b3eee9623d40fe7ceb4163773bfda2f0953a72fb7b9babd69f088b04f,819.3,923.6699999999998,6.0,6.0
s5378,29,a78c6ce1a5a1,M5_hpwl_local,wire_local_peak,a78c6ce1a5a13b64713b1b86f3a984a1e11ed754a6e7c4373fb88b603eec28e7,853.88,951.9200000000001,8.0,8.0
s9234,11,A,M3_load,cap_total,71afe0e235bbdcef058e540b59180401b82f37f48d0b3c1313fe6750cc2e8c35,21276485.0214909,23723729.715676844,3.0,3.0
s9234,11,J50,M3_load,cap_total,2f6e012e12ba16621b425a458c0d0d7cf410abc6a724a1f139e84e84f12e55a1,20366941.45833807,22419272.438704792,1.0,1.0
s9234,11,P,M3_load,cap_total,169ed6bfc885161ffb6e65df93983a818a4ee75fa347c639b11077f4a5c9be13,24120796.75159056,26478398.074869998,6.0,6.0
s9234,11,T,M3_load,cap_total,237fb9ad7f2ffd5c2bc0a8c4bc0306e97cc0e3004cb5fb11dd35244619138aef,23942593.1806913,26225191.07638884,5.0,4.0
s9234,11,activity_extreme,M3_load,cap_total,7df0fb60c2a837f9d068d616fafe76bd33956b8b924f301ed3328e8881bc12ac,20501623.8018811,22561137.284847282,2.0,2.0
s9234,11,balanced,M3_load,cap_total,42ab942ed206f2312b9ded3de31e50a1202687a5e9adeb74276377bf998117be,23932882.34429732,26306928.38171516,4.0,5.0
s9234,11,A,M3_load_local,cap_local_peak,71afe0e235bbdcef058e540b59180401b82f37f48d0b3c1313fe6750cc2e8c35,428.04597685,503.53644587947997,3.0,4.0
s9234,11,J50,M3_load_local,cap_local_peak,2f6e012e12ba16621b425a458c0d0d7cf410abc6a724a1f139e84e84f12e55a1,416.51482954000005,474.48431544567006,2.0,1.0
s9234,11,P,M3_load_local,cap_local_peak,169ed6bfc885161ffb6e65df93983a818a4ee75fa347c639b11077f4a5c9be13,448.4321448600001,515.35521731068,5.0,5.0
s9234,11,T,M3_load_local,cap_local_peak,237fb9ad7f2ffd5c2bc0a8c4bc0306e97cc0e3004cb5fb11dd35244619138aef,443.83687004,500.53484828068,4.0,3.0
s9234,11,activity_extreme,M3_load_local,cap_local_peak,7df0fb60c2a837f9d068d616fafe76bd33956b8b924f301ed3328e8881bc12ac,416.30428751,474.55264444027,1.0,2.0
s9234,11,balanced,M3_load_local,cap_local_peak,42ab942ed206f2312b9ded3de31e50a1202687a5e9adeb74276377bf998117be,451.52972508,516.54203722429,6.0,6.0
s9234,11,A,M5_hpwl,wire_total,71afe0e235bbdcef058e540b59180401b82f37f48d0b3c1313fe6750cc2e8c35,97286757.89999999,113167447.15999998,6.0,6.0
s9234,11,J50,M5_hpwl,wire_total,2f6e012e12ba16621b425a458c0d0d7cf410abc6a724a1f139e84e84f12e55a1,75058463.46999998,91778916.96499999,1.0,1.0
s9234,11,P,M5_hpwl,wire_total,169ed6bfc885161ffb6e65df93983a818a4ee75fa347c639b11077f4a5c9be13,84961348.75999998,104297716.715,5.0,5.0
s9234,11,T,M5_hpwl,wire_total,237fb9ad7f2ffd5c2bc0a8c4bc0306e97cc0e3004cb5fb11dd35244619138aef,84193187.3,102975754.95500001,3.0,3.0
s9234,11,activity_extreme,M5_hpwl,wire_total,7df0fb60c2a837f9d068d616fafe76bd33956b8b924f301ed3328e8881bc12ac,75563845.09999998,92326041.36499998,2.0,2.0
s9234,11,balanced,M5_hpwl,wire_total,42ab942ed206f2312b9ded3de31e50a1202687a5e9adeb74276377bf998117be,84292327.72,103127337.95,4.0,4.0
s9234,11,A,M5_hpwl_local,wire_local_peak,71afe0e235bbdcef058e540b59180401b82f37f48d0b3c1313fe6750cc2e8c35,1676.85,2148.88,6.0,6.0
s9234,11,J50,M5_hpwl_local,wire_local_peak,2f6e012e12ba16621b425a458c0d0d7cf410abc6a724a1f139e84e84f12e55a1,1491.34,1905.805,2.0,2.0
s9234,11,P,M5_hpwl_local,wire_local_peak,169ed6bfc885161ffb6e65df93983a818a4ee75fa347c639b11077f4a5c9be13,1512.06,1987.015,4.0,4.0
s9234,11,T,M5_hpwl_local,wire_local_peak,237fb9ad7f2ffd5c2bc0a8c4bc0306e97cc0e3004cb5fb11dd35244619138aef,1498.8400000000001,1913.55,3.0,3.0
s9234,11,activity_extreme,M5_hpwl_local,wire_local_peak,7df0fb60c2a837f9d068d616fafe76bd33956b8b924f301ed3328e8881bc12ac,1416.8400000000001,1873.025,1.0,1.0
s9234,11,balanced,M5_hpwl_local,wire_local_peak,42ab942ed206f2312b9ded3de31e50a1202687a5e9adeb74276377bf998117be,1527.6799999999998,1987.32,5.0,5.0
s9234,13,A,M3_load,cap_total,71afe0e235bbdcef058e540b59180401b82f37f48d0b3c1313fe6750cc2e8c35,21318383.037247054,23902267.08706682,3.0,3.0
s9234,13,J50,M3_load,cap_total,2f6e012e12ba16621b425a458c0d0d7cf410abc6a724a1f139e84e84f12e55a1,20591697.46604142,22807569.876258682,1.0,1.0
s9234,13,P,M3_load,cap_total,169ed6bfc885161ffb6e65df93983a818a4ee75fa347c639b11077f4a5c9be13,24509507.14269603,27033418.28255,6.0,6.0
s9234,13,T,M3_load,cap_total,237fb9ad7f2ffd5c2bc0a8c4bc0306e97cc0e3004cb5fb11dd35244619138aef,24359614.89667039,26927783.64289458,4.0,4.0
s9234,13,activity_extreme,M3_load,cap_total,7df0fb60c2a837f9d068d616fafe76bd33956b8b924f301ed3328e8881bc12ac,20721048.91375607,22941933.002449676,2.0,2.0
s9234,13,balanced,M3_load,cap_total,42ab942ed206f2312b9ded3de31e50a1202687a5e9adeb74276377bf998117be,24371919.257614277,26964932.333922815,5.0,5.0
s9234,13,A,M3_load_local,cap_local_peak,71afe0e235bbdcef058e540b59180401b82f37f48d0b3c1313fe6750cc2e8c35,439.62756479999996,512.3985560276301,4.0,4.0
s9234,13,J50,M3_load_local,cap_local_peak,2f6e012e12ba16621b425a458c0d0d7cf410abc6a724a1f139e84e84f12e55a1,399.00629334999996,452.98957437305,1.0,1.0
s9234,13,P,M3_load_local,cap_local_peak,169ed6bfc885161ffb6e65df93983a818a4ee75fa347c639b11077f4a5c9be13,447.38448148,515.7126090173,5.0,5.0
s9234,13,T,M3_load_local,cap_local_peak,237fb9ad7f2ffd5c2bc0a8c4bc0306e97cc0e3004cb5fb11dd35244619138aef,429.44483802999997,492.66436705072005,3.0,3.0
s9234,13,activity_extreme,M3_load_local,cap_local_peak,7df0fb60c2a837f9d068d616fafe76bd33956b8b924f301ed3328e8881bc12ac,408.53171886999996,458.15852699213,2.0,2.0
s9234,13,balanced,M3_load_local,cap_local_peak,42ab942ed206f2312b9ded3de31e50a1202687a5e9adeb74276377bf998117be,458.90590075,519.55050601238,6.0,6.0
s9234,13,A,M5_hpwl,wire_total,71afe0e235bbdcef058e540b59180401b82f37f48d0b3c1313fe6750cc2e8c35,97689697.05,113338998.07000001,6.0,6.0
s9234,13,J50,M5_hpwl,wire_total,2f6e012e12ba16621b425a458c0d0d7cf410abc6a724a1f139e84e84f12e55a1,77219973.82000001,94448839.11,1.0,1.0
s9234,13,P,M5_hpwl,wire_total,169ed6bfc885161ffb6e65df93983a818a4ee75fa347c639b11077f4a5c9be13,88699631.63,108813448.14,5.0,5.0
s9234,13,T,M5_hpwl,wire_total,237fb9ad7f2ffd5c2bc0a8c4bc0306e97cc0e3004cb5fb11dd35244619138aef,88203744.18999998,108234653.3,3.0,3.0
s9234,13,activity_extreme,M5_hpwl,wire_total,7df0fb60c2a837f9d068d616fafe76bd33956b8b924f301ed3328e8881bc12ac,77674087.47,95092267.51000002,2.0,2.0
s9234,13,balanced,M5_hpwl,wire_total,42ab942ed206f2312b9ded3de31e50a1202687a5e9adeb74276377bf998117be,88514607.88,108763566.66,4.0,4.0
s9234,13,A,M5_hpwl_local,wire_local_peak,71afe0e235bbdcef058e540b59180401b82f37f48d0b3c1313fe6750cc2e8c35,1621.8000000000002,2064.25,5.0,5.0
s9234,13,J50,M5_hpwl_local,wire_local_peak,2f6e012e12ba16621b425a458c0d0d7cf410abc6a724a1f139e84e84f12e55a1,1408.0900000000001,1846.3449999999998,1.0,1.0
s9234,13,P,M5_hpwl_local,wire_local_peak,169ed6bfc885161ffb6e65df93983a818a4ee75fa347c639b11077f4a5c9be13,1529.75,2027.5200000000002,4.0,4.0
s9234,13,T,M5_hpwl_local,wire_local_peak,237fb9ad7f2ffd5c2bc0a8c4bc0306e97cc0e3004cb5fb11dd35244619138aef,1478.56,1958.3200000000002,3.0,3.0
s9234,13,activity_extreme,M5_hpwl_local,wire_local_peak,7df0fb60c2a837f9d068d616fafe76bd33956b8b924f301ed3328e8881bc12ac,1438.01,1891.665,2.0,2.0
s9234,13,balanced,M5_hpwl_local,wire_local_peak,42ab942ed206f2312b9ded3de31e50a1202687a5e9adeb74276377bf998117be,1627.75,2111.63,6.0,6.0
s9234,17,A,M3_load,cap_total,71afe0e235bbdcef058e540b59180401b82f37f48d0b3c1313fe6750cc2e8c35,21331927.113596346,23999052.444055602,3.0,3.0
s9234,17,J50,M3_load,cap_total,2f6e012e12ba16621b425a458c0d0d7cf410abc6a724a1f139e84e84f12e55a1,20592336.34714143,22768559.990992058,1.0,1.0
s9234,17,P,M3_load,cap_total,169ed6bfc885161ffb6e65df93983a818a4ee75fa347c639b11077f4a5c9be13,24592900.162568912,27160696.244916137,6.0,6.0
s9234,17,T,M3_load,cap_total,237fb9ad7f2ffd5c2bc0a8c4bc0306e97cc0e3004cb5fb11dd35244619138aef,24437991.383352757,27045012.95292232,5.0,5.0
s9234,17,activity_extreme,M3_load,cap_total,7df0fb60c2a837f9d068d616fafe76bd33956b8b924f301ed3328e8881bc12ac,20730802.34819303,22869578.23677543,2.0,2.0
s9234,17,balanced,M3_load,cap_total,42ab942ed206f2312b9ded3de31e50a1202687a5e9adeb74276377bf998117be,24424199.074348677,26984394.83622581,4.0,4.0
s9234,17,A,M3_load_local,cap_local_peak,71afe0e235bbdcef058e540b59180401b82f37f48d0b3c1313fe6750cc2e8c35,457.56007744,538.86678900016,1.0,3.0
s9234,17,J50,M3_load_local,cap_local_peak,2f6e012e12ba16621b425a458c0d0d7cf410abc6a724a1f139e84e84f12e55a1,458.34184849,524.09059826168,2.5,1.0
s9234,17,P,M3_load_local,cap_local_peak,169ed6bfc885161ffb6e65df93983a818a4ee75fa347c639b11077f4a5c9be13,475.42472989,544.46103982387,4.0,4.0
s9234,17,T,M3_load_local,cap_local_peak,237fb9ad7f2ffd5c2bc0a8c4bc0306e97cc0e3004cb5fb11dd35244619138aef,494.77772936,567.0162024364699,6.0,6.0
s9234,17,activity_extreme,M3_load_local,cap_local_peak,7df0fb60c2a837f9d068d616fafe76bd33956b8b924f301ed3328e8881bc12ac,458.34184849,526.1195852934,2.5,2.0
s9234,17,balanced,M3_load_local,cap_local_peak,42ab942ed206f2312b9ded3de31e50a1202687a5e9adeb74276377bf998117be,476.42597157,545.4809013351701,5.0,5.0
s9234,17,A,M5_hpwl,wire_total,71afe0e235bbdcef058e540b59180401b82f37f48d0b3c1313fe6750cc2e8c35,97819952.35,113898792.41,6.0,6.0
s9234,17,J50,M5_hpwl,wire_total,2f6e012e12ba16621b425a458c0d0d7cf410abc6a724a1f139e84e84f12e55a1,77226118.02999999,94009498.145,1.0,1.0
s9234,17,P,M5_hpwl,wire_total,169ed6bfc885161ffb6e65df93983a818a4ee75fa347c639b11077f4a5c9be13,89501634.11000001,109571696.74499999,5.0,5.0
s9234,17,T,M5_hpwl,wire_total,237fb9ad7f2ffd5c2bc0a8c4bc0306e97cc0e3004cb5fb11dd35244619138aef,88957501.96000001,109138720.35000001,3.0,3.0
s9234,17,activity_extreme,M5_hpwl,wire_total,7df0fb60c2a837f9d068d616fafe76bd33956b8b924f301ed3328e8881bc12ac,77767887.63,94524496.955,2.0,2.0
s9234,17,balanced,M5_hpwl,wire_total,42ab942ed206f2312b9ded3de31e50a1202687a5e9adeb74276377bf998117be,89017390.28,109174157.69500001,4.0,4.0
s9234,17,A,M5_hpwl_local,wire_local_peak,71afe0e235bbdcef058e540b59180401b82f37f48d0b3c1313fe6750cc2e8c35,1730.74,2225.21,6.0,6.0
s9234,17,J50,M5_hpwl_local,wire_local_peak,2f6e012e12ba16621b425a458c0d0d7cf410abc6a724a1f139e84e84f12e55a1,1544.29,2038.31,2.5,4.0
s9234,17,P,M5_hpwl_local,wire_local_peak,169ed6bfc885161ffb6e65df93983a818a4ee75fa347c639b11077f4a5c9be13,1549.5099999999998,2026.1149999999998,4.0,2.0
s9234,17,T,M5_hpwl_local,wire_local_peak,237fb9ad7f2ffd5c2bc0a8c4bc0306e97cc0e3004cb5fb11dd35244619138aef,1599.56,2117.38,5.0,5.0
s9234,17,activity_extreme,M5_hpwl_local,wire_local_peak,7df0fb60c2a837f9d068d616fafe76bd33956b8b924f301ed3328e8881bc12ac,1544.29,2034.915,2.5,3.0
s9234,17,balanced,M5_hpwl_local,wire_local_peak,42ab942ed206f2312b9ded3de31e50a1202687a5e9adeb74276377bf998117be,1538.9699999999998,2018.4500000000003,1.0,1.0
s9234,29,A,M3_load,cap_total,71afe0e235bbdcef058e540b59180401b82f37f48d0b3c1313fe6750cc2e8c35,20448389.712365642,21980194.832751516,1.0,1.0
s9234,29,J50,M3_load,cap_total,2f6e012e12ba16621b425a458c0d0d7cf410abc6a724a1f139e84e84f12e55a1,21306034.778523542,22870087.117422454,2.0,2.0
s9234,29,P,M3_load,cap_total,169ed6bfc885161ffb6e65df93983a818a4ee75fa347c639b11077f4a5c9be13,25844971.597007565,27744499.685051143,6.0,6.0
s9234,29,T,M3_load,cap_total,237fb9ad7f2ffd5c2bc0a8c4bc0306e97cc0e3004cb5fb11dd35244619138aef,25567129.219165605,27474447.94167398,5.0,5.0
s9234,29,activity_extreme,M3_load,cap_total,7df0fb60c2a837f9d068d616fafe76bd33956b8b924f301ed3328e8881bc12ac,21443085.633354712,23026968.803487126,3.0,3.0
s9234,29,balanced,M3_load,cap_total,42ab942ed206f2312b9ded3de31e50a1202687a5e9adeb74276377bf998117be,25514981.91220633,27465379.855997905,4.0,4.0
s9234,29,A,M3_load_local,cap_local_peak,71afe0e235bbdcef058e540b59180401b82f37f48d0b3c1313fe6750cc2e8c35,441.68684483,496.31145368949,1.0,1.0
s9234,29,J50,M3_load_local,cap_local_peak,2f6e012e12ba16621b425a458c0d0d7cf410abc6a724a1f139e84e84f12e55a1,442.09909023,506.42733844137,2.0,2.0
s9234,29,P,M3_load_local,cap_local_peak,169ed6bfc885161ffb6e65df93983a818a4ee75fa347c639b11077f4a5c9be13,458.73347012,517.74045576418,4.0,3.0
s9234,29,T,M3_load_local,cap_local_peak,237fb9ad7f2ffd5c2bc0a8c4bc0306e97cc0e3004cb5fb11dd35244619138aef,474.17434678000006,533.9739013001799,6.0,6.0
s9234,29,activity_extreme,M3_load_local,cap_local_peak,7df0fb60c2a837f9d068d616fafe76bd33956b8b924f301ed3328e8881bc12ac,456.53966966999997,517.97601308688,3.0,4.0
s9234,29,balanced,M3_load_local,cap_local_peak,42ab942ed206f2312b9ded3de31e50a1202687a5e9adeb74276377bf998117be,463.63084529,525.21219104203,5.0,5.0
s9234,29,A,M5_hpwl,wire_total,71afe0e235bbdcef058e540b59180401b82f37f48d0b3c1313fe6750cc2e8c35,89045422.545,102302528.735,3.0,3.0
s9234,29,J50,M5_hpwl,wire_total,2f6e012e12ba16621b425a458c0d0d7cf410abc6a724a1f139e84e84f12e55a1,83780655.44500001,98303845.685,1.0,1.0
s9234,29,P,M5_hpwl,wire_total,169ed6bfc885161ffb6e65df93983a818a4ee75fa347c639b11077f4a5c9be13,101160836.865,118656024.89999999,6.0,6.0
s9234,29,T,M5_hpwl,wire_total,237fb9ad7f2ffd5c2bc0a8c4bc0306e97cc0e3004cb5fb11dd35244619138aef,99437040.70500001,116654587.64,5.0,5.0
s9234,29,activity_extreme,M5_hpwl,wire_total,7df0fb60c2a837f9d068d616fafe76bd33956b8b924f301ed3328e8881bc12ac,84308028.01500002,98544791.46000001,2.0,2.0
s9234,29,balanced,M5_hpwl,wire_total,42ab942ed206f2312b9ded3de31e50a1202687a5e9adeb74276377bf998117be,99128326.03500001,116562476.12,4.0,4.0
s9234,29,A,M5_hpwl_local,wire_local_peak,71afe0e235bbdcef058e540b59180401b82f37f48d0b3c1313fe6750cc2e8c35,1512.92,1985.91,5.0,3.0
s9234,29,J50,M5_hpwl_local,wire_local_peak,2f6e012e12ba16621b425a458c0d0d7cf410abc6a724a1f139e84e84f12e55a1,1384.7000000000003,1879.645,1.0,1.0
s9234,29,P,M5_hpwl_local,wire_local_peak,169ed6bfc885161ffb6e65df93983a818a4ee75fa347c639b11077f4a5c9be13,1503.0,2003.95,4.0,4.0
s9234,29,T,M5_hpwl_local,wire_local_peak,237fb9ad7f2ffd5c2bc0a8c4bc0306e97cc0e3004cb5fb11dd35244619138aef,1522.38,2062.375,6.0,6.0
s9234,29,activity_extreme,M5_hpwl_local,wire_local_peak,7df0fb60c2a837f9d068d616fafe76bd33956b8b924f301ed3328e8881bc12ac,1413.0700000000002,1938.3999999999999,2.0,2.0
s9234,29,balanced,M5_hpwl_local,wire_local_peak,42ab942ed206f2312b9ded3de31e50a1202687a5e9adeb74276377bf998117be,1499.0900000000001,2027.8049999999998,3.0,5.0
s15850,11,A,M3_load,cap_total,e1867cc98b3d1afa4f231daa6c38652ed38be26bf58ed32499449fb51fd1f7ea,84187730.94647115,94910010.21014804,3.0,3.0
s15850,11,J50,M3_load,cap_total,fdf44a74a70de6097e4087b4760fce7fd18c6f454f82cbbbb07121eed956b965,70461686.14442135,75514927.0497982,1.0,1.0
s15850,11,P,M3_load,cap_total,f58717aa863acd666346580fa4a3fca3fdea25f88ec768be3b8839f2ea7307a9,91931898.56202918,97800999.03345989,5.0,6.0
s15850,11,T,M3_load,cap_total,f0ec44569fab2217d7aa9f8dd4bb03a265c3d352c935343052f3505432cea877,91995775.33525147,97433641.40014859,6.0,5.0
s15850,11,activity_extreme,M3_load,cap_total,b114446060130f88bb0f258b5915937146e12ca040037900c1bf44c4e5e657a1,86010321.95340328,97118200.42501177,4.0,4.0
s15850,11,balanced,M3_load,cap_total,c59deca1ac58ed7903f5baa6e82c81263b768d429134eeef408225691a69e3b9,71603877.45978412,76766045.93229695,2.0,2.0
s15850,11,A,M3_load_local,cap_local_peak,e1867cc98b3d1afa4f231daa6c38652ed38be26bf58ed32499449fb51fd1f7ea,525.381114765,609.32940683109,6.0,6.0
s15850,11,J50,M3_load_local,cap_local_peak,fdf44a74a70de6097e4087b4760fce7fd18c6f454f82cbbbb07121eed956b965,385.94257324,421.62183144060003,1.0,1.0
s15850,11,P,M3_load_local,cap_local_peak,f58717aa863acd666346580fa4a3fca3fdea25f88ec768be3b8839f2ea7307a9,424.52357658500006,442.76606066568,4.0,4.0
s15850,11,T,M3_load_local,cap_local_peak,f0ec44569fab2217d7aa9f8dd4bb03a265c3d352c935343052f3505432cea877,410.323228905,430.15494454943996,3.0,2.0
s15850,11,activity_extreme,M3_load_local,cap_local_peak,b114446060130f88bb0f258b5915937146e12ca040037900c1bf44c4e5e657a1,525.295215805,608.7916180041101,5.0,5.0
s15850,11,balanced,M3_load_local,cap_local_peak,c59deca1ac58ed7903f5baa6e82c81263b768d429134eeef408225691a69e3b9,403.69809952500003,436.69796546829,2.0,3.0
s15850,11,A,M5_hpwl,wire_total,e1867cc98b3d1afa4f231daa6c38652ed38be26bf58ed32499449fb51fd1f7ea,514034882.255,553470255.8149999,5.0,5.0
s15850,11,J50,M5_hpwl,wire_total,fdf44a74a70de6097e4087b4760fce7fd18c6f454f82cbbbb07121eed956b965,328333734.245,364972759.28999996,1.0,1.0
s15850,11,P,M5_hpwl,wire_total,f58717aa863acd666346580fa4a3fca3fdea25f88ec768be3b8839f2ea7307a9,398568717.0949999,445725109.2099999,4.0,4.0
s15850,11,T,M5_hpwl,wire_total,f0ec44569fab2217d7aa9f8dd4bb03a265c3d352c935343052f3505432cea877,398499281.34499997,443964917.07500005,3.0,3.0
s15850,11,activity_extreme,M5_hpwl,wire_total,b114446060130f88bb0f258b5915937146e12ca040037900c1bf44c4e5e657a1,523716418.565,563730538.22,6.0,6.0
s15850,11,balanced,M5_hpwl,wire_total,c59deca1ac58ed7903f5baa6e82c81263b768d429134eeef408225691a69e3b9,333205430.20499986,370086138.78499997,2.0,2.0
s15850,11,A,M5_hpwl_local,wire_local_peak,e1867cc98b3d1afa4f231daa6c38652ed38be26bf58ed32499449fb51fd1f7ea,3355.0649999999996,3682.9700000000003,5.0,5.0
s15850,11,J50,M5_hpwl_local,wire_local_peak,fdf44a74a70de6097e4087b4760fce7fd18c6f454f82cbbbb07121eed956b965,2110.04,2317.41,1.0,2.0
s15850,11,P,M5_hpwl_local,wire_local_peak,f58717aa863acd666346580fa4a3fca3fdea25f88ec768be3b8839f2ea7307a9,2124.395,2339.4399999999996,3.0,3.0
s15850,11,T,M5_hpwl_local,wire_local_peak,f0ec44569fab2217d7aa9f8dd4bb03a265c3d352c935343052f3505432cea877,2117.005,2306.7799999999997,2.0,1.0
s15850,11,activity_extreme,M5_hpwl_local,wire_local_peak,b114446060130f88bb0f258b5915937146e12ca040037900c1bf44c4e5e657a1,3387.1249999999995,3711.73,6.0,6.0
s15850,11,balanced,M5_hpwl_local,wire_local_peak,c59deca1ac58ed7903f5baa6e82c81263b768d429134eeef408225691a69e3b9,2172.21,2380.25,4.0,4.0
s15850,13,A,M3_load,cap_total,e1867cc98b3d1afa4f231daa6c38652ed38be26bf58ed32499449fb51fd1f7ea,83869891.1070152,94710215.59772532,3.0,3.0
s15850,13,J50,M3_load,cap_total,fdf44a74a70de6097e4087b4760fce7fd18c6f454f82cbbbb07121eed956b965,70986650.79645294,76029095.80723226,1.0,1.0
s15850,13,P,M3_load,cap_total,f58717aa863acd666346580fa4a3fca3fdea25f88ec768be3b8839f2ea7307a9,93762917.41304575,99839558.03769445,5.0,5.0
s15850,13,T,M3_load,cap_total,f0ec44569fab2217d7aa9f8dd4bb03a265c3d352c935343052f3505432cea877,93906379.28154653,100022423.12942672,6.0,6.0
s15850,13,activity_extreme,M3_load,cap_total,b114446060130f88bb0f258b5915937146e12ca040037900c1bf44c4e5e657a1,85657718.83873078,96613933.72416008,4.0,4.0
s15850,13,balanced,M3_load,cap_total,c59deca1ac58ed7903f5baa6e82c81263b768d429134eeef408225691a69e3b9,72165090.67243244,77273347.7387287,2.0,2.0
s15850,13,A,M3_load_local,cap_local_peak,e1867cc98b3d1afa4f231daa6c38652ed38be26bf58ed32499449fb51fd1f7ea,585.310602385,689.18335089162,5.0,5.0
s15850,13,J50,M3_load_local,cap_local_peak,fdf44a74a70de6097e4087b4760fce7fd18c6f454f82cbbbb07121eed956b965,433.409648115,462.11589232085,1.0,1.0
s15850,13,P,M3_load_local,cap_local_peak,f58717aa863acd666346580fa4a3fca3fdea25f88ec768be3b8839f2ea7307a9,471.908327345,498.44060882409,4.0,3.0
s15850,13,T,M3_load_local,cap_local_peak,f0ec44569fab2217d7aa9f8dd4bb03a265c3d352c935343052f3505432cea877,449.00030513999997,483.4573488674099,2.0,2.0
s15850,13,activity_extreme,M3_load_local,cap_local_peak,b114446060130f88bb0f258b5915937146e12ca040037900c1bf44c4e5e657a1,605.295078935,696.50680136611,6.0,6.0
s15850,13,balanced,M3_load_local,cap_local_peak,c59deca1ac58ed7903f5baa6e82c81263b768d429134eeef408225691a69e3b9,450.30856349,500.44731784403996,3.0,4.0
s15850,13,A,M5_hpwl,wire_total,e1867cc98b3d1afa4f231daa6c38652ed38be26bf58ed32499449fb51fd1f7ea,510978171.515,551539337.025,5.0,5.0
s15850,13,J50,M5_hpwl,wire_total,fdf44a74a70de6097e4087b4760fce7fd18c6f454f82cbbbb07121eed956b965,333382393.635,368902897.145,1.0,1.0
s15850,13,P,M5_hpwl,wire_total,f58717aa863acd666346580fa4a3fca3fdea25f88ec768be3b8839f2ea7307a9,416177884.6449999,464002250.005,3.0,4.0
s15850,13,T,M5_hpwl,wire_total,f0ec44569fab2217d7aa9f8dd4bb03a265c3d352c935343052f3505432cea877,416873830.02500004,463876421.925,4.0,3.0
s15850,13,activity_extreme,M5_hpwl,wire_total,b114446060130f88bb0f258b5915937146e12ca040037900c1bf44c4e5e657a1,520325384.485,561478994.9050002,6.0,6.0
s15850,13,balanced,M5_hpwl,wire_total,c59deca1ac58ed7903f5baa6e82c81263b768d429134eeef408225691a69e3b9,338602697.13500005,375049482.6450001,2.0,2.0
s15850,13,A,M5_hpwl_local,wire_local_peak,e1867cc98b3d1afa4f231daa6c38652ed38be26bf58ed32499449fb51fd1f7ea,3685.085,4039.4200000000005,5.0,5.0
s15850,13,J50,M5_hpwl_local,wire_local_peak,fdf44a74a70de6097e4087b4760fce7fd18c6f454f82cbbbb07121eed956b965,2344.805,2556.99,2.0,2.0
s15850,13,P,M5_hpwl_local,wire_local_peak,f58717aa863acd666346580fa4a3fca3fdea25f88ec768be3b8839f2ea7307a9,2374.215,2610.38,3.0,3.0
s15850,13,T,M5_hpwl_local,wire_local_peak,f0ec44569fab2217d7aa9f8dd4bb03a265c3d352c935343052f3505432cea877,2244.8650000000002,2437.935,1.0,1.0
s15850,13,activity_extreme,M5_hpwl_local,wire_local_peak,b114446060130f88bb0f258b5915937146e12ca040037900c1bf44c4e5e657a1,3830.635,4154.8,6.0,6.0
s15850,13,balanced,M5_hpwl_local,wire_local_peak,c59deca1ac58ed7903f5baa6e82c81263b768d429134eeef408225691a69e3b9,2374.29,2654.13,4.0,4.0
s15850,17,A,M3_load,cap_total,e1867cc98b3d1afa4f231daa6c38652ed38be26bf58ed32499449fb51fd1f7ea,84217837.75910306,95089874.96535344,3.0,3.0
s15850,17,J50,M3_load,cap_total,fdf44a74a70de6097e4087b4760fce7fd18c6f454f82cbbbb07121eed956b965,71186462.55979055,75791896.83161537,1.0,1.0
s15850,17,P,M3_load,cap_total,f58717aa863acd666346580fa4a3fca3fdea25f88ec768be3b8839f2ea7307a9,94020300.54253574,99945872.4589315,5.0,5.0
s15850,17,T,M3_load,cap_total,f0ec44569fab2217d7aa9f8dd4bb03a265c3d352c935343052f3505432cea877,94230990.72661616,100011307.92049311,6.0,6.0
s15850,17,activity_extreme,M3_load,cap_total,b114446060130f88bb0f258b5915937146e12ca040037900c1bf44c4e5e657a1,86091576.62272774,97203297.7942362,4.0,4.0
s15850,17,balanced,M3_load,cap_total,c59deca1ac58ed7903f5baa6e82c81263b768d429134eeef408225691a69e3b9,72344079.96912965,77055120.68647093,2.0,2.0
s15850,17,A,M3_load_local,cap_local_peak,e1867cc98b3d1afa4f231daa6c38652ed38be26bf58ed32499449fb51fd1f7ea,532.19111203,614.44863811689,6.0,6.0
s15850,17,J50,M3_load_local,cap_local_peak,fdf44a74a70de6097e4087b4760fce7fd18c6f454f82cbbbb07121eed956b965,419.57287149,461.77735116338,3.0,4.0
s15850,17,P,M3_load_local,cap_local_peak,f58717aa863acd666346580fa4a3fca3fdea25f88ec768be3b8839f2ea7307a9,433.6601207450001,460.69101530443004,4.0,3.0
s15850,17,T,M3_load_local,cap_local_peak,f0ec44569fab2217d7aa9f8dd4bb03a265c3d352c935343052f3505432cea877,418.10802155,459.82961983177,2.0,2.0
s15850,17,activity_extreme,M3_load_local,cap_local_peak,b114446060130f88bb0f258b5915937146e12ca040037900c1bf44c4e5e657a1,516.550637925,603.36305782728,5.0,5.0
s15850,17,balanced,M3_load_local,cap_local_peak,c59deca1ac58ed7903f5baa6e82c81263b768d429134eeef408225691a69e3b9,412.38571963000004,450.02354913259006,1.0,1.0
s15850,17,A,M5_hpwl,wire_total,e1867cc98b3d1afa4f231daa6c38652ed38be26bf58ed32499449fb51fd1f7ea,514324423.7349999,552314676.81,5.0,5.0
s15850,17,J50,M5_hpwl,wire_total,fdf44a74a70de6097e4087b4760fce7fd18c6f454f82cbbbb07121eed956b965,335304011.655,370194857.34499997,1.0,1.0
s15850,17,P,M5_hpwl,wire_total,f58717aa863acd666346580fa4a3fca3fdea25f88ec768be3b8839f2ea7307a9,418653174.645,465679872.56499994,3.0,3.0
s15850,17,T,M5_hpwl,wire_total,f0ec44569fab2217d7aa9f8dd4bb03a265c3d352c935343052f3505432cea877,419995664.25500005,466996994.39000005,4.0,4.0
s15850,17,activity_extreme,M5_hpwl,wire_total,b114446060130f88bb0f258b5915937146e12ca040037900c1bf44c4e5e657a1,524497856.22499996,563948678.2349999,6.0,6.0
s15850,17,balanced,M5_hpwl,wire_total,c59deca1ac58ed7903f5baa6e82c81263b768d429134eeef408225691a69e3b9,340324062.54499996,375875685.99000007,2.0,2.0
s15850,17,A,M5_hpwl_local,wire_local_peak,e1867cc98b3d1afa4f231daa6c38652ed38be26bf58ed32499449fb51fd1f7ea,3183.975,3511.79,5.0,5.0
s15850,17,J50,M5_hpwl_local,wire_local_peak,fdf44a74a70de6097e4087b4760fce7fd18c6f454f82cbbbb07121eed956b965,2123.29,2433.68,2.0,3.0
s15850,17,P,M5_hpwl_local,wire_local_peak,f58717aa863acd666346580fa4a3fca3fdea25f88ec768be3b8839f2ea7307a9,2235.275,2441.41,4.0,4.0
s15850,17,T,M5_hpwl_local,wire_local_peak,f0ec44569fab2217d7aa9f8dd4bb03a265c3d352c935343052f3505432cea877,2075.0649999999996,2421.7,1.0,2.0
s15850,17,activity_extreme,M5_hpwl_local,wire_local_peak,b114446060130f88bb0f258b5915937146e12ca040037900c1bf44c4e5e657a1,3254.575,3530.5199999999995,6.0,6.0
s15850,17,balanced,M5_hpwl_local,wire_local_peak,c59deca1ac58ed7903f5baa6e82c81263b768d429134eeef408225691a69e3b9,2150.2299999999996,2421.13,3.0,1.0
s15850,29,A,M3_load,cap_total,e1867cc98b3d1afa4f231daa6c38652ed38be26bf58ed32499449fb51fd1f7ea,80978255.62155174,88043955.87284859,3.0,3.0
s15850,29,J50,M3_load,cap_total,fdf44a74a70de6097e4087b4760fce7fd18c6f454f82cbbbb07121eed956b965,73710027.03025061,77491594.73243277,1.0,1.0
s15850,29,P,M3_load,cap_total,f58717aa863acd666346580fa4a3fca3fdea25f88ec768be3b8839f2ea7307a9,100842769.6968029,104875831.81487991,6.0,6.0
s15850,29,T,M3_load,cap_total,f0ec44569fab2217d7aa9f8dd4bb03a265c3d352c935343052f3505432cea877,100312106.06214625,104689544.44637558,5.0,5.0
s15850,29,activity_extreme,M3_load,cap_total,b114446060130f88bb0f258b5915937146e12ca040037900c1bf44c4e5e657a1,82681463.28109077,90015391.91121818,4.0,4.0
s15850,29,balanced,M3_load,cap_total,c59deca1ac58ed7903f5baa6e82c81263b768d429134eeef408225691a69e3b9,74879922.00017731,78805836.16740969,2.0,2.0
s15850,29,A,M3_load_local,cap_local_peak,e1867cc98b3d1afa4f231daa6c38652ed38be26bf58ed32499449fb51fd1f7ea,517.64948626,576.2889116484901,5.0,5.0
s15850,29,J50,M3_load_local,cap_local_peak,fdf44a74a70de6097e4087b4760fce7fd18c6f454f82cbbbb07121eed956b965,429.34749995000004,469.82955957658,1.0,1.0
s15850,29,P,M3_load_local,cap_local_peak,f58717aa863acd666346580fa4a3fca3fdea25f88ec768be3b8839f2ea7307a9,482.61831252499996,516.2372217396401,4.0,3.0
s15850,29,T,M3_load_local,cap_local_peak,f0ec44569fab2217d7aa9f8dd4bb03a265c3d352c935343052f3505432cea877,480.09919391499994,523.8494797221701,3.0,4.0
s15850,29,activity_extreme,M3_load_local,cap_local_peak,b114446060130f88bb0f258b5915937146e12ca040037900c1bf44c4e5e657a1,527.84036492,589.47042465755,6.0,6.0
s15850,29,balanced,M3_load_local,cap_local_peak,c59deca1ac58ed7903f5baa6e82c81263b768d429134eeef408225691a69e3b9,434.74176571000004,474.07376437518997,2.0,2.0
s15850,29,A,M5_hpwl,wire_total,e1867cc98b3d1afa4f231daa6c38652ed38be26bf58ed32499449fb51fd1f7ea,483273089.33,513457226.89000005,4.0,3.0
s15850,29,J50,M5_hpwl,wire_total,fdf44a74a70de6097e4087b4760fce7fd18c6f454f82cbbbb07121eed956b965,359688753.59999996,389785325.0799999,1.0,1.0
s15850,29,P,M5_hpwl,wire_total,f58717aa863acd666346580fa4a3fca3fdea25f88ec768be3b8839f2ea7307a9,484424115.69,524745655.05999994,5.0,6.0
s15850,29,T,M5_hpwl,wire_total,f0ec44569fab2217d7aa9f8dd4bb03a265c3d352c935343052f3505432cea877,478635850.83000004,518756913.335,3.0,4.0
s15850,29,activity_extreme,M5_hpwl,wire_total,b114446060130f88bb0f258b5915937146e12ca040037900c1bf44c4e5e657a1,491809217.38,522401444.42,6.0,5.0
s15850,29,balanced,M5_hpwl,wire_total,c59deca1ac58ed7903f5baa6e82c81263b768d429134eeef408225691a69e3b9,364829504.09000003,395656421.26,2.0,2.0
s15850,29,A,M5_hpwl_local,wire_local_peak,e1867cc98b3d1afa4f231daa6c38652ed38be26bf58ed32499449fb51fd1f7ea,3073.335,3382.715,5.0,5.0
s15850,29,J50,M5_hpwl_local,wire_local_peak,fdf44a74a70de6097e4087b4760fce7fd18c6f454f82cbbbb07121eed956b965,2264.445,2475.48,2.0,2.0
s15850,29,P,M5_hpwl_local,wire_local_peak,f58717aa863acd666346580fa4a3fca3fdea25f88ec768be3b8839f2ea7307a9,2453.935,2693.415,3.0,3.0
s15850,29,T,M5_hpwl_local,wire_local_peak,f0ec44569fab2217d7aa9f8dd4bb03a265c3d352c935343052f3505432cea877,2618.215,2892.3399999999997,4.0,4.0
s15850,29,activity_extreme,M5_hpwl_local,wire_local_peak,b114446060130f88bb0f258b5915937146e12ca040037900c1bf44c4e5e657a1,3102.425,3435.72,6.0,6.0
s15850,29,balanced,M5_hpwl_local,wire_local_peak,c59deca1ac58ed7903f5baa6e82c81263b768d429134eeef408225691a69e3b9,2239.415,2471.01,1.0,1.0
