design,FF_count,ATPG_pattern_count,attempt,method,stage,wall_seconds,CPU_seconds,peak_RSS_KiB,exit_code,timed_out
s38417,1636,105,baseline_buffer_traversal_repaired,B0,correctness/fan,5.124471673000244,,,0,
s38417,1636,105,baseline_buffer_traversal_repaired,B0,physical/extraction,7.922230144000423,,,0,False
s38417,1636,105,baseline_buffer_traversal_repaired,B0,physical/topology,2.6365357170002426,,,0,False
s38417,1636,105,baseline_buffer_traversal_repaired,B2,correctness/fan,3.875307316999624,,,0,
s38417,1636,105,baseline_buffer_traversal_repaired,B2,physical/extraction,8.610614992000137,,,0,False
s38417,1636,105,baseline_buffer_traversal_repaired,B2,physical/topology,2.9904109030003383,,,0,False
s38417,1636,105,baseline_buffer_traversal_repaired,original_workload,FAN_original_workload,3.525370316000135,,,0,
s35932,1728,21,baseline_functional_identity_repaired,B0,correctness/fan,3.56179313299981,,,0,
s35932,1728,21,baseline_functional_identity_repaired,B0,physical/extraction,9.558650448000208,,,0,False
s35932,1728,21,baseline_functional_identity_repaired,B0,physical/rewire,4.043782936000298,,,0,False
s35932,1728,21,baseline_functional_identity_repaired,B0,physical/route,670.682567625,,,0,False
s35932,1728,21,baseline_functional_identity_repaired,B0,physical/topology,2.738417819999995,,,0,False
s35932,1728,21,baseline_functional_identity_repaired,B1,correctness/fan,3.6319526600000245,,,0,
s35932,1728,21,baseline_functional_identity_repaired,B1,generation,14.717513790999874,,,0,False
s35932,1728,21,baseline_functional_identity_repaired,B1,physical/extraction,8.962428542999987,,,0,False
s35932,1728,21,baseline_functional_identity_repaired,B1,physical/rewire,3.8883957279999777,,,0,False
s35932,1728,21,baseline_functional_identity_repaired,B1,physical/route,717.0987165669999,,,0,False
s35932,1728,21,baseline_functional_identity_repaired,B1,physical/topology,2.9358336949999284,,,0,False
s35932,1728,21,baseline_functional_identity_repaired,B2,correctness/fan,3.8620271879999564,,,0,
s35932,1728,21,baseline_functional_identity_repaired,B2,generation,16.726745158000085,,,0,False
s35932,1728,21,baseline_functional_identity_repaired,B2,physical/extraction,8.769743185999687,,,0,False
s35932,1728,21,baseline_functional_identity_repaired,B2,physical/rewire,4.345347354999831,,,0,False
s35932,1728,21,baseline_functional_identity_repaired,B2,physical/route,731.7739422910004,,,0,False
s35932,1728,21,baseline_functional_identity_repaired,B2,physical/topology,2.8428811750000023,,,0,False
s35932,1728,21,baseline_functional_identity_repaired,B3T,correctness/fan,3.7260859139996683,,,0,
s35932,1728,21,baseline_functional_identity_repaired,B3T,generation,35.60089099800007,,,0,False
s35932,1728,21,baseline_functional_identity_repaired,B3T,physical/extraction,9.450228345000141,,,0,False
s35932,1728,21,baseline_functional_identity_repaired,B3T,physical/rewire,4.0054047170006015,,,0,False
s35932,1728,21,baseline_functional_identity_repaired,B3T,physical/route,768.1201983750007,,,0,False
s35932,1728,21,baseline_functional_identity_repaired,B3T,physical/topology,2.88440115100002,,,0,False
s35932,1728,21,baseline_functional_identity_repaired,common,rewire,4.4952567320001435,,,0,False
s35932,1728,21,baseline_functional_identity_repaired,original_workload,FAN_original_workload,3.6317535750004026,,,0,
s1196,18,134,baseline_runtime_paths_repaired,B0,correctness/fan,0.11583187599998723,,,0,
s1196,18,134,baseline_runtime_paths_repaired,B0,physical/extraction,0.993999498000008,,,0,False
s1196,18,134,baseline_runtime_paths_repaired,B0,physical/rewire,1.2454748989999995,,,0,False
s1196,18,134,baseline_runtime_paths_repaired,B0,physical/route,60.225095732,,,0,False
s1196,18,134,baseline_runtime_paths_repaired,B0,physical/topology,1.2393085470000074,,,0,False
s1196,18,134,baseline_runtime_paths_repaired,B1,correctness/fan,0.11780711800000176,,,0,
s1196,18,134,baseline_runtime_paths_repaired,B1,generation,2.544015430999991,,,0,False
s1196,18,134,baseline_runtime_paths_repaired,B1,physical/extraction,1.0304236599999967,,,0,False
s1196,18,134,baseline_runtime_paths_repaired,B1,physical/rewire,1.184854161000004,,,0,False
s1196,18,134,baseline_runtime_paths_repaired,B1,physical/route,55.57565885700001,,,0,False
s1196,18,134,baseline_runtime_paths_repaired,B1,physical/topology,1.232011166999996,,,0,False
s1196,18,134,baseline_runtime_paths_repaired,B2,correctness/fan,0.12066680000000929,,,0,
s1196,18,134,baseline_runtime_paths_repaired,B2,generation,6.2497113550000165,,,0,False
s1196,18,134,baseline_runtime_paths_repaired,B2,physical/extraction,0.8790993699999774,,,0,False
s1196,18,134,baseline_runtime_paths_repaired,B2,physical/rewire,1.183211746000012,,,0,False
s1196,18,134,baseline_runtime_paths_repaired,B2,physical/route,77.04785753800002,,,0,False
s1196,18,134,baseline_runtime_paths_repaired,B2,physical/topology,1.2815749949999997,,,0,False
s1196,18,134,baseline_runtime_paths_repaired,B3T,correctness/fan,0.11949013899999272,,,0,
s1196,18,134,baseline_runtime_paths_repaired,B3T,generation,7.636478897999979,,,0,False
s1196,18,134,baseline_runtime_paths_repaired,B3T,physical/extraction,0.9394337470000096,,,0,False
s1196,18,134,baseline_runtime_paths_repaired,B3T,physical/rewire,1.1894904579999945,,,0,False
s1196,18,134,baseline_runtime_paths_repaired,B3T,physical/route,55.328002000000026,,,0,False
s1196,18,134,baseline_runtime_paths_repaired,B3T,physical/topology,1.2838986840000075,,,0,False
s1196,18,134,baseline_runtime_paths_repaired,common,rewire,1.4411000410000003,,,0,False
s1196,18,134,baseline_runtime_paths_repaired,original_workload,FAN_original_workload,0.10741506399999956,,,0,
s1238,18,145,baseline_runtime_paths_repaired,B0,correctness/fan,0.13679237100001274,,,0,
s1238,18,145,baseline_runtime_paths_repaired,B0,physical/extraction,1.0417082600000072,,,0,False
s1238,18,145,baseline_runtime_paths_repaired,B0,physical/rewire,1.2350297659999967,,,0,False
s1238,18,145,baseline_runtime_paths_repaired,B0,physical/route,65.72967819000002,,,0,False
s1238,18,145,baseline_runtime_paths_repaired,B0,physical/topology,1.4123420139999894,,,0,False
s1238,18,145,baseline_runtime_paths_repaired,B1,correctness/fan,0.10511688499997263,,,0,
s1238,18,145,baseline_runtime_paths_repaired,B1,generation,2.6452781880000202,,,0,False
s1238,18,145,baseline_runtime_paths_repaired,B1,physical/extraction,0.9320802670000035,,,0,False
s1238,18,145,baseline_runtime_paths_repaired,B1,physical/rewire,1.2364896420000377,,,0,False
s1238,18,145,baseline_runtime_paths_repaired,B1,physical/route,76.785187383,,,0,False
s1238,18,145,baseline_runtime_paths_repaired,B1,physical/topology,1.1832820750000224,,,0,False
s1238,18,145,baseline_runtime_paths_repaired,B2,correctness/fan,0.11714806399999134,,,0,
s1238,18,145,baseline_runtime_paths_repaired,B2,generation,3.991778222999983,,,0,False
s1238,18,145,baseline_runtime_paths_repaired,B2,physical/extraction,0.8798948689999975,,,0,False
s1238,18,145,baseline_runtime_paths_repaired,B2,physical/rewire,1.1835001979999902,,,0,False
s1238,18,145,baseline_runtime_paths_repaired,B2,physical/route,73.34565000399999,,,0,False
s1238,18,145,baseline_runtime_paths_repaired,B2,physical/topology,1.1895583360000046,,,0,False
s1238,18,145,baseline_runtime_paths_repaired,B3T,correctness/fan,0.12743118599996706,,,0,
s1238,18,145,baseline_runtime_paths_repaired,B3T,generation,6.649309772000038,,,0,False
s1238,18,145,baseline_runtime_paths_repaired,B3T,physical/extraction,0.9821094239999866,,,0,False
s1238,18,145,baseline_runtime_paths_repaired,B3T,physical/rewire,1.081198551,,,0,False
s1238,18,145,baseline_runtime_paths_repaired,B3T,physical/route,70.61600222200002,,,0,False
s1238,18,145,baseline_runtime_paths_repaired,B3T,physical/topology,1.2323009920000914,,,0,False
s1238,18,145,baseline_runtime_paths_repaired,common,rewire,1.232078042000012,,,0,False
s1238,18,145,baseline_runtime_paths_repaired,original_workload,FAN_original_workload,0.10868444099997987,,,0,
s38417,1636,105,baseline_runtime_paths_repaired,B0,physical/rewire,3.368726473000038,,,0,False
s38417,1636,105,baseline_runtime_paths_repaired,B0,physical/route,582.258189305,,,0,False
s38417,1636,105,baseline_runtime_paths_repaired,B0,physical/topology,2.8376448709998385,,,1,False
s38417,1636,105,baseline_runtime_paths_repaired,B1,correctness/fan,2.8317644870001004,,,0,
s38417,1636,105,baseline_runtime_paths_repaired,B1,generation,11.911118807999856,,,0,False
s38417,1636,105,baseline_runtime_paths_repaired,B1,physical/extraction,7.449422148999929,,,0,False
s38417,1636,105,baseline_runtime_paths_repaired,B1,physical/rewire,3.2390954119998696,,,0,False
s38417,1636,105,baseline_runtime_paths_repaired,B1,physical/route,586.519410222,,,0,False
s38417,1636,105,baseline_runtime_paths_repaired,B1,physical/topology,2.132902220999995,,,0,False
s38417,1636,105,baseline_runtime_paths_repaired,B2,generation,14.12216648499998,,,0,False
s38417,1636,105,baseline_runtime_paths_repaired,B2,physical/rewire,3.490104613000085,,,0,False
s38417,1636,105,baseline_runtime_paths_repaired,B2,physical/route,582.083917445,,,0,False
s38417,1636,105,baseline_runtime_paths_repaired,B2,physical/topology,2.7833163179998337,,,1,False
s38417,1636,105,baseline_runtime_paths_repaired,B3T,correctness/fan,2.8137848189999204,,,0,
s38417,1636,105,baseline_runtime_paths_repaired,B3T,generation,32.15214617799984,,,0,False
s38417,1636,105,baseline_runtime_paths_repaired,B3T,physical/extraction,8.150200236999808,,,0,False
s38417,1636,105,baseline_runtime_paths_repaired,B3T,physical/rewire,3.7436590700003762,,,0,False
s38417,1636,105,baseline_runtime_paths_repaired,B3T,physical/route,618.3067430800002,,,0,False
s38417,1636,105,baseline_runtime_paths_repaired,B3T,physical/topology,2.134272300000248,,,0,False
s38417,1636,105,baseline_runtime_paths_repaired,common,rewire,3.337923544999967,,,0,False
s38417,1636,105,baseline_runtime_paths_repaired,original_workload,FAN_original_workload,2.7692685929999925,,,0,
s38584,1426,133,baseline_runtime_paths_repaired,B0,physical/rewire,4.196351362000314,,,0,False
s38584,1426,133,baseline_runtime_paths_repaired,B0,physical/route,1119.947657241,,,0,False
s38584,1426,133,baseline_runtime_paths_repaired,B0,physical/topology,2.9902436740003395,,,1,False
s38584,1426,133,baseline_runtime_paths_repaired,B1,correctness/fan,4.097745211999609,,,0,
s38584,1426,133,baseline_runtime_paths_repaired,B1,generation,13.74828224400062,,,0,False
s38584,1426,133,baseline_runtime_paths_repaired,B1,physical/extraction,12.428884764000031,,,0,False
s38584,1426,133,baseline_runtime_paths_repaired,B1,physical/rewire,4.443257941999946,,,0,False
s38584,1426,133,baseline_runtime_paths_repaired,B1,physical/route,1068.2396099390007,,,0,False
s38584,1426,133,baseline_runtime_paths_repaired,B1,physical/topology,2.9906804510001166,,,0,False
s38584,1426,133,baseline_runtime_paths_repaired,B2,generation,14.414172150999548,,,0,False
s38584,1426,133,baseline_runtime_paths_repaired,B2,physical/rewire,4.036073207999834,,,0,False
s38584,1426,133,baseline_runtime_paths_repaired,B2,physical/route,949.0000987830008,,,0,False
s38584,1426,133,baseline_runtime_paths_repaired,B2,physical/topology,3.186238006000167,,,1,False
s38584,1426,133,baseline_runtime_paths_repaired,B3T,correctness/fan,3.980886499999542,,,0,
s38584,1426,133,baseline_runtime_paths_repaired,B3T,generation,28.272586430000047,,,0,False
s38584,1426,133,baseline_runtime_paths_repaired,B3T,physical/extraction,11.023639791000278,,,0,False
s38584,1426,133,baseline_runtime_paths_repaired,B3T,physical/rewire,4.189842334000787,,,0,False
s38584,1426,133,baseline_runtime_paths_repaired,B3T,physical/route,881.5880724010003,,,0,False
s38584,1426,133,baseline_runtime_paths_repaired,B3T,physical/topology,2.33452484999998,,,0,False
s38584,1426,133,baseline_runtime_paths_repaired,common,rewire,4.1856967839999015,,,0,False
s38584,1426,133,baseline_runtime_paths_repaired,original_workload,FAN_original_workload,4.46539665399996,,,0,
s953,29,89,baseline_runtime_paths_repaired,B0,correctness/fan,0.11513176000000414,,,0,
s953,29,89,baseline_runtime_paths_repaired,B0,physical/extraction,0.8837195340000008,,,0,False
s953,29,89,baseline_runtime_paths_repaired,B0,physical/rewire,1.1884459809999992,,,0,False
s953,29,89,baseline_runtime_paths_repaired,B0,physical/route,47.51240797,,,0,False
s953,29,89,baseline_runtime_paths_repaired,B0,physical/topology,1.286515859000005,,,0,False
s953,29,89,baseline_runtime_paths_repaired,B1,correctness/fan,0.10880989700000043,,,0,
s953,29,89,baseline_runtime_paths_repaired,B1,generation,2.687518554999997,,,0,False
s953,29,89,baseline_runtime_paths_repaired,B1,physical/extraction,0.8829042070000099,,,0,False
s953,29,89,baseline_runtime_paths_repaired,B1,physical/rewire,1.2342784989999984,,,0,False
s953,29,89,baseline_runtime_paths_repaired,B1,physical/route,48.227799851,,,0,False
s953,29,89,baseline_runtime_paths_repaired,B1,physical/topology,1.1826963600000084,,,0,False
s953,29,89,baseline_runtime_paths_repaired,B2,correctness/fan,0.11732700500002124,,,0,
s953,29,89,baseline_runtime_paths_repaired,B2,generation,6.044705816000004,,,0,False
s953,29,89,baseline_runtime_paths_repaired,B2,physical/extraction,0.8810373449999815,,,0,False
s953,29,89,baseline_runtime_paths_repaired,B2,physical/rewire,1.2344813370000054,,,0,False
s953,29,89,baseline_runtime_paths_repaired,B2,physical/route,48.740544056999994,,,0,False
s953,29,89,baseline_runtime_paths_repaired,B2,physical/topology,1.1813166659999865,,,0,False
s953,29,89,baseline_runtime_paths_repaired,B3T,correctness/fan,0.10313992400000416,,,0,
s953,29,89,baseline_runtime_paths_repaired,B3T,generation,7.003114900000014,,,0,False
s953,29,89,baseline_runtime_paths_repaired,B3T,physical/extraction,0.9283706409999866,,,0,False
s953,29,89,baseline_runtime_paths_repaired,B3T,physical/rewire,1.1327950149999992,,,0,False
s953,29,89,baseline_runtime_paths_repaired,B3T,physical/route,51.363123729999984,,,0,False
s953,29,89,baseline_runtime_paths_repaired,B3T,physical/topology,1.2802836699999887,,,0,False
s953,29,89,baseline_runtime_paths_repaired,common,rewire,1.4965703329999993,,,0,False
s953,29,89,baseline_runtime_paths_repaired,original_workload,FAN_original_workload,0.10043990800000024,,,0,
s38584,1426,133,baseline_sized_scan_cells_repaired,B0,correctness/fan,4.0673697809999965,,,0,
s38584,1426,133,baseline_sized_scan_cells_repaired,B0,physical/extraction,11.936833204,,,0,False
s38584,1426,133,baseline_sized_scan_cells_repaired,B0,physical/topology,4.964690785000002,,,0,False
s38584,1426,133,baseline_sized_scan_cells_repaired,B2,correctness/fan,4.380915387000016,,,0,
s38584,1426,133,baseline_sized_scan_cells_repaired,B2,physical/extraction,10.571755095000015,,,0,False
s38584,1426,133,baseline_sized_scan_cells_repaired,B2,physical/topology,4.098514607999988,,,0,False
s38584,1426,133,baseline_sized_scan_cells_repaired,original_workload,FAN_original_workload,4.427609492,,,0,
s1196,18,134,baselines,B0,correctness/fan,0.12900271300000554,,,0,
s1196,18,134,baselines,B0,physical/extraction,0.9861135040000022,,,0,False
s1196,18,134,baselines,B0,physical/rewire,1.2966081250000006,,,0,False
s1196,18,134,baselines,B0,physical/route,61.131826063999995,,,0,False
s1196,18,134,baselines,B0,physical/topology,1.3343211660000094,,,0,False
s1196,18,134,baselines,B1,generation,2.7429561370000073,,,1,False
s1196,18,134,baselines,B2,generation,1.0308085249999976,,,127,False
s1196,18,134,baselines,B3T,generation,3.344375563,,,1,False
s1196,18,134,baselines,common,rewire,1.5960522269999995,,,0,False
s1196,18,134,baselines,original_workload,FAN_original_workload,0.12016983199999842,,,0,
s953,29,89,final_reference_measurement,B2,extraction_simulation_activity_analysis,9.515821335000055,6.16,165512.0,0,False
s1196,18,134,final_reference_measurement,B2,extraction_simulation_activity_analysis,9.503294026999981,6.140000000000001,165108.0,0,False
s1238,18,145,final_reference_measurement,B3T,extraction_simulation_activity_analysis,10.172809998000048,6.78,165036.0,0,False
s35932,1728,21,final_reference_measurement,B2,extraction_simulation_activity_analysis,927.06247549,777.17,1283572.0,0,False
s38417,1636,105,reference_measurement_resource_limit,B2,incomplete_physical_metric_measurement,1800.0574783200004,,,-15,True
