design,architecture,patterns,shift_cycles,total_transitions,peak_transitions,cap_weighted_ff_transitions,peak_cap_ff,peak_local,peak_local_cap_ff,scan_transitions,scan_cap_weighted,scan_peak_local,scan_peak_local_cap_ff,routed_path_upper_bound_um,setup_wns_ns,hold_wns_ns,timing_stage,DRC,M3_load,M3_load_local,M5_hpwl,M5_hpwl_local,total_transitions_pct_vs_physical_start,peak_transitions_pct_vs_physical_start,cap_weighted_ff_transitions_pct_vs_physical_start,peak_cap_ff_pct_vs_physical_start,peak_local_pct_vs_physical_start,peak_local_cap_ff_pct_vs_physical_start,scan_transitions_pct_vs_physical_start,scan_cap_weighted_pct_vs_physical_start,scan_peak_local_pct_vs_physical_start,scan_peak_local_cap_ff_pct_vs_physical_start,routed_path_upper_bound_um_pct_vs_physical_start,M3_load_pct_vs_physical_start,M3_load_local_pct_vs_physical_start,M5_hpwl_pct_vs_physical_start,M5_hpwl_local_pct_vs_physical_start,total_transitions_pct_vs_J50,peak_transitions_pct_vs_J50,cap_weighted_ff_transitions_pct_vs_J50,peak_cap_ff_pct_vs_J50,peak_local_pct_vs_J50,peak_local_cap_ff_pct_vs_J50,scan_transitions_pct_vs_J50,scan_cap_weighted_pct_vs_J50,scan_peak_local_pct_vs_J50,scan_peak_local_cap_ff_pct_vs_J50,routed_path_upper_bound_um_pct_vs_J50,M3_load_pct_vs_J50,M3_load_local_pct_vs_J50,M5_hpwl_pct_vs_J50,M5_hpwl_local_pct_vs_J50
s5378,P,117,21060,5147171,603,19375482.1615614,2318.2808091900006,31,186.56425272,1831370,10909886.21398417,18,145.96335107000002,5172.87,9.08788,0.0027291,global_route,0,12995366.710993757,374.80503052999995,33594000.90999804,699.13,0.0,0.0,0.0,0.0,0.0,0.0,0.0,0.0,0.0,0.0,0.0,0.0,0.0,0.0,0.0,5.26534185762717,6.349206349206349,3.9806507175936368,4.930130113742015,-6.060606060606055,5.901070029106248,7.092024396376795,3.585665940401106,0.0,-1.309255483536198,-12.495834439920362,30.975208532186205,3.25206003390508,19.892597170916293,-7.725100968772269
s5378,J50,117,21060,4889711,567,18633738.13093771,2209.3566515899997,33,176.16843028,1710090,10532235.43522061,18,147.89973648,5911.57,9.08673,0.00273859,global_route,0,9922004.978369812,363.00005094999995,28020079.389978647,757.66,-5.0019709856152,-5.970149253731338,-3.8282610179127263,-4.698488516499366,6.451612903225801,-5.572247785111495,-6.622364677809511,-3.461546448390007,0.0,1.326624386056574,14.280273813182998,-23.649673002486015,-3.1496321069402256,-16.59201455329041,8.371833564573116,0.0,0.0,0.0,0.0,0.0,0.0,0.0,0.0,0.0,0.0,0.0,0.0,0.0,0.0,0.0
s5378,PACT,117,21060,4955244,595,18563391.31030868,2287.9868573199997,31,167.80267391,1766767,10494265.93654893,17,139.65778856,5189.61,9.08655,0.00271005,global_route,0,12232118.475058,355.92546845,31717965.199976895,694.17,-3.728786162340436,-1.3266998341625258,-4.191332347144416,-1.3067421232971999,0.0,-10.056363175939076,-3.527577715043928,-3.809574813919725,-5.555555555555558,-4.319962828872049,0.32361145746944153,-5.873233537073396,-5.0371688056862425,-5.584436682749527,-0.7094531775206359,1.3402223566996163,4.938271604938271,-0.3775239307041267,3.5589639035152,-6.060606060606055,-4.748726180226248,3.3142700091808086,-0.36050750009545274,-5.555555555555558,-5.5726589621845175,-12.212660934404907,23.282728659422027,-1.9489205253512276,13.197270994602505,-8.379748172003277
s9234,T,156,33072,11805835,933,39343115.75662466,3158.8525268100007,54,192.03926518999998,2838527,20690403.014151953,15,178.05396689,10520.985,8.74351,0.000690018,global_route,0,23942593.180671945,443.83687004,84193187.29996279,1498.8399999999997,0.0,0.0,0.0,0.0,0.0,0.0,0.0,0.0,0.0,0.0,0.0,0.0,0.0,0.0,0.0,8.291605870650166,6.506849315068486,7.927829573442935,4.877761468205577,8.000000000000007,-2.7122808695262957,10.889013985907447,8.46658213165532,0.0,4.190143911068178,-8.435104887253864,17.55615456373063,6.559680127157663,12.170144987814414,0.5029034291308188
s9234,J50,156,33072,10901893,876,36453170.52341202,3011.93740464,50,197.39312105000002,2559791,19075371.056717,15,170.89329202,11490.195,8.7492,0.000693653,global_route,0,20366941.458341055,416.51482954,75058463.47003394,1491.3400000000001,-7.656739231066667,-6.109324758842439,-7.345491524082015,-4.650901582872069,-7.4074074074074066,2.787896451646499,-9.819741013560911,-7.805705651698968,0.0,-4.021631753042499,9.212160268263837,-14.934270884314216,-6.155874453949184,-10.849718513902706,-0.5003869659202853,0.0,0.0,0.0,0.0,0.0,0.0,0.0,0.0,0.0,0.0,0.0,0.0,0.0,0.0,0.0
s9234,PACT,156,33072,11671923,931,38881534.46222842,3096.835672540001,50,188.3432596,2788753,20374117.20220192,15,176.06910565,10622.83,8.74283,0.00195519,global_route,0,23214054.157801684,433.22451305999994,81776629.51999481,1476.2599999999998,-1.1342865625345477,-0.2143622722400873,-1.1732199789451614,-1.963271591302429,-7.4074074074074066,-1.9246093169244416,-1.753515115410209,-1.5286595033151218,0.0,-1.1147526082506243,0.96801772837809,-3.0428576277125474,-2.391048985868083,-2.870253351210339,-1.5064983587307457,7.063268736906525,6.278538812785395,6.661598714045414,2.818726171706354,0.0,-4.584689376134676,8.944558364335208,6.808497415978665,0.0,3.0286815642794673,-7.548740469591686,13.979088147742601,4.011785976132987,8.950577642244163,-1.0111711615057861
s15850,P,133,71022,51656644,1731,161934844.52985352,5728.42754599,90,277.17683905999996,12606811,75381098.24990807,31,147.92464741999999,24095.05,8.13298,0.000547187,global_route,0,91931898.5619797,424.523576585,398568717.09472936,2124.3949999999995,0.0,0.0,0.0,0.0,0.0,0.0,0.0,0.0,0.0,0.0,0.0,0.0,0.0,0.0,0.0,12.586956243612768,11.246786632390737,11.466303517349496,8.182708696958251,0.0,3.4271230748413872,17.80289403075088,12.709037420770986,3.3333333333333437,2.513868426402621,-13.247364572378261,30.470761618679852,9.996565815766644,21.391339215058647,0.680318856514539
s15850,J50,133,71022,45881553,1556,145276948.6561907,5295.14153878,90,267.99240936,10701614,66881148.10926084,30,144.29720553,27774.43,8.13268,0.00136233,global_route,0,70461686.14441319,385.94257324,328333734.2449277,2110.04,-11.179764213873433,-10.109763142692085,-10.28678906138194,-7.563786112880278,0.0,-3.3135631862847736,-15.11244199663182,-11.275970154305359,-3.2258064516129004,-2.4522227723826395,15.270273354900699,-23.35447516412541,-9.088070833511209,-17.62180016579391,-0.6757217937341964,0.0,0.0,0.0,0.0,0.0,0.0,0.0,0.0,0.0,0.0,0.0,0.0,0.0,0.0,0.0
s15850,PACT,133,71022,51185084,1712,160474750.27907562,5653.35295314,90,277.05018914,12452875,74632324.97684976,31,147.39983485,24290.78,8.13237,0.000862782,global_route,0,90609572.39030148,421.90414035500004,394539537.1246104,2121.455,-0.9128738599433639,-1.0976314269208531,-0.9016553880154654,-1.3105619691839099,0.0,-0.045692822109344444,-1.221054238062269,-0.9933170124106327,0.0,-0.35478372208649356,0.8123245230866827,-1.4383757894292915,-0.6170296243783513,-1.0109122460710607,-0.13839234229037212,11.55917935035895,10.025706940874034,10.461261585863646,6.764907259542907,0.0,3.379864303481983,16.36445680062839,11.589479377546219,3.3333333333333437,2.150165908344581,-12.542651640375702,28.59410177127275,9.31785441888453,20.16417930126395,0.5409850050235976
