design,architecture,scope,grid,nets,transitions_maximum,transitions_mean,transitions_p95,transitions_p99,transitions_total,cap_maximum,cap_mean,cap_p95,cap_p99,cap_total,local_maximum,local_mean,local_p95,local_p99,local_total,local_cap_maximum,local_cap_mean,local_cap_p95,local_cap_p99,local_cap_total
s5378,P,all_data,4,1976,603.0,244.4050807217474,463.0,520.0,5147171.0,2318.2808091900006,920.0133979848717,1784.2446211754998,2002.6583307515002,19375482.1615614,88.0,36.60845204178538,60.0,68.0,770974.0,427.04279507999996,154.25682709713394,267.6235313055,317.66317668799996,3248648.7786656404
s5378,P,all_data,8,1976,603.0,244.4050807217474,463.0,520.0,5147171.0,2318.2808091900006,920.0133979848717,1784.2446211754998,2002.6583307515002,19375482.1615614,31.0,16.403608736942072,24.0,26.0,345460.0,186.56425272,74.9538508452379,121.40349611799999,142.3407877245,1578528.09880071
s5378,P,scan_data,4,376,220.0,86.95963912630579,170.0,191.0,1831370.0,1394.69715159,518.0382817656301,1021.6278653469999,1152.8077813483999,10909886.21398417,38.0,14.775878442545109,25.0,28.0,311180.0,332.25294468000004,100.91599312913675,191.09547213699997,236.5689431,2125290.81529962
s5378,P,scan_data,8,376,220.0,86.95963912630579,170.0,191.0,1831370.0,1394.69715159,518.0382817656301,1021.6278653469999,1152.8077813483999,10909886.21398417,18.0,7.920560303893637,12.0,14.0,166807.0,145.96335107000002,55.11707834950047,97.68535721999999,117.12874557,1160765.6700404799
s5378,J50,all_data,4,1976,567.0,232.18000949667615,448.0,493.0,4889711.0,2209.3566515899997,884.7928837102427,1758.381862318,1915.6437695026996,18633738.13093771,87.0,35.54463437796771,57.0,64.0,748570.0,418.29128412999995,153.50449490823456,291.708506343,332.21105556659995,3232804.66276742
s5378,J50,all_data,8,1976,567.0,232.18000949667615,448.0,493.0,4889711.0,2209.3566515899997,884.7928837102427,1758.381862318,1915.6437695026996,18633738.13093771,33.0,15.49002849002849,25.0,27.0,326220.0,176.16843028,69.6769282570869,125.76696849499999,144.4938254012,1467396.10909425
s5378,J50,scan_data,4,376,209.0,81.2008547008547,162.0,177.0,1710090.0,1351.1408751499998,500.1061460218713,1028.6442148689998,1121.7617710529,10532235.43522061,36.0,14.777113010446344,25.0,29.0,311206.0,332.95770072000005,105.29142772629866,220.827224675,257.2772965466,2217437.4679158498
s5378,J50,scan_data,8,376,209.0,81.2008547008547,162.0,177.0,1710090.0,1351.1408751499998,500.1061460218713,1028.6442148689998,1121.7617710529,10532235.43522061,18.0,7.143589743589744,12.0,14.0,150444.0,147.89973648,51.62842856719895,101.70950631000001,120.05128317999998,1087294.70562521
s5378,PACT,all_data,4,1976,595.0,235.29173789173788,454.0,507.0,4955244.0,2287.9868573199997,881.4525788370693,1746.7640769129998,1949.2971146882,18563391.31030868,87.0,35.45821462488129,58.0,65.0,746750.0,430.19492566,148.84847281050332,257.3688582165,309.984144862,3134748.8373892
s5378,PACT,all_data,8,1976,595.0,235.29173789173788,454.0,507.0,4955244.0,2287.9868573199997,881.4525788370693,1746.7640769129998,1949.2971146882,18563391.31030868,31.0,15.767521367521368,23.0,26.0,332064.0,167.80267391,72.38216487626211,119.44479507749999,138.3634466826,1524368.39229408
s5378,PACT,scan_data,4,376,214.0,83.89207027540361,166.0,184.0,1766767.0,1304.41187864,498.3032258570242,1000.8266823475001,1122.0235904541,10494265.93654893,36.0,14.151187084520418,25.0,28.0,298024.0,328.86136185000004,97.23167623260683,183.78633475349997,229.61136797059996,2047699.1014587
s5378,PACT,scan_data,8,376,214.0,83.89207027540361,166.0,184.0,1766767.0,1304.41187864,498.3032258570242,1000.8266823475001,1122.0235904541,10494265.93654893,17.0,7.650379867046533,12.0,14.0,161117.0,139.65778856,53.124740759169995,95.86519095,113.01559233060001,1118807.04038812
s9234,T,all_data,4,2633,933.0,356.97372399612965,674.0,747.0,11805835.0,3158.8525268100007,1189.6200942375624,2257.2925856094994,2516.8106575279003,39343115.75662466,127.0,53.15024794388002,83.0,95.0,1757785.0,521.5199781900001,224.54932620235726,353.3313882734999,393.41366392120017,7426295.316164359
s9234,T,all_data,8,2633,933.0,356.97372399612965,674.0,747.0,11805835.0,3158.8525268100007,1189.6200942375624,2257.2925856094994,2516.8106575279003,39343115.75662466,54.0,22.65853289791969,35.0,40.0,749363.0,192.03926518999998,96.82407931813074,147.0990809905,162.4089383254,3202165.95120922
s9234,T,scan_data,4,360,222.0,85.82870706337687,167.0,186.0,2838527.0,1760.9058323499999,625.6169271332835,1228.6857523700003,1380.4651489845007,20690403.014151953,33.0,16.158411949685533,25.0,28.0,534391.0,373.58469322,153.1816907054016,255.63368645699987,289.60317264140014,5066024.875009041
s9234,T,scan_data,8,360,222.0,85.82870706337687,167.0,186.0,2838527.0,1760.9058323499999,625.6169271332835,1228.6857523700003,1380.4651489845007,20690403.014151953,15.0,7.737572568940493,12.0,14.0,255897.0,178.05396689,76.5275318046571,119.65948981999999,133.50388289,2530918.53184362
s9234,J50,all_data,4,2633,876.0,329.6411768263183,620.0,693.0,10901893.0,3011.93740464,1102.2366510465656,2096.4685318484994,2355.3711776972004,36453170.52341202,119.0,46.935988147073054,80.0,92.0,1552267.0,477.61081396,175.96766083185955,310.464453273,355.3403703395001,5819602.479031259
s9234,J50,all_data,8,2633,876.0,329.6411768263183,620.0,693.0,10901893.0,3011.93740464,1102.2366510465656,2096.4685318484994,2355.3711776972004,36453170.52341202,50.0,21.17628205128205,33.0,39.0,700342.0,197.39312105000002,81.63276298344098,137.28734174,156.1866149577,2699758.7373883603
s9234,J50,scan_data,4,360,206.0,77.4005503144654,151.0,172.0,2559791.0,1596.8119192800004,576.7831112940554,1139.534721564,1303.6422581369002,19075371.056717,31.0,12.901034107402031,21.0,24.0,426663.0,348.10686242,115.71806262680516,213.57132058199997,254.43816193080013,3827027.7671937
s9234,J50,scan_data,8,360,206.0,77.4005503144654,151.0,172.0,2559791.0,1596.8119192800004,576.7831112940554,1139.534721564,1303.6422581369002,19075371.056717,15.0,6.656869859700048,11.0,14.0,220156.0,170.89329202,64.66597395830429,111.44658077999999,127.09063904,2138633.09074904
s9234,PACT,all_data,4,2634,931.0,352.9246190130624,664.0,741.0,11671923.0,3096.835672540001,1175.663233618421,2223.751053556998,2485.7664867460003,38881534.46222842,126.0,52.67189767779391,83.0,95.0,1741965.0,479.04073852000005,221.0225935952876,346.4744700334999,388.0256776322001,7309659.215383351
s9234,PACT,all_data,8,2634,931.0,352.9246190130624,664.0,741.0,11671923.0,3096.835672540001,1175.663233618421,2223.751053556998,2485.7664867460003,38881534.46222842,50.0,22.504716981132077,35.0,40.0,744276.0,188.3432596,96.1952160351013,147.658251097,163.41023812840004,3181368.18471287
s9234,PACT,scan_data,4,360,222.0,84.3236877116594,163.0,184.0,2788753.0,1632.0576166,616.0533745223125,1202.8565826734998,1366.1099428702,20374117.20220192,32.0,15.862481857764877,24.0,27.0,524604.0,373.62371536999996,150.5077221913906,249.6839667315,283.94992172750005,4977591.38831367
s9234,PACT,scan_data,8,360,222.0,84.3236877116594,163.0,184.0,2788753.0,1632.0576166,616.0533745223125,1202.8565826734998,1366.1099428702,20374117.20220192,15.0,7.651880745041122,12.0,14.0,253063.0,176.06910565,75.70898783665761,117.6556358,132.77490821900003,2503847.6457339404
s15850,P,all_data,4,5055,1731.0,727.332995409873,1327.0,1434.0,51656644.0,5728.42754599,2280.0659588557564,4201.914184148,4570.874378338399,161934844.52985352,199.0,96.6676663569035,146.0,160.0,6865531.0,684.84663008,321.03200130374194,497.15342176400003,545.4550664260997,22800334.79659436
s15850,P,all_data,8,5055,1731.0,727.332995409873,1327.0,1434.0,51656644.0,5728.42754599,2280.0659588557564,4201.914184148,4570.874378338399,161934844.52985352,90.0,39.93528765734561,59.0,68.0,2836284.0,277.17683905999996,133.70043043378263,192.57282381000002,218.99917348,9495671.97026811
s15850,P,scan_data,4,759,414.0,177.50571653853734,339.0,367.0,12606811.0,2503.8521012499996,1061.3767318564398,2035.6924351604996,2197.76518178,75381098.24990807,70.0,30.377221142744503,50.0,55.0,2157451.0,424.36993899999993,178.1642567460995,290.002108949,325.47902728,12653581.84262148
s15850,P,scan_data,8,759,414.0,177.50571653853734,339.0,367.0,12606811.0,2503.8521012499996,1061.3767318564398,2035.6924351604996,2197.76518178,75381098.24990807,31.0,12.950958857818705,20.0,23.0,919803.0,147.92464741999999,75.93468915860115,106.53351508649999,116.28754172449996,5393033.49342217
s15850,J50,all_data,4,5057,1556.0,646.0188814733463,1218.0,1344.0,45881553.0,5295.14153878,2045.520383207889,3924.684679771999,4365.126175644299,145276948.6561907,198.0,82.21287769986765,134.0,152.0,5838923.0,628.92771001,274.9850910448882,463.40257213850003,518.0446696443,19529991.13619005
s15850,J50,all_data,8,5057,1556.0,646.0188814733463,1218.0,1344.0,45881553.0,5295.14153878,2045.520383207889,3924.684679771999,4365.126175644299,145276948.6561907,90.0,35.45949142519219,55.0,65.0,2518404.0,267.99240936,116.9819022234209,183.67775771849995,217.37828439569955,8308288.6597118
s15850,J50,scan_data,4,759,394.0,150.6802680859452,303.0,338.0,10701614.0,2438.3642443200006,941.6962083475661,1881.8555498194999,2113.4945974012003,66881148.10926084,62.0,23.885429866801836,44.0,50.0,1696391.0,410.33587107000005,147.56290971592787,270.59818278399996,310.41005412639953,10480212.973844629
s15850,J50,scan_data,8,759,394.0,150.6802680859452,303.0,338.0,10701614.0,2438.3642443200006,941.6962083475661,1881.8555498194999,2113.4945974012003,66881148.10926084,30.0,10.108740953507365,18.0,22.0,717943.0,144.29720553,60.86712697076652,98.02835762199997,110.00937590119997,4322905.09171778
s15850,PACT,all_data,4,5056,1712.0,720.6933626200332,1313.0,1421.7899999999936,51185084.0,5653.35295314,2259.507621287427,4161.405909617,4533.452175467468,160474750.27907562,199.0,95.62389118864577,146.0,159.0,6791400.0,705.01209649,317.37084032729234,494.24384673,543.4019065898996,22540311.821724955
s15850,PACT,all_data,8,5056,1712.0,720.6933626200332,1313.0,1421.7899999999936,51185084.0,5653.35295314,2259.507621287427,4161.405909617,4533.452175467468,160474750.27907562,90.0,39.62103291937709,58.0,67.0,2813965.0,277.05018914,132.55120817284768,192.02010486,218.45879185579997,9414051.906851988
s15850,PACT,scan_data,4,759,425.0,175.33827546394076,334.0,362.0,12452875.0,2593.9028582600013,1050.833896213142,2012.8480632075,2184.1579974969995,74632324.97684976,70.0,29.960913519754442,49.0,55.0,2127884.0,425.3550812,175.84924140549447,285.93474390899996,322.9613227277999,12489164.823101029
s15850,PACT,scan_data,8,759,425.0,175.33827546394076,334.0,362.0,12452875.0,2593.9028582600013,1050.833896213142,2012.8480632075,2184.1579974969995,74632324.97684976,31.0,12.807791951789586,20.0,23.0,909635.0,147.39983485,75.09999709255284,105.77335038700001,116.39388593549997,5333751.993507287
