design,method,architecture_hash,roles,representative,scan_hpwl_um,port_inclusive_scan_hpwl_um,maximum_chain_length,minimum_chain_length,chain_imbalance,estimated_scan_path_length_um,predicted_E,predicted_H4,predicted_H8,predictor_status,geometry_semantics
s5378,B0,ae86d9068718134a0016c7dc484716e3e4439c0978f5cfcdef79c037ac566f86,reference,True,2114.1099999999997,2259.5299999999997,90,89,1,2259.5299999999997,,,,not scored: PR baseline qualification gate pending,sum of FF-origin L1 scan edges; common fixed ports for inclusive metric
s5378,B1,c8c27dc62915a502b882d8e0a6d8dc3632b6de93fdddf658607c3e84f475928b,single_solution,True,1338.8400000000001,1608.3500000000001,90,89,1,1608.3500000000001,,,,not scored: PR baseline qualification gate pending,sum of FF-origin L1 scan edges; common fixed ports for inclusive metric
s5378,P0,b5c4710dcf54de1707ac603e6f5ede702976052b399c80e0b007719cb9cf3f16,physical_extreme;balanced,True,1184.0700000000002,1378.39,90,89,1,1378.39,15334274.093367571,400.9069086359741,168.88923352000003,saved frozen P0 score,sum of FF-origin L1 scan edges; common fixed ports for inclusive metric
s5378,P0,42dfdefa69502dd9c3716d9b2d7a0bf79d48be347a1e8786750551db65ff0db9,H8_extreme,False,1303.7800000000002,1511.0100000000002,90,89,1,1511.0100000000002,15503707.875155125,380.3535427743408,158.2918011145048,saved frozen P0 score,sum of FF-origin L1 scan edges; common fixed ports for inclusive metric
s9234,B0,3cbfe6e3d55be494743cb263dedb95c916791638592d28c70d6440c31b05f316,reference,True,6698.25,6941.555,106,105,1,6941.555,,,,not scored: PR baseline qualification gate pending,sum of FF-origin L1 scan edges; common fixed ports for inclusive metric
s9234,B1,fac8217b9c2c39822d955a49b8addc3304d6caa5b81db595faf640bd5c4a52bd,single_solution,True,1905.3,2313.125,106,105,1,2313.125,,,,not scored: PR baseline qualification gate pending,sum of FF-origin L1 scan edges; common fixed ports for inclusive metric
s9234,P0,53bb5b0187583971d057dc111c46dc7030affedc25dbfe294a9455251ddc6fe5,physical_extreme,False,1477.33,1718.5249999999999,106,105,1,1718.5249999999999,28750677.81905308,435.3068808500206,174.16702338751375,saved frozen P0 score,sum of FF-origin L1 scan edges; common fixed ports for inclusive metric
s9234,P0,797aff0b91f6ad122de840678b76b5969b4c0db00dbedfa78d2884fc75a5ddc2,balanced,True,1627.58,1855.8249999999998,106,105,1,1855.8249999999998,28114606.379795033,431.25866714009,168.87310628163604,saved frozen P0 score,sum of FF-origin L1 scan edges; common fixed ports for inclusive metric
s9234,P0,4d6ff90b2adcf1e133882196914be7899951ae837c00b98734528f8e521b6b40,H8_extreme,False,1654.88,1882.625,106,105,1,1882.625,28043520.590081137,407.4937929681041,162.06390223,saved frozen P0 score,sum of FF-origin L1 scan edges; common fixed ports for inclusive metric
s15850,B0,541edd9b8a402c089751f83af6753d6efd438d9bd803e1309e64bc5fa614d4db,reference,True,19819.64,20052.01,267,267,0,20052.01,,,,not scored: PR baseline qualification gate pending,sum of FF-origin L1 scan edges; common fixed ports for inclusive metric
s15850,B1,24124a8d821b7a19ffb08cc72b90c6bbf44713b1eb4bb5812809ec988bec6f2b,single_solution,True,4020.1399999999994,4520.929999999999,267,267,0,4520.929999999999,,,,not scored: PR baseline qualification gate pending,sum of FF-origin L1 scan edges; common fixed ports for inclusive metric
s15850,P0,f0ec44569fab2217d7aa9f8dd4bb03a265c3d352c935343052f3505432cea877,H8_extreme,False,3214.49,3631.5299999999997,267,267,0,3631.5299999999997,111677162.34758332,588.4665648818082,222.34449304999998,saved frozen P0 score,sum of FF-origin L1 scan edges; common fixed ports for inclusive metric
s15850,P0,e14689c97ca5454cd0c46f98a4328713eca058aece7c6a6229b25f6c0fb2075b,physical_extreme;balanced,True,3144.38,3517.73,267,267,0,3517.73,113079401.8838778,550.1202128999998,229.2901064499999,saved frozen P0 score,sum of FF-origin L1 scan edges; common fixed ports for inclusive metric
