design,method,architecture_hash,architecture_path,roles,selected,representative,status,FF_count,K,predicted_E,predicted_H8,predicted_H4
s5378,B0,ae86d9068718134a0016c7dc484716e3e4439c0978f5cfcdef79c037ac566f86,repo://results/pact_oss_benchmark/stage_a/canonical/s5378/B0/ae86d9068718134a0016c7dc484716e3e4439c0978f5cfcdef79c037ac566f86.json,reference,True,True,CANONICAL_QUALIFIED,179,2,,,
s5378,B1,c8c27dc62915a502b882d8e0a6d8dc3632b6de93fdddf658607c3e84f475928b,repo://results/pact_oss_benchmark/stage_a/canonical/s5378/B1/c8c27dc62915a502b882d8e0a6d8dc3632b6de93fdddf658607c3e84f475928b.json,single_solution,True,True,CANONICAL_QUALIFIED,179,2,,,
s5378,P0,c4eabc41cb50cae503f52eb2deae1101321804849abf1dab0dc8b97e58f90bb5,repo://results/pact_oss_benchmark/stage_a/canonical/s5378/P0/c4eabc41cb50cae503f52eb2deae1101321804849abf1dab0dc8b97e58f90bb5.json,,False,False,CANONICAL_QUALIFIED,179,2,15056083.349300602,181.74554352000004,379.2362397751185
s5378,P0,b5c4710dcf54de1707ac603e6f5ede702976052b399c80e0b007719cb9cf3f16,repo://results/pact_oss_benchmark/stage_a/canonical/s5378/P0/b5c4710dcf54de1707ac603e6f5ede702976052b399c80e0b007719cb9cf3f16.json,physical_extreme;balanced,True,True,CANONICAL_QUALIFIED,179,2,15334274.093367571,168.88923352000003,400.9069086359741
s5378,P0,3b627d8af4f2c34c3bcf71a0822d2b8a612e01fe06e766beda14a95854bd11d9,repo://results/pact_oss_benchmark/stage_a/canonical/s5378/P0/3b627d8af4f2c34c3bcf71a0822d2b8a612e01fe06e766beda14a95854bd11d9.json,,False,False,CANONICAL_QUALIFIED,179,2,14532684.077312436,173.63641836838065,375.05099279562205
s5378,P0,c11dfeee8d449781c780160151a7d1fb97bfdf4d6675e42ee864ffb7f5e7d31c,repo://results/pact_oss_benchmark/stage_a/canonical/s5378/P0/c11dfeee8d449781c780160151a7d1fb97bfdf4d6675e42ee864ffb7f5e7d31c.json,,False,False,CANONICAL_QUALIFIED,179,2,15431644.210381463,163.72011522000003,378.51992476659774
s5378,P0,b72833ffdd2bea7e2cfdb313767af85f5ab47835b13d56822b42ca6736040808,repo://results/pact_oss_benchmark/stage_a/canonical/s5378/P0/b72833ffdd2bea7e2cfdb313767af85f5ab47835b13d56822b42ca6736040808.json,,False,False,CANONICAL_QUALIFIED,179,2,15553871.38135027,161.81966871999998,385.38902032946567
s5378,P0,ec2f6ca066b2f72430c878dec79157da6f8f3d39f268bcd905a66e500da7e67b,repo://results/pact_oss_benchmark/stage_a/canonical/s5378/P0/ec2f6ca066b2f72430c878dec79157da6f8f3d39f268bcd905a66e500da7e67b.json,,False,False,CANONICAL_QUALIFIED,179,2,15739946.9567477,158.2918011145048,385.8090198543408
s5378,P0,42dfdefa69502dd9c3716d9b2d7a0bf79d48be347a1e8786750551db65ff0db9,repo://results/pact_oss_benchmark/stage_a/canonical/s5378/P0/42dfdefa69502dd9c3716d9b2d7a0bf79d48be347a1e8786750551db65ff0db9.json,H8_extreme,True,False,CANONICAL_QUALIFIED,179,2,15503707.875155125,158.2918011145048,380.3535427743408
s5378,P0,b2614a3a06b35038b1a94d9315b9dbd91df65b837a4421f12ec12e6c3c3286ac,repo://results/pact_oss_benchmark/stage_a/canonical/s5378/P0/b2614a3a06b35038b1a94d9315b9dbd91df65b837a4421f12ec12e6c3c3286ac.json,,False,False,CANONICAL_QUALIFIED,179,2,15492364.685423918,158.2918011145048,380.3535427743408
s9234,B0,3cbfe6e3d55be494743cb263dedb95c916791638592d28c70d6440c31b05f316,repo://results/pact_oss_benchmark/stage_a/canonical/s9234/B0/3cbfe6e3d55be494743cb263dedb95c916791638592d28c70d6440c31b05f316.json,reference,True,True,CANONICAL_QUALIFIED,211,2,,,
s9234,B1,fac8217b9c2c39822d955a49b8addc3304d6caa5b81db595faf640bd5c4a52bd,repo://results/pact_oss_benchmark/stage_a/canonical/s9234/B1/fac8217b9c2c39822d955a49b8addc3304d6caa5b81db595faf640bd5c4a52bd.json,single_solution,True,True,CANONICAL_QUALIFIED,211,2,,,
s9234,P0,53bb5b0187583971d057dc111c46dc7030affedc25dbfe294a9455251ddc6fe5,repo://results/pact_oss_benchmark/stage_a/canonical/s9234/P0/53bb5b0187583971d057dc111c46dc7030affedc25dbfe294a9455251ddc6fe5.json,physical_extreme,True,False,CANONICAL_QUALIFIED,211,2,28750677.81905308,174.16702338751375,435.3068808500206
s9234,P0,797aff0b91f6ad122de840678b76b5969b4c0db00dbedfa78d2884fc75a5ddc2,repo://results/pact_oss_benchmark/stage_a/canonical/s9234/P0/797aff0b91f6ad122de840678b76b5969b4c0db00dbedfa78d2884fc75a5ddc2.json,balanced,True,True,CANONICAL_QUALIFIED,211,2,28114606.379795033,168.87310628163604,431.25866714009
s9234,P0,f4bca5652bda0b57f3cb7fd7b31c0228c96465ab7e142b4fb284814b8dd3a223,repo://results/pact_oss_benchmark/stage_a/canonical/s9234/P0/f4bca5652bda0b57f3cb7fd7b31c0228c96465ab7e142b4fb284814b8dd3a223.json,,False,False,CANONICAL_QUALIFIED,211,2,27424023.515313886,172.31476129281754,454.36984687638574
s9234,P0,4d6ff90b2adcf1e133882196914be7899951ae837c00b98734528f8e521b6b40,repo://results/pact_oss_benchmark/stage_a/canonical/s9234/P0/4d6ff90b2adcf1e133882196914be7899951ae837c00b98734528f8e521b6b40.json,H8_extreme,True,False,CANONICAL_QUALIFIED,211,2,28043520.590081137,162.06390223,407.4937929681041
s15850,B0,541edd9b8a402c089751f83af6753d6efd438d9bd803e1309e64bc5fa614d4db,repo://results/pact_oss_benchmark/stage_a/canonical/s15850/B0/541edd9b8a402c089751f83af6753d6efd438d9bd803e1309e64bc5fa614d4db.json,reference,True,True,CANONICAL_QUALIFIED,534,2,,,
s15850,B1,24124a8d821b7a19ffb08cc72b90c6bbf44713b1eb4bb5812809ec988bec6f2b,repo://results/pact_oss_benchmark/stage_a/canonical/s15850/B1/24124a8d821b7a19ffb08cc72b90c6bbf44713b1eb4bb5812809ec988bec6f2b.json,single_solution,True,True,CANONICAL_QUALIFIED,534,2,,,
s15850,P0,f0ec44569fab2217d7aa9f8dd4bb03a265c3d352c935343052f3505432cea877,repo://results/pact_oss_benchmark/stage_a/canonical/s15850/P0/f0ec44569fab2217d7aa9f8dd4bb03a265c3d352c935343052f3505432cea877.json,H8_extreme,True,False,CANONICAL_QUALIFIED,534,2,111677162.34758332,222.34449304999998,588.4665648818082
s15850,P0,e14689c97ca5454cd0c46f98a4328713eca058aece7c6a6229b25f6c0fb2075b,repo://results/pact_oss_benchmark/stage_a/canonical/s15850/P0/e14689c97ca5454cd0c46f98a4328713eca058aece7c6a6229b25f6c0fb2075b.json,physical_extreme;balanced,True,True,CANONICAL_QUALIFIED,534,2,113079401.8838778,229.2901064499999,550.1202128999998
s15850,P0,85c45806ebdba292d56ae3edbb76e4548794fe2311d47c31d0c865f587e8f8f6,repo://results/pact_oss_benchmark/stage_a/canonical/s15850/P0/85c45806ebdba292d56ae3edbb76e4548794fe2311d47c31d0c865f587e8f8f6.json,,False,False,CANONICAL_QUALIFIED,534,2,113248156.71797176,222.42793155676466,536.2142216299999
s15850,P0,5d90e5faf9dcfb7f820a641638cc06c83c19ac634534c5aa75c4cedda6f5a38e,repo://results/pact_oss_benchmark/stage_a/canonical/s15850/P0/5d90e5faf9dcfb7f820a641638cc06c83c19ac634534c5aa75c4cedda6f5a38e.json,,False,False,CANONICAL_QUALIFIED,534,2,112997593.23591807,230.27477095999993,540.2580397199999
s15850,P0,f47e6837c4dacd553187a3ee88d5e8aff729a45b9375e10a8eeac2817177a93e,repo://results/pact_oss_benchmark/stage_a/canonical/s15850/P0/f47e6837c4dacd553187a3ee88d5e8aff729a45b9375e10a8eeac2817177a93e.json,,False,False,CANONICAL_QUALIFIED,534,2,112988404.3150416,230.27477095999993,540.2580397199999
s15850,P0,325f1c332e7a3e9d17688e8a89a18d311894e05b393853bd7d06b66db0577c54,repo://results/pact_oss_benchmark/stage_a/canonical/s15850/P0/325f1c332e7a3e9d17688e8a89a18d311894e05b393853bd7d06b66db0577c54.json,,False,False,CANONICAL_QUALIFIED,534,2,112957510.10436638,230.66828198999997,534.1765541713573
s15850,B2,c081f811b1806ae67132a1b56f1eddc0e4defdbba44fd87c7cbb0ce1d15bb4b8,repo://results/pact_oss_benchmark/recovery_20261003/baselines/B2_openroad_10176/s15850/canonical.json,single_solution,True,True,CANONICAL_QUALIFIED,534,2,,,
s5378,B2,524e797e930947d722d25f683b74606ed558ee8aee242fe36392eb6c5a583ea5,repo://results/pact_oss_benchmark/recovery_20261003/baselines/B2_openroad_10176/s5378/canonical.json,single_solution,True,True,CANONICAL_QUALIFIED,179,2,,,
s9234,B2,045ffbbf9cba85ebc1464d2ddb2f225f9d3d1d1109cf7ef3ab3afd00be474198,repo://results/pact_oss_benchmark/recovery_20261003/baselines/B2_openroad_10176/s9234/canonical.json,single_solution,True,True,CANONICAL_QUALIFIED,211,2,,,
