path	group	action	reason
CITATION.cff	B	keep	Current source/support, minimal reproducibility input/export, canonical docs or required cleanup audit.
artifacts/raw/phase0b/placements/s15850/s11/placed.def	C	keep	Current source/support, minimal reproducibility input/export, canonical docs or required cleanup audit.
artifacts/raw/phase0b/placements/s15850/s11/placed.v	C	keep	Current source/support, minimal reproducibility input/export, canonical docs or required cleanup audit.
artifacts/raw/phase0b/placements/s5378/s11/placed.def	C	keep	Current source/support, minimal reproducibility input/export, canonical docs or required cleanup audit.
artifacts/raw/phase0b/placements/s5378/s11/placed.v	C	keep	Current source/support, minimal reproducibility input/export, canonical docs or required cleanup audit.
artifacts/raw/phase0b/placements/s9234/s11/placed.def	C	keep	Current source/support, minimal reproducibility input/export, canonical docs or required cleanup audit.
artifacts/raw/phase0b/placements/s9234/s11/placed.v	C	keep	Current source/support, minimal reproducibility input/export, canonical docs or required cleanup audit.
artifacts/raw/phase0b/rewire/s5378/s11/P/rewired.def	C	keep	Current source/support, minimal reproducibility input/export, canonical docs or required cleanup audit.
artifacts/raw/phase0b/rewire/s5378/s11/P/rewired.v	C	keep	Current source/support, minimal reproducibility input/export, canonical docs or required cleanup audit.
docs/architecture.md	B	keep	Current source/support, minimal reproducibility input/export, canonical docs or required cleanup audit.
docs/benchmarks.md	B	keep	Current source/support, minimal reproducibility input/export, canonical docs or required cleanup audit.
docs/development.md	B	keep	Current source/support, minimal reproducibility input/export, canonical docs or required cleanup audit.
docs/experiments.md	B	keep	Current source/support, minimal reproducibility input/export, canonical docs or required cleanup audit.
docs/history.md	B	keep	Current source/support, minimal reproducibility input/export, canonical docs or required cleanup audit.
docs/installation.md	B	keep	Current source/support, minimal reproducibility input/export, canonical docs or required cleanup audit.
docs/reproducibility.md	B	keep	Current source/support, minimal reproducibility input/export, canonical docs or required cleanup audit.
docs/research_status.md	B	keep	Current source/support, minimal reproducibility input/export, canonical docs or required cleanup audit.
docs/usage.md	B	keep	Current source/support, minimal reproducibility input/export, canonical docs or required cleanup audit.
reports/repository_cleanup/baseline_tests.xml	D	keep	Current source/support, minimal reproducibility input/export, canonical docs or required cleanup audit.
reports/repository_cleanup/cleanup_summary.md	D	keep	Current source/support, minimal reproducibility input/export, canonical docs or required cleanup audit.
reports/repository_cleanup/dead_code_analysis.md	D	keep	Current source/support, minimal reproducibility input/export, canonical docs or required cleanup audit.
reports/repository_cleanup/deletion_summary.md	D	keep	Current source/support, minimal reproducibility input/export, canonical docs or required cleanup audit.
reports/repository_cleanup/file_classification.tsv	D	keep	Current source/support, minimal reproducibility input/export, canonical docs or required cleanup audit.
reports/repository_cleanup/fresh_checkout_tests.xml	D	keep	Current source/support, minimal reproducibility input/export, canonical docs or required cleanup audit.
reports/repository_cleanup/fresh_checkout_validation.json	D	keep	Current source/support, minimal reproducibility input/export, canonical docs or required cleanup audit.
reports/repository_cleanup/graph_line_ending_repair.json	D	keep	Current source/support, minimal reproducibility input/export, canonical docs or required cleanup audit.
reports/repository_cleanup/historical_blobs.tsv	D	keep	Current source/support, minimal reproducibility input/export, canonical docs or required cleanup audit.
reports/repository_cleanup/historical_line_churn.json	D	keep	Current source/support, minimal reproducibility input/export, canonical docs or required cleanup audit.
reports/repository_cleanup/history_metrics.json	D	keep	Current source/support, minimal reproducibility input/export, canonical docs or required cleanup audit.
reports/repository_cleanup/history_rewrite_plan.md	D	keep	Current source/support, minimal reproducibility input/export, canonical docs or required cleanup audit.
reports/repository_cleanup/junction_policy.md	D	keep	Current source/support, minimal reproducibility input/export, canonical docs or required cleanup audit.
reports/repository_cleanup/local_cleanup_pending.json	D	keep	Current source/support, minimal reproducibility input/export, canonical docs or required cleanup audit.
reports/repository_cleanup/post_cleanup_git_state.txt	D	keep	Current source/support, minimal reproducibility input/export, canonical docs or required cleanup audit.
reports/repository_cleanup/post_cleanup_inventory.md	D	keep	Current source/support, minimal reproducibility input/export, canonical docs or required cleanup audit.
reports/repository_cleanup/post_cleanup_metrics.json	D	keep	Current source/support, minimal reproducibility input/export, canonical docs or required cleanup audit.
reports/repository_cleanup/post_cleanup_tests.xml	D	keep	Current source/support, minimal reproducibility input/export, canonical docs or required cleanup audit.
reports/repository_cleanup/post_cleanup_tracked_inventory.tsv	D	keep	Current source/support, minimal reproducibility input/export, canonical docs or required cleanup audit.
reports/repository_cleanup/post_cleanup_validation.md	D	keep	Current source/support, minimal reproducibility input/export, canonical docs or required cleanup audit.
reports/repository_cleanup/pre_cleanup_inventory.md	D	keep	Current source/support, minimal reproducibility input/export, canonical docs or required cleanup audit.
reports/repository_cleanup/pre_cleanup_metrics.json	D	keep	Current source/support, minimal reproducibility input/export, canonical docs or required cleanup audit.
reports/repository_cleanup/pre_cleanup_tracked_inventory.tsv	D	keep	Current source/support, minimal reproducibility input/export, canonical docs or required cleanup audit.
reports/repository_cleanup/recovered_fixture_integrity.json	D	keep	Current source/support, minimal reproducibility input/export, canonical docs or required cleanup audit.
reports/repository_cleanup/retained_evidence_sha256.json	D	keep	Current source/support, minimal reproducibility input/export, canonical docs or required cleanup audit.
reports/repository_cleanup/retained_git_byte_integrity.json	D	keep	Current source/support, minimal reproducibility input/export, canonical docs or required cleanup audit.
results/pact_h8_rootcause/README.md	C	keep	Current source/support, minimal reproducibility input/export, canonical docs or required cleanup audit.
results/pact_h8_rootcause/analysis_summary.json	C	keep	Current source/support, minimal reproducibility input/export, canonical docs or required cleanup audit.
results/pact_h8_rootcause/cross_design.csv	C	keep	Current source/support, minimal reproducibility input/export, canonical docs or required cleanup audit.
results/pact_h8_rootcause/evidence_index.json	C	keep	Current source/support, minimal reproducibility input/export, canonical docs or required cleanup audit.
results/pact_h8_rootcause/evidence_manifest.json	C	keep	Current source/support, minimal reproducibility input/export, canonical docs or required cleanup audit.
results/pact_h8_rootcause/mechanism_summary.csv	C	keep	Current source/support, minimal reproducibility input/export, canonical docs or required cleanup audit.
results/pact_h8_rootcause/pair_summary.csv	C	keep	Current source/support, minimal reproducibility input/export, canonical docs or required cleanup audit.
results/pact_h8_rootcause/pipeline_map.json	C	keep	Current source/support, minimal reproducibility input/export, canonical docs or required cleanup audit.
results/pact_h8_rootcause/problem_pairs.csv	C	keep	Current source/support, minimal reproducibility input/export, canonical docs or required cleanup audit.
results/pact_h8_rootcause/validation_summary.json	C	keep	Current source/support, minimal reproducibility input/export, canonical docs or required cleanup audit.
results/stage_a/README.md	C	keep	Current source/support, minimal reproducibility input/export, canonical docs or required cleanup audit.
results/stage_a/architecture_index.csv	C	keep	Current source/support, minimal reproducibility input/export, canonical docs or required cleanup audit.
results/stage_a/checksums.json	C	keep	Current source/support, minimal reproducibility input/export, canonical docs or required cleanup audit.
results/stage_a/implemented_metrics.csv	C	keep	Current source/support, minimal reproducibility input/export, canonical docs or required cleanup audit.
results/stage_a/pairwise_comparison.csv	C	keep	Current source/support, minimal reproducibility input/export, canonical docs or required cleanup audit.
scripts/fetch_data.py	B	keep	Current source/support, minimal reproducibility input/export, canonical docs or required cleanup audit.
scripts/pact_h8_export.py	B	keep	Current source/support, minimal reproducibility input/export, canonical docs or required cleanup audit.
scripts/pact_h8_report.py	B	keep	Current source/support, minimal reproducibility input/export, canonical docs or required cleanup audit.
scripts/pact_h8_rootcause.py	B	keep	Current source/support, minimal reproducibility input/export, canonical docs or required cleanup audit.
scripts/verify_reproducibility.py	B	keep	Current source/support, minimal reproducibility input/export, canonical docs or required cleanup audit.
src/pact/analysis/h8_rootcause.py	A	keep	Current source/support, minimal reproducibility input/export, canonical docs or required cleanup audit.
src/pact/environment.py	A	keep	Current source/support, minimal reproducibility input/export, canonical docs or required cleanup audit.
tests/unit/test_environment.py	B	keep	Current source/support, minimal reproducibility input/export, canonical docs or required cleanup audit.
tests/unit/test_h8_rootcause.py	B	keep	Current source/support, minimal reproducibility input/export, canonical docs or required cleanup audit.
reports/repository_cleanup/added_files_classification.tsv	D	keep	Audit classifications for source/fixture/doc/evidence additions.
