oid	bytes	disk_bytes	historical_path
2f94e58270052d7dda2521072b4547139879da99	52976858	38808978	results/phase2c_repair_multiseed/initial_worktree.patch
5a4d57ce3c8b60ee45b87b2d57abf694202cb08f	10182820	3538126	results/pact_v2/comparison.csv
c4cedc458f290300312062b8aed1287e389dd727	10132085	3536665	(unreachable or unnamed)
354b596fc3b69194f2d0ec0d0d4065ac86a0654e	8456994	1666796	results/phase2c_repair_multiseed/raw/orfs/results/nangate45/s15850/phase2c_s17_0ec8661a1ff0/5_3_fillcell.odb
51702a7ad744b2416cd190aaa8863ed424f60ba2	8448583	1664572	results/phase2c_repair_multiseed/raw/orfs/results/nangate45/s15850/phase2c_s13_207a0abc5f0b/5_3_fillcell.odb
fae3caecb7385026f0cdd3407cd8c34a5dd495fd	8294847	858850	results/phase2c_repair_multiseed/raw/orfs/results/nangate45/s15850/phase2c_s13_ffae4066bf72/5_3_fillcell.odb
26cdd9ed7304f9a18774ae2ae5c218e2aabc2f6f	8291839	496498	results/phase2c_repair_multiseed/raw/orfs/results/nangate45/s15850/phase2c_s13_ad0eb1d73411/5_3_fillcell.odb
f5a4fe95d52c088529368be051359c89cd9bfd69	8291740	1255327	results/phase2c_repair_multiseed/raw/orfs/results/nangate45/s15850/phase2c_s17_fe8da173bf88/5_3_fillcell.odb
bb25ce3802bcaafdf1b00c694f7ea1c6f2e5d015	8289923	492423	results/phase2c_repair_multiseed/raw/orfs/results/nangate45/s15850/phase2c_s17_cfceed3bf166/5_3_fillcell.odb
adad0ea2deef4946d5e2d58619a877e60eb416b2	8262908	821936	results/phase2c_repair_multiseed/raw/orfs/results/nangate45/s15850/phase2c_s13_239ff0f69b2e/5_3_fillcell.odb
4be3109d0d46bed849d5418ffc420f68b4606bf2	8256112	804670	results/phase2c_repair_multiseed/raw/orfs/results/nangate45/s15850/phase2c_s17_9f827a3c0231/5_3_fillcell.odb
73e27d16da18ad924786fb5f29e125fc8565d961	8253879	772526	results/phase2c_repair_multiseed/raw/orfs/results/nangate45/s15850/phase2c_s17_16738bfbd10f/5_3_fillcell.odb
ba026e3c418c980914a9e1995efa90d8cdc06b0c	8252016	634170	results/phase2c_repair_multiseed/raw/orfs/results/nangate45/s15850/phase2c_s13_1156aed4c738/5_3_fillcell.odb
5e7924286b71689bbe613c17daa3ff7046018def	7714997	1158470	results/phase2d_independent_gp/raw/orfs/results/nangate45/s15850/phase2c_s29_8b6295eabcab/5_3_fillcell.odb
9090d72b11647728890d35812377685e23ebc1f0	7710633	478677	results/phase2d_independent_gp/raw/orfs/results/nangate45/s15850/phase2c_s29_4a26c3278995/5_3_fillcell.odb
8b3d2c161f90ddb652bdc03210eefe466d413d6e	7614586	665987	results/phase2d_independent_gp/raw/orfs/results/nangate45/s15850/phase2c_s29_34c4efab4658/5_3_fillcell.odb
8d333b954f8f10cd5f864b974d455377c43dcee8	7611575	1486120	results/phase2d_independent_gp/raw/orfs/results/nangate45/s15850/phase2c_s29_f5334df8b242/5_3_fillcell.odb
7999ed993806ff33e7e7ac5ba5fdf670410d59dc	7600861	510191	results/phase2d_independent_gp/raw/orfs/results/nangate45/s15850/phase2c_s29_0fd3dde8ed21/5_3_fillcell.odb
a91b55be6214b256c44744376c60b60877fd2aca	7600509	551819	results/phase2d_independent_gp/raw/orfs/results/nangate45/s15850/phase2c_s29_6dc9a5e67277/5_3_fillcell.odb
a8f1953030724a2e98ca1e1d6a5eb886f74965e2	6917635	1412211	results/phase2c_repair_multiseed/raw/orfs/results/nangate45/s15850/phase2c_s17_ca5d4a289098/5_2_route.odb
d50d24ccf0eb92e46d484c4aec519630bdeb549c	6914681	642134	results/phase2c_repair_multiseed/raw/orfs/results/nangate45/s15850/phase2c_s17_0ec8661a1ff0/5_2_route.odb
bc153f7ff670ce223224cbb9fdbb0f619764f5c5	6914001	1411447	results/phase2c_repair_multiseed/raw/orfs/results/nangate45/s15850/phase2c_s13_942cc66b689d/5_2_route.odb
878baebc4f6c794823d151855c7d9d6bc0cb9aea	6900602	625698	results/phase2c_repair_multiseed/raw/orfs/results/nangate45/s15850/phase2c_s13_207a0abc5f0b/5_2_route.odb
cac20146a49579637b27980a4edaf330a1551a3b	6748883	698037	results/phase2c_repair_multiseed/raw/orfs/results/nangate45/s15850/phase2c_s17_fe8da173bf88/5_2_route.odb
f6fe7d8824c870cea9c49acd911dc7c1dfaf2047	6747066	497796	results/phase2c_repair_multiseed/raw/orfs/results/nangate45/s15850/phase2c_s17_cfceed3bf166/5_2_route.odb
7b2acb06cb45302d55903d41d5f38d28771a980d	6746685	1060906	results/phase2c_repair_multiseed/raw/orfs/results/nangate45/s15850/phase2c_s13_ffae4066bf72/5_2_route.odb
4959b2b7fb927b0c0822fb9b18a8bc2c9af51224	6743677	1372085	results/phase2c_repair_multiseed/raw/orfs/results/nangate45/s15850/phase2c_s13_ad0eb1d73411/5_2_route.odb
9d0301eb113b8219695b69a81f36e09f30228aa8	6714386	694798	results/phase2c_repair_multiseed/raw/orfs/results/nangate45/s15850/phase2c_s13_239ff0f69b2e/5_2_route.odb
afae5e0af52810ec1bf3813b1fe0f1a5405a70df	6713436	1037289	results/phase2c_repair_multiseed/raw/orfs/results/nangate45/s15850/phase2c_s17_9f827a3c0231/5_2_route.odb
fcb82c547f3b9d4fcbb31aa5a7f757af9e962d80	6711023	1038057	results/phase2c_repair_multiseed/raw/orfs/results/nangate45/s15850/phase2c_s17_16738bfbd10f/5_2_route.odb
c2b4fc6f091ddbac0af1d8a83aaa2110bef0a3c0	6703854	1364730	results/phase2c_repair_multiseed/raw/orfs/results/nangate45/s15850/phase2c_s13_1156aed4c738/5_2_route.odb
a91da7dc5bb128dfbd08da1ea2ad21886dd30c61	6692518	1304954	artifacts/derived/phase0b/lib/NangateOpenCellLibrary_typical_dft.lib
32493443337e39d02ef45f37d5550c6611b0e9b6	6336008	962686	results/phase2d_independent_gp/raw/orfs/results/nangate45/s15850/phase2c_s29_8b6295eabcab/5_2_route.odb
3fbf85a25a0dd777280eae661c03459a4a38971d	6331644	973862	results/phase2d_independent_gp/raw/orfs/results/nangate45/s15850/phase2c_s29_4a26c3278995/5_2_route.odb
2f60d297ef0ba6c46a6d00426022b29447061982	6235597	531062	results/phase2d_independent_gp/raw/orfs/results/nangate45/s15850/phase2c_s29_34c4efab4658/5_2_route.odb
9dc1bc059aa9e8ec1be2c1bd86cfd41fa7851e90	6232586	385970	results/phase2d_independent_gp/raw/orfs/results/nangate45/s15850/phase2c_s29_f5334df8b242/5_2_route.odb
62cadac030d42d20b9ea3f911826ff86c70b4db0	6221872	514980	results/phase2d_independent_gp/raw/orfs/results/nangate45/s15850/phase2c_s29_0fd3dde8ed21/5_2_route.odb
1f7a3d2043037cb1234d6dd31f7c9dff42d88ae8	6221156	450378	results/phase2d_independent_gp/raw/orfs/results/nangate45/s15850/phase2c_s29_6dc9a5e67277/5_2_route.odb
d462c6a5c8865a10c72fa054b93607d4f1a440e8	6100515	399752	results/phase2c_repair_multiseed/physical_results.json
2a60df42d826b6234ed23d6cb4420161893de7e4	5979222	646672	results/pact_candidate_stateful/s15850/selected_geometry/f47e6837c4dacd553187a3ee88d5e8aff729a45b9375e10a8eeac2817177a93e.json
08dc99b6bcf8a0f6524574d142adce0e6ce814f6	5979212	646619	results/pact_candidate_stateful/s15850/selected_geometry/5d90e5faf9dcfb7f820a641638cc06c83c19ac634534c5aa75c4cedda6f5a38e.json
cd30554a80387f138c871fa9dbe4af09cbd68fec	5979142	646370	results/pact_candidate_stateful/s15850/baseline_geometry.json
6aaa3464ef6a2c805ad5d4ff65e487a1d0153b0f	5681154	1777445	results/phase2c_repair_multiseed/raw/s15850/s13/A/extracted.spef
5f3fa11596013bca90ea0a4cd5a241c1607d3df7	5677154	1777388	results/phase2c_repair_multiseed/raw/s15850/s17/activity_extreme/extracted.spef
02af58b57f762a358387a975eef19de7b7a4c4fb	5667049	1774363	results/phase2c_repair_multiseed/raw/s15850/s17/A/extracted.spef
72daedbfaa91663940d766c9383e965d07d98407	5657199	1770222	results/phase2c_repair_multiseed/raw/s15850/s13/activity_extreme/extracted.spef
65c5798a2fbf82a1c9c5b24c80ef4feb59412fc3	5280203	1626402	results/phase2c_repair_multiseed/raw/s15850/s13/balanced/extracted.spef
553f1e35f0cee8c5e7f69ffcd3bab67de30e7b1e	5279023	1626296	results/phase2c_repair_multiseed/raw/s15850/s13/J50/extracted.spef
76e1c6cfbc255c8253a8ae77ed9348f03d628058	5273122	1625669	results/phase2c_repair_multiseed/raw/s15850/s17/J50/extracted.spef
14d745d4ebfcd3e2bd808a3bd2695e0a45c6575c	5271078	1624960	results/phase2c_repair_multiseed/raw/s15850/s17/balanced/extracted.spef
5e4e501935146344774eca8ff39717a4654e7eb7	5209741	1599807	results/phase2c_repair_multiseed/raw/s15850/s13/P/extracted.spef
a5e75a83e91418ebf79e6e0e5c7e83981e0f4a7c	5207438	1601531	results/phase2c_repair_multiseed/raw/s15850/s17/P/extracted.spef
09c110300c6a8314ad02934de1afeca45c87b26c	5202680	1598962	results/phase2c_repair_multiseed/raw/s15850/s17/T/extracted.spef
0ad47656964e0ed4480346773b1d09abb6e5dcba	5183453	1591376	results/phase2c_repair_multiseed/raw/s15850/s13/T/extracted.spef
ecc8eed5375878ef3813c83255f0a7115ff74719	5078898	607213	results/phase2c_repair_multiseed/raw/orfs/results/nangate45/s15850/phase2c_s17_0ec8661a1ff0/5_1_grt.odb
19ff7965580e933ab19a727ea43c9b3d208d66e6	5072917	373784	results/phase2c_repair_multiseed/raw/orfs/results/nangate45/s15850/phase2c_s13_207a0abc5f0b/5_1_grt.odb
161cb9b73783693a3b3de63cbc19a805bb4bfc0a	5002533	356780	results/phase2c_repair_multiseed/raw/orfs/results/nangate45/s15850/phase2c_s17_fe8da173bf88/5_1_grt.odb
bb291d77d6b7b850a4e436f55ad5bb0eb6400ab9	5001561	628164	results/phase2c_repair_multiseed/raw/orfs/results/nangate45/s15850/phase2c_s17_cfceed3bf166/5_1_grt.odb
d504a9a9857573d27501de71472d74f140f3594a	4994662	585854	results/phase2c_repair_multiseed/raw/orfs/results/nangate45/s15850/phase2c_s13_ffae4066bf72/5_1_grt.odb
2266807a326f038b32ca5a1bc0a0c2f57d0ef59d	4993474	970607	results/phase2c_repair_multiseed/raw/orfs/results/nangate45/s15850/phase2c_s13_ad0eb1d73411/5_1_grt.odb
44a16a0af1b1d4b4c6b78c02dc521ab7abb0c63e	4984155	578301	results/phase2c_repair_multiseed/raw/orfs/results/nangate45/s15850/phase2c_s17_16738bfbd10f/5_1_grt.odb
c7d3bafc3ff00995cdf55edfc45a042663858ced	4983399	631095	results/phase2c_repair_multiseed/raw/orfs/results/nangate45/s15850/phase2c_s17_9f827a3c0231/5_1_grt.odb
b6bb6cd68a35690834c26bf19800f44433ea2ba1	4978066	353106	results/phase2c_repair_multiseed/raw/orfs/results/nangate45/s15850/phase2c_s13_1156aed4c738/5_1_grt.odb
b84a827275573836e83bacc82c448d2bb91a2329	4977985	633485	results/phase2c_repair_multiseed/raw/orfs/results/nangate45/s15850/phase2c_s13_239ff0f69b2e/5_1_grt.odb
42a6a65c245900b5c3a0dcf4f735672b1994825e	4789685	1457797	results/phase2d_independent_gp/raw/s15850/s29/A/extracted.spef
04300c8bcd1c59780106f5e867024d2e04bf935f	4781055	1455247	results/phase2d_independent_gp/raw/s15850/s29/activity_extreme/extracted.spef
01875843bd723736ccc8afd834bfa7cc29697c60	4739579	919322	results/phase2d_independent_gp/raw/orfs/results/nangate45/s15850/phase2c_s29_8b6295eabcab/5_1_grt.odb
ec961bc6554515d5f5ffbab984e6788ea8a8e33e	4737185	300902	results/phase2d_independent_gp/raw/orfs/results/nangate45/s15850/phase2c_s29_4a26c3278995/5_1_grt.odb
e8231063eab4f3db164f0bb97fb50cf059d9a4b6	4694201	909795	results/phase2d_independent_gp/raw/orfs/results/nangate45/s15850/phase2c_s29_34c4efab4658/5_1_grt.odb
5310c241445ba76ccf757462a372d13c341a0581	4693850	236098	results/phase2d_independent_gp/raw/orfs/results/nangate45/s15850/phase2c_s29_f5334df8b242/5_1_grt.odb
ec9af38a91b64e537d9ce7bef7b13ffc34cece6a	4687865	280783	results/phase2d_independent_gp/raw/orfs/results/nangate45/s15850/phase2c_s29_6dc9a5e67277/5_1_grt.odb
2c4d36c93988025eee55320dd976290f3b161531	4685336	258580	results/phase2d_independent_gp/raw/orfs/results/nangate45/s15850/phase2c_s29_0fd3dde8ed21/5_1_grt.odb
79956a343ad37c974186dc041e41563446cf26df	4533386	1361440	results/phase2d_independent_gp/raw/s15850/s29/J50/extracted.spef
b5afd5970c05d121a52edbf9c489aee739c073aa	4527068	1359532	results/phase2d_independent_gp/raw/s15850/s29/balanced/extracted.spef
13c9eb057bef456c0825407c864220c64f35a19e	4499900	1348140	results/phase2d_independent_gp/raw/s15850/s29/T/extracted.spef
d8db9923e96d43544f9ea5c2b9819dffba2391d3	4491185	1346693	results/phase2d_independent_gp/raw/s15850/s29/P/extracted.spef
8fd7aedbf4705e02c2a027f0e87054251974ecb4	4456326	881728	results/phase2c_repair_multiseed/raw/orfs/results/nangate45/s9234f/phase2c_s17_9b9c8fda34e1/5_3_fillcell.odb
c679cd6a4247da7f97e8332a79e01721817611cf	4451714	331726	results/phase2c_repair_multiseed/raw/orfs/results/nangate45/s9234f/phase2c_s17_81e0299ed446/5_3_fillcell.odb
ce1beb72b4f09fe64a16794f1df2ce09322e2c6e	4445945	375257	results/phase2c_repair_multiseed/raw/orfs/results/nangate45/s9234f/phase2c_s17_4209638f5720/5_3_fillcell.odb
6430833fc01eb1f185f1a520b114fd24f97b1e4c	4444883	388260	results/phase2c_repair_multiseed/raw/orfs/results/nangate45/s9234f/phase2c_s17_e0e52cb6e797/5_3_fillcell.odb
1da3a86ee907a7eb0b6a1c5bbb34b48dffc28cdc	4444564	244639	results/phase2c_repair_multiseed/raw/orfs/results/nangate45/s9234f/phase2c_s17_787524e4aed6/5_3_fillcell.odb
c116e930ee0aaf1c192413cc6f848f211d34b5f6	4440995	629245	results/phase2c_repair_multiseed/raw/orfs/results/nangate45/s9234f/phase2c_s13_10a7b0822f9f/5_3_fillcell.odb
09d3602f9a131cd067d62528b5b19d05d51807b0	4438930	233926	results/phase2c_repair_multiseed/raw/orfs/results/nangate45/s9234f/phase2c_s13_2845cbdad80d/5_3_fillcell.odb
d92b4cadfc03c08e2e479219fc62722675b99ebd	4431852	314382	results/phase2c_repair_multiseed/raw/orfs/results/nangate45/s9234f/phase2c_s13_9b3db5bf3d8a/5_3_fillcell.odb
2447f9d3a80ae1ad1a28166a0bd42fce5731fb20	4431496	226355	results/phase2c_repair_multiseed/raw/orfs/results/nangate45/s9234f/phase2c_s13_5d5b64bd2274/5_3_fillcell.odb
4cb1939b5300d5b1a0865299697fe0fa6067c93e	4430726	346849	results/phase2c_repair_multiseed/raw/orfs/results/nangate45/s9234f/phase2c_s13_7294cc1ffe74/5_3_fillcell.odb
8e7af10cced7c0028ca00e53c6f3110551039ba2	4184413	4185707	results/pact_candidate_sensitive/measurement/s15850/630da6943398/per_cycle.csv.gz
38bf2681ec3c7eb17c43f37f26db202c9a811d81	4177431	4178720	results/pact_candidate_stateful/measurement/s15850/f47e6837c4da/per_cycle.csv.gz
a7a563b7126728ce852e1a802a36d4b1e1a1dbbb	4170058	4171347	reports/physical_effect/s15850/PACT/per_cycle.csv.gz
5a997f9ccd5df5f66dff72821c24ca4341fdf3fe	4168786	4170075	results/pact_candidate_stateful/measurement/s15850/5d90e5faf9dc/per_cycle.csv.gz
7652323b1bfb8aeb2df378215c5b69c62fdf5985	4168555	4169844	results/pact_v2/measurement/s15850/e14689c97ca5/per_cycle.csv.gz
df7f1803dfb2d24a9af404e5c81cc9d13873b7e6	4167957	4169246	results/pact_v2/measurement/s15850/f3e118a35e7b/per_cycle.csv.gz
f76a46b6e4716e7e31a2e509cf0d22a7e8da98b9	4167717	4169006	results/pact_v2/measurement/s15850/1c4fe83a6b04/per_cycle.csv.gz
f8f5e7001e123272bdf174995d4477e76a0225f9	4156387	4157671	reports/physical_effect/s15850/P/per_cycle.csv.gz
87b52cd60d6ed5a21bc6a0ce9b3171d9370fdd1e	4152179	4153463	results/pact_candidate_sensitive/measurement/s15850/a3dd757a7e17/per_cycle.csv.gz
d843bbf81415c9990b6166d488e4b86905f06ce3	4096724	4097874	reports/physical_effect/s15850/J50/per_cycle.csv.gz
d4a297966afcf4b15cb954e11dd23d873ad93386	4071083	590612	results/phase2d_independent_gp/raw/orfs/results/nangate45/s9234f/phase2c_s29_1b950070f713/5_3_fillcell.odb
e99ee22afa00d58ffe6024504d533186d3b23056	4062792	257380	results/phase2d_independent_gp/raw/orfs/results/nangate45/s9234f/phase2c_s29_20aa85fdd595/5_3_fillcell.odb
de442a3924bd03d8b5de6fc611a805932ba23e0f	4058769	310108	results/phase2d_independent_gp/raw/orfs/results/nangate45/s9234f/phase2c_s29_1c5f8eefad4c/5_3_fillcell.odb
4e72937a2f97296e37db1e6978ea14bd7ef4e986	4058410	798216	results/phase2d_independent_gp/raw/orfs/results/nangate45/s9234f/phase2c_s29_af45f0f75953/5_3_fillcell.odb
a34930a600e8192f64d34aefc2c2cb2e18800e8e	4058075	244337	results/phase2d_independent_gp/raw/orfs/results/nangate45/s9234f/phase2c_s29_591010b9f66a/5_3_fillcell.odb
c66119d9390fe4248b2df76f27febdf29ae72bf1	4055750	190769	results/phase2d_independent_gp/raw/orfs/results/nangate45/s9234f/phase2c_s29_869def6e630b/5_3_fillcell.odb
44dd6d28533a6983a33cca7ce0413d2fd326e8de	3754158	764403	results/phase2c_repair_multiseed/raw/orfs/results/nangate45/s9234f/phase2c_s17_861f813694ba/5_2_route.odb
0265dd6d7357d44486f884180457bc7b8789f342	3750334	403176	results/pact_candidate_sensitive/s15850/topology.json
6bd2b02da483e1e84a0ead2ede92da2dc7542cb5	3725399	530488	results/phase2c_repair_multiseed/raw/orfs/results/nangate45/s9234f/phase2c_s13_d36ea8f144de/5_2_route.odb
2b1a0d37c3c857fd0a2aa21b5c08a7990726142b	3708113	754342	results/phase2c_repair_multiseed/raw/orfs/results/nangate45/s9234f/phase2c_s17_9b9c8fda34e1/5_2_route.odb
94662526f646e998c638c05bca83af3ab148490e	3703683	250262	results/phase2c_repair_multiseed/raw/orfs/results/nangate45/s9234f/phase2c_s17_81e0299ed446/5_2_route.odb
7804a72c597d9c0d53eb68458bf0abcc2d0d62fb	3698640	752107	results/phase2c_repair_multiseed/raw/orfs/results/nangate45/s9234f/phase2c_s17_4209638f5720/5_2_route.odb
5730398be0502b5e1908763eacfc3e37892ffaab	3697032	329233	results/phase2c_repair_multiseed/raw/orfs/results/nangate45/s9234f/phase2c_s17_e0e52cb6e797/5_2_route.odb
f97cb811ac1f4cc715eca4c6b1c5aea3b5f969a0	3696713	346520	results/phase2c_repair_multiseed/raw/orfs/results/nangate45/s9234f/phase2c_s17_787524e4aed6/5_2_route.odb
7ca3887a54ba1f4a50ec6688a2e970a0afac4c6f	3686893	342821	results/phase2c_repair_multiseed/raw/orfs/results/nangate45/s9234f/phase2c_s13_10a7b0822f9f/5_2_route.odb
da8129d2094eccd18f4214cdaa6c8fe24512b9c9	3684828	237411	results/phase2c_repair_multiseed/raw/orfs/results/nangate45/s9234f/phase2c_s13_2845cbdad80d/5_2_route.odb
ca582859deae24a7492d0e8140920ed7b603c33a	3677750	316228	results/phase2c_repair_multiseed/raw/orfs/results/nangate45/s9234f/phase2c_s13_9b3db5bf3d8a/5_2_route.odb
f844ecebcad7cf27e0f96b9acf255dd47e498409	3677394	520386	results/phase2c_repair_multiseed/raw/orfs/results/nangate45/s9234f/phase2c_s13_5d5b64bd2274/5_2_route.odb
9baed001e1ba7a2625a089674b78b1e08ec23de0	3676260	314432	results/phase2c_repair_multiseed/raw/orfs/results/nangate45/s9234f/phase2c_s13_7294cc1ffe74/5_2_route.odb
6aeba8a7c7dad19af611c5353fd3116555a98af1	3461474	95086	results/pact_oss_benchmark/topology_recovery_20261004/stage_a/architecture_manifest.csv
dccf16ef37504d6c2a8ac54adb2ea2b0d70ee0fd	3409394	489690	results/phase2d_independent_gp/raw/orfs/results/nangate45/s9234f/phase2c_s29_1b950070f713/5_2_route.odb
5181cf5eb08144f2c3e9e7296036204fd887fdbd	3400557	245278	results/phase2d_independent_gp/raw/orfs/results/nangate45/s9234f/phase2c_s29_20aa85fdd595/5_2_route.odb
bcc531b88d829a627a999d74f24c8d065f4b5d3f	3396175	239600	results/phase2d_independent_gp/raw/orfs/results/nangate45/s9234f/phase2c_s29_af45f0f75953/5_2_route.odb
39d4c91a6a353b53a1ca6fc1abad4886ae9e266b	3395988	485885	results/phase2d_independent_gp/raw/orfs/results/nangate45/s9234f/phase2c_s29_1c5f8eefad4c/5_2_route.odb
f0dba8fad366ba75f379df6abee60a5af8f0b157	3395840	238262	results/phase2d_independent_gp/raw/orfs/results/nangate45/s9234f/phase2c_s29_591010b9f66a/5_2_route.odb
49d3c45c5e73620a8d4b8779d63fb3ef0b7a1581	3393515	228747	results/phase2d_independent_gp/raw/orfs/results/nangate45/s9234f/phase2c_s29_869def6e630b/5_2_route.odb
e6511422b2748e1a345aee7100b6ef6c1e5dd4e2	3275480	232899	reports/phase2c/architecture_matrix.json
540b956a2f54383943a14ae07b3561426d593c1c	3118804	338954	results/pact_candidate_stateful/s9234/baseline_geometry.json
40a289a925c515813f4b6285f2e11267663d5852	3115525	611548	results/phase2d_independent_gp/raw/orfs/results/nangate45/s5378/phase2c_s29_8d6459e76a03/5_3_fillcell.odb
fea433f70d5a396d5aca52bcd8bd8ea5de85bfcf	3098919	209117	results/phase2d_independent_gp/raw/orfs/results/nangate45/s5378/phase2c_s29_8a250b060eba/5_3_fillcell.odb
5659e0b63bacc5d0cca1f9717800bbf695c89f79	3098133	170846	results/phase2d_independent_gp/raw/orfs/results/nangate45/s5378/phase2c_s29_7253cc78282e/5_3_fillcell.odb
452202523322f02f34d78379e34f7b6823b79ae2	3098051	149285	results/phase2d_independent_gp/raw/orfs/results/nangate45/s5378/phase2c_s29_8ec6dc6070b5/5_3_fillcell.odb
608f91db815b8aa30b003ee02e7ddf231633d8a6	3097944	171799	results/phase2d_independent_gp/raw/orfs/results/nangate45/s5378/phase2c_s29_83e0d5f5bd6a/5_3_fillcell.odb
441c05c4ed3a83b63821768b15f354238e3a9dac	3097911	138922	results/phase2d_independent_gp/raw/orfs/results/nangate45/s5378/phase2c_s29_94f26edba02e/5_3_fillcell.odb
582e269f5edbbbab7b2e37fd59ac1c3e28d25b6b	3097740	232823	results/phase2d_independent_gp/raw/orfs/results/nangate45/s5378/phase2c_s29_5f2b28506038/5_3_fillcell.odb
7a505ee66c038573e0a42714db31a6ea20062a44	3097286	170288	results/phase2d_independent_gp/raw/orfs/results/nangate45/s5378/phase2c_s29_837fde7ea053/5_3_fillcell.odb
d8311fb496ce1ac65a69a6ad5669066622201819	3095628	155675	results/phase2d_independent_gp/raw/orfs/results/nangate45/s5378/phase2c_s29_88b5db0bd5ae/5_3_fillcell.odb
8323122cda4c1ef5c994fa65ba4dd46cfa4b4ef0	2862015	888251	results/phase2c_repair_multiseed/raw/s9234/s17/A/extracted.spef
0b4f947462299df6cd11f135bb7e75d40d7d210c	2840740	281364	results/phase2d_independent_gp/raw/orfs/results/nangate45/s15850/phase2c_s29_8b6295eabcab/4_1_cts.odb
bee69e5c73a4aa0161e8d3b60cf05afcadd3f6a6	2840740	18571	results/phase2d_independent_gp/raw/orfs/results/nangate45/s15850/phase2c_s29_4a26c3278995/4_1_cts.odb
3f5e2d85dba9cd433bf3a88f4570a38d6a7e07cf	2840413	17339	results/phase2d_independent_gp/raw/orfs/results/nangate45/s15850/phase2c_s29_f5334df8b242/4_1_cts.odb
b0239fa5517de97f4069d1fa83483bc3a89db68b	2840413	18102	results/phase2d_independent_gp/raw/orfs/results/nangate45/s15850/phase2c_s29_6dc9a5e67277/4_1_cts.odb
c3dea8c99f46dcd20ad2cc5da4252ca5861b6769	2840413	511013	results/phase2d_independent_gp/raw/orfs/results/nangate45/s15850/phase2c_s29_0fd3dde8ed21/4_1_cts.odb
d4b8dfa2dcbed923ebff3404f3b311835ec72462	2840413	147428	results/phase2d_independent_gp/raw/orfs/results/nangate45/s15850/phase2c_s29_34c4efab4658/4_1_cts.odb
eedbc2655f2dc1de1b9cd66e9dc0c561bd0a8d44	2840173	108775	results/phase2c_repair_multiseed/raw/orfs/results/nangate45/s15850/phase2c_s17_16738bfbd10f/4_1_cts.odb
55f6435a6f44bdf41caf2a31bd3c365650717104	2839846	1227	results/phase2c_repair_multiseed/raw/orfs/results/nangate45/s15850/phase2c_s17_cfceed3bf166/4_1_cts.odb
5f24ae57860fb6214dc4fda6547497844793cd25	2839846	148266	results/phase2c_repair_multiseed/raw/orfs/results/nangate45/s15850/phase2c_s17_9f827a3c0231/4_1_cts.odb
834ff23da004b38980c0e608ac1f890399d777ff	2839846	572556	results/phase2c_repair_multiseed/raw/orfs/results/nangate45/s15850/phase2c_s17_fe8da173bf88/4_1_cts.odb
cd701889942a2d820a3c5b0421c9ee4b8ea27521	2839519	108681	results/phase2c_repair_multiseed/raw/orfs/results/nangate45/s15850/phase2c_s17_0ec8661a1ff0/4_1_cts.odb
5a268cae60e6aed4e48852a09a106e7d7fbc7854	2839200	162082	results/phase2c_repair_multiseed/raw/orfs/results/nangate45/s15850/phase2c_s13_239ff0f69b2e/4_1_cts.odb
12698b40412616519690f0b1bcba19af79cfd8bf	2838873	123349	results/phase2c_repair_multiseed/raw/orfs/results/nangate45/s15850/phase2c_s13_1156aed4c738/4_1_cts.odb
389970b8930dc05bc1b729572632aa0f3763183c	2838873	108399	results/phase2c_repair_multiseed/raw/orfs/results/nangate45/s15850/phase2c_s13_ffae4066bf72/4_1_cts.odb
8bd144019b68e1a1b619f62210f748d2a1395dd4	2838873	123290	results/phase2c_repair_multiseed/raw/orfs/results/nangate45/s15850/phase2c_s13_ad0eb1d73411/4_1_cts.odb
bee52dc0ca0f8175291c8740348a6a616b81465c	2838546	21365	results/phase2c_repair_multiseed/raw/orfs/results/nangate45/s15850/phase2c_s13_207a0abc5f0b/4_1_cts.odb
b88d7cb6d4ac4ba10109c33d1ea05d4346d4a380	2785441	173314	results/phase2c_repair_multiseed/raw/orfs/results/nangate45/s9234f/phase2c_s17_9b9c8fda34e1/5_1_grt.odb
d6809c97aa28056736fd6dc67c649575d83342eb	2785144	485823	results/phase2c_repair_multiseed/raw/orfs/results/nangate45/s9234f/phase2c_s17_81e0299ed446/5_1_grt.odb
3036cfac525ca9dd6e0500f3d93ab3769dc5a74b	2782380	148703	reports/phase2b_activity_model/waveform_sensitivity_statistics.json
7b667a1fd8d7a0b9b8b082cab806b2708e9741e0	2782156	488585	results/phase2c_repair_multiseed/raw/orfs/results/nangate45/s9234f/phase2c_s17_4209638f5720/5_1_grt.odb
d930b76c7f3f7441ffa31ff1edf83383e0fe114d	2781373	297689	results/phase2c_repair_multiseed/raw/orfs/results/nangate45/s9234f/phase2c_s17_787524e4aed6/5_1_grt.odb
e453528e2154d251edbc4b758534249f687620f6	2781292	136502	results/phase2c_repair_multiseed/raw/orfs/results/nangate45/s9234f/phase2c_s17_e0e52cb6e797/5_1_grt.odb
3bd65ebe3f523671f6c3c54fdf8adf57a1e51da4	2780174	860488	results/phase2c_repair_multiseed/raw/s9234/s13/A/extracted.spef
5dbcd03946e942e63cdd24088f7307f247c564d7	2777087	488929	results/phase2c_repair_multiseed/raw/orfs/results/nangate45/s9234f/phase2c_s13_10a7b0822f9f/5_1_grt.odb
da31d9a91ba24187f9bed42a4351e100d594c335	2776682	139328	results/phase2c_repair_multiseed/raw/orfs/results/nangate45/s9234f/phase2c_s13_2845cbdad80d/5_1_grt.odb
f50fc30c1c32af14d63768ce7d8f5e35dd544a62	2772884	167329	results/phase2c_repair_multiseed/raw/orfs/results/nangate45/s9234f/phase2c_s13_9b3db5bf3d8a/5_1_grt.odb
5e2d7031515fac86501c5e2b067dd7c8083c3e95	2772398	287469	results/phase2c_repair_multiseed/raw/orfs/results/nangate45/s9234f/phase2c_s13_5d5b64bd2274/5_1_grt.odb
dbfa40d974b97412cc968971fc36c8f64fe70ae8	2768789	169783	results/phase2c_repair_multiseed/raw/orfs/results/nangate45/s9234f/phase2c_s13_7294cc1ffe74/5_1_grt.odb
b9cee611a4307491ca27d653d46e2e7288966e46	2758109	2758968	results/pact_candidate_stateful/s5378/prior_corpus.json.gz
440d427e268ae16b20135120a01caaac34f42a41	2748260	844450	results/phase2c_repair_multiseed/raw/s9234/s17/balanced/extracted.spef
ad0263f4ebf392a71e6d7878a0ad774657af01e1	2743317	843840	results/phase2c_repair_multiseed/raw/s9234/s17/J50/extracted.spef
0658c01b3d0c508efa822af28d8b0d74d5ec5f38	2741947	18208	results/phase2d_independent_gp/raw/orfs/results/nangate45/s15850/phase2c_s29_0fd3dde8ed21/3_place.odb
09e7eeef59d9a73fdef251ea41b5444c5dcff0b4	2741947	288228	results/phase2d_independent_gp/raw/orfs/results/nangate45/s15850/phase2c_s29_8b6295eabcab/3_place.odb
7c0c3b90b61f1e6b4737a14cc604924c7d3f4899	2741947	555959	results/phase2d_independent_gp/raw/orfs/results/nangate45/s15850/phase2c_s29_4a26c3278995/3_place.odb
9419179aa6ad3d2f0b9feaca0997890df730f1a3	2741947	126104	results/phase2d_independent_gp/raw/orfs/results/nangate45/s15850/phase2c_s29_34c4efab4658/3_place.odb
fb806165eb5ff243a682cd2b6f6682f9068ef5c9	2741947	17192	results/phase2d_independent_gp/raw/orfs/results/nangate45/s15850/phase2c_s29_f5334df8b242/3_place.odb
fdc22158aa2a4b6ae0374495250370ea62742b98	2741947	17408	results/phase2d_independent_gp/raw/orfs/results/nangate45/s15850/phase2c_s29_6dc9a5e67277/3_place.odb
a0544b2674033f0cb395a9f515b220cfed7dff8b	2741587	66919	results/phase2d_independent_gp/orfs/results/nangate45/s15850/phase2d_gp29/3_5_place_dp.odb
fb49e54917c78d33388c1bd3d09721aac2b7f47c	2741587	175146	results/phase2d_independent_gp/orfs/results/nangate45/s15850/phase2d_gp29/3_3_place_gp.odb
592e979cab00e579744012826d5e0e03ed79b71f	2741524	842108	results/phase2c_repair_multiseed/raw/s9234/s17/T/extracted.spef
01d0bb82f7b3f40fa9e0a5713e8855bcf6bfa180	2740307	18254	results/phase2c_repair_multiseed/raw/orfs/results/nangate45/s15850/phase2c_s13_207a0abc5f0b/3_place.odb
09a14f8141492fd9e1cf534e753a640533022b9c	2740307	98854	results/phase2c_repair_multiseed/raw/orfs/results/nangate45/s15850/phase2c_s17_9f827a3c0231/3_place.odb
300d534e27d003ad6d7dbf7c3597a6e35a0046fd	2740307	81758	results/phase2c_repair_multiseed/raw/orfs/results/nangate45/s15850/phase2c_s17_0ec8661a1ff0/3_place.odb
4b78a5142d7e1d96b62e9e45d5a20d40fb1920ed	2740307	1215	results/phase2c_repair_multiseed/raw/orfs/results/nangate45/s15850/phase2c_s13_ad0eb1d73411/3_place.odb
567cacc8c183e2b0d76f0740c029a353c8906629	2740307	18070	results/phase2c_repair_multiseed/raw/orfs/results/nangate45/s15850/phase2c_s13_1156aed4c738/3_place.odb
8c83efca7ba95329d88fcf41a523e265c17339b6	2740307	139181	results/phase2c_repair_multiseed/raw/orfs/results/nangate45/s15850/phase2c_s13_ffae4066bf72/3_place.odb
a18ad78781bee3df83f12efb1c66adb4cbe452f7	2740307	81758	results/phase2c_repair_multiseed/raw/orfs/results/nangate45/s15850/phase2c_s17_16738bfbd10f/3_place.odb
be9ee21dabfd7539c99980111ae370e8c0411aae	2740307	493464	results/phase2c_repair_multiseed/raw/orfs/results/nangate45/s15850/phase2c_s13_239ff0f69b2e/3_place.odb
e01c6c0cb2606405850b017acecfbb9875853ed5	2740307	1216	results/phase2c_repair_multiseed/raw/orfs/results/nangate45/s15850/phase2c_s17_cfceed3bf166/3_place.odb
e08ff427948e83dc8a9f727e92a03f3ca0d7ed90	2740307	17043	results/phase2c_repair_multiseed/raw/orfs/results/nangate45/s15850/phase2c_s17_fe8da173bf88/3_place.odb
57afbeb1f030f0588c4e5b5882ef5ddd5657e448	2738583	840856	results/phase2c_repair_multiseed/raw/s9234/s17/P/extracted.spef
e06427978d6245c4053371acce2a068ef406ea4e	2737668	841800	results/phase2c_repair_multiseed/raw/s9234/s17/activity_extreme/extracted.spef
59d775b005c1706d4b3c8ec644738cae57faa0d9	2712023	227812	results/phase2d_independent_gp/orfs/results/nangate45/s15850/phase2d_gp29/3_2_place_iop.odb
453a61dac0e0d4a21c4ef8ef76764f70ee08b078	2700707	574702	results/phase2d_independent_gp/orfs/results/nangate45/s15850/phase2d_gp29/2_floorplan.odb
c7231305ada6eea6b40abd625e40ff8dd31d449c	2700707	1848	results/phase2d_independent_gp/orfs/results/nangate45/s15850/phase2d_gp29/3_1_place_gp_skip_io.odb
f8b817755b932a6981645d405825518820c5328f	2683481	822267	results/phase2c_repair_multiseed/raw/s9234/s13/activity_extreme/extracted.spef
99d76e81baa2ab2c4160b212222523bda449900e	2681334	822019	results/phase2c_repair_multiseed/raw/s9234/s13/J50/extracted.spef
a9659571db14d56c5141a13e3f8aa28b7833b5cb	2677072	820031	results/phase2c_repair_multiseed/raw/s9234/s13/P/extracted.spef
09c23a790f1752d696cd0491d367c01fc8775de8	2666793	816614	results/phase2c_repair_multiseed/raw/s9234/s13/balanced/extracted.spef
5393cca7165a3eef0b519cabed8093b89e733b25	2664891	815856	results/phase2c_repair_multiseed/raw/s9234/s13/T/extracted.spef
c443b3937cf359dcaf5cf748ebca19898a61ad2c	2628717	530165	results/phase2d_independent_gp/raw/orfs/results/nangate45/s5378/phase2c_s29_8d6459e76a03/5_2_route.odb
103c745d8380f4a57143bb44a29b9c2069c78f23	2612293	526935	results/phase2d_independent_gp/raw/orfs/results/nangate45/s5378/phase2c_s29_8a250b060eba/5_2_route.odb
ad42ebce85a1c069f074364f4ed370fa2c5cf0c4	2612040	282009	results/phase2d_independent_gp/raw/orfs/results/nangate45/s9234f/phase2c_s29_1b950070f713/5_1_grt.odb
bf447f87d2c112158b4c13172880d561f763ffbc	2611507	168994	results/phase2d_independent_gp/raw/orfs/results/nangate45/s5378/phase2c_s29_7253cc78282e/5_2_route.odb
d382d1d8596d4809e5d304c60a3bda9ab6cff762	2611425	178502	results/phase2d_independent_gp/raw/orfs/results/nangate45/s5378/phase2c_s29_8ec6dc6070b5/5_2_route.odb
7885a7a3098d301cb956bf6124eda7fecf0e12cf	2611318	175396	results/phase2d_independent_gp/raw/orfs/results/nangate45/s5378/phase2c_s29_83e0d5f5bd6a/5_2_route.odb
