design,seed,label,architecture_sha256,predictor,target,predictor_value,target_value,predictor_rank,target_rank
s5378,11,0348f2cc6b9d,0348f2cc6b9dde7d6525795e96eb629b8da746f46f6936d6555a373279e1dbd1,M3_load,cap_total,11156502.27835464,11691544.90034713,4.0,4.0
s5378,11,1f1a3a458946,1f1a3a458946abcf31aa53a2375266a8629ed0ac0079ec7c20ecf47cc1e2e685,M3_load,cap_total,10289675.876941571,10783474.132407688,3.0,3.0
s5378,11,44b1a2ab5a1e,44b1a2ab5a1e9c7caec247107108fb3055f3c6ffceb2de291ff1d93111bd3d1b,M3_load,cap_total,13133776.07986568,13724012.484418811,9.0,9.0
s5378,11,75ea663523d9,75ea663523d98d753f28f01c7c64348c52391e96e1edb60f4449696445be620c,M3_load,cap_total,11221733.466478009,11754619.67606133,5.0,5.0
s5378,11,A,16904eaa0db2f733be62aebed6ba183f37c1d672a02d210e964bf96d1bc71f54,M3_load,cap_total,9935319.36026203,10532254.48021998,2.0,2.0
s5378,11,J50,9c54b48f2ab8c0d7ebd94dd6c5de6ad6f04883f972277372ae90fecb4ce7f9ee,M3_load,cap_total,9922004.97836859,10411578.53805368,1.0,1.0
s5378,11,P,bf4923662baa3ce72543bd3ad5092fb514808ffe46ce23173d3c9695ff0c9486,M3_load,cap_total,12995366.710991709,13649926.458238836,8.0,8.0
s5378,11,T,37deaa7b3eee9623d40fe7ceb4163773bfda2f0953a72fb7b9babd69f088b04f,M3_load,cap_total,12991319.434234891,13648671.115038015,7.0,7.0
s5378,11,a78c6ce1a5a1,a78c6ce1a5a13b64713b1b86f3a984a1e11ed754a6e7c4373fb88b603eec28e7,M3_load,cap_total,11475016.136015669,12010095.801409997,6.0,6.0
s5378,11,0348f2cc6b9d,0348f2cc6b9dde7d6525795e96eb629b8da746f46f6936d6555a373279e1dbd1,M3_load_local,cap_local_peak,373.01057348000006,397.22965389614,5.0,5.0
s5378,11,1f1a3a458946,1f1a3a458946abcf31aa53a2375266a8629ed0ac0079ec7c20ecf47cc1e2e685,M3_load_local,cap_local_peak,368.16203844000006,392.41631654390994,4.0,4.0
s5378,11,44b1a2ab5a1e,44b1a2ab5a1e9c7caec247107108fb3055f3c6ffceb2de291ff1d93111bd3d1b,M3_load_local,cap_local_peak,378.30170462,402.947847245,7.0,7.0
s5378,11,75ea663523d9,75ea663523d98d753f28f01c7c64348c52391e96e1edb60f4449696445be620c,M3_load_local,cap_local_peak,364.90394033,388.23554143026,2.0,2.0
s5378,11,A,16904eaa0db2f733be62aebed6ba183f37c1d672a02d210e964bf96d1bc71f54,M3_load_local,cap_local_peak,383.75123856000005,413.91055772321,9.0,9.0
s5378,11,J50,9c54b48f2ab8c0d7ebd94dd6c5de6ad6f04883f972277372ae90fecb4ce7f9ee,M3_load_local,cap_local_peak,363.00005095000006,385.48140866098004,1.0,1.0
s5378,11,P,bf4923662baa3ce72543bd3ad5092fb514808ffe46ce23173d3c9695ff0c9486,M3_load_local,cap_local_peak,374.80503053,398.22090806994004,6.0,6.0
s5378,11,T,37deaa7b3eee9623d40fe7ceb4163773bfda2f0953a72fb7b9babd69f088b04f,M3_load_local,cap_local_peak,381.01537983000003,407.78772005587996,8.0,8.0
s5378,11,a78c6ce1a5a1,a78c6ce1a5a13b64713b1b86f3a984a1e11ed754a6e7c4373fb88b603eec28e7,M3_load_local,cap_local_peak,367.34702012,389.19459900494996,3.0,3.0
s5378,11,0348f2cc6b9d,0348f2cc6b9dde7d6525795e96eb629b8da746f46f6936d6555a373279e1dbd1,M5_hpwl,wire_total,28721763.439999998,33019545.585,3.0,3.0
s5378,11,1f1a3a458946,1f1a3a458946abcf31aa53a2375266a8629ed0ac0079ec7c20ecf47cc1e2e685,M5_hpwl,wire_total,27965841.97,31897490.564999998,1.0,2.0
s5378,11,44b1a2ab5a1e,44b1a2ab5a1e9c7caec247107108fb3055f3c6ffceb2de291ff1d93111bd3d1b,M5_hpwl,wire_total,33765116.279999994,38741008.785,7.0,6.0
s5378,11,75ea663523d9,75ea663523d98d753f28f01c7c64348c52391e96e1edb60f4449696445be620c,M5_hpwl,wire_total,28867754.209999997,33085269.345000003,4.0,4.0
s5378,11,A,16904eaa0db2f733be62aebed6ba183f37c1d672a02d210e964bf96d1bc71f54,M5_hpwl,wire_total,36533199.63000001,40063920.425,9.0,9.0
s5378,11,J50,9c54b48f2ab8c0d7ebd94dd6c5de6ad6f04883f972277372ae90fecb4ce7f9ee,M5_hpwl,wire_total,28020079.389999997,31686402.555000003,2.0,1.0
s5378,11,P,bf4923662baa3ce72543bd3ad5092fb514808ffe46ce23173d3c9695ff0c9486,M5_hpwl,wire_total,33594000.91,38871710.135,6.0,7.0
s5378,11,T,37deaa7b3eee9623d40fe7ceb4163773bfda2f0953a72fb7b9babd69f088b04f,M5_hpwl,wire_total,34004961.69,39310031.84,8.0,8.0
s5378,11,a78c6ce1a5a1,a78c6ce1a5a13b64713b1b86f3a984a1e11ed754a6e7c4373fb88b603eec28e7,M5_hpwl,wire_total,29452807.069999997,33822718.915,5.0,5.0
s5378,11,0348f2cc6b9d,0348f2cc6b9dde7d6525795e96eb629b8da746f46f6936d6555a373279e1dbd1,M5_hpwl_local,wire_local_peak,733.08,934.97,6.0,7.0
s5378,11,1f1a3a458946,1f1a3a458946abcf31aa53a2375266a8629ed0ac0079ec7c20ecf47cc1e2e685,M5_hpwl_local,wire_local_peak,718.24,919.0800000000002,4.0,4.0
s5378,11,44b1a2ab5a1e,44b1a2ab5a1e9c7caec247107108fb3055f3c6ffceb2de291ff1d93111bd3d1b,M5_hpwl_local,wire_local_peak,712.02,914.685,3.0,2.0
s5378,11,75ea663523d9,75ea663523d98d753f28f01c7c64348c52391e96e1edb60f4449696445be620c,M5_hpwl_local,wire_local_peak,709.93,914.97,2.0,3.0
s5378,11,A,16904eaa0db2f733be62aebed6ba183f37c1d672a02d210e964bf96d1bc71f54,M5_hpwl_local,wire_local_peak,1036.76,1257.04,9.0,9.0
s5378,11,J50,9c54b48f2ab8c0d7ebd94dd6c5de6ad6f04883f972277372ae90fecb4ce7f9ee,M5_hpwl_local,wire_local_peak,757.66,934.35,8.0,6.0
s5378,11,P,bf4923662baa3ce72543bd3ad5092fb514808ffe46ce23173d3c9695ff0c9486,M5_hpwl_local,wire_local_peak,699.13,901.17,1.0,1.0
s5378,11,T,37deaa7b3eee9623d40fe7ceb4163773bfda2f0953a72fb7b9babd69f088b04f,M5_hpwl_local,wire_local_peak,744.43,946.2950000000001,7.0,8.0
s5378,11,a78c6ce1a5a1,a78c6ce1a5a13b64713b1b86f3a984a1e11ed754a6e7c4373fb88b603eec28e7,M5_hpwl_local,wire_local_peak,724.0999999999999,923.75,5.0,5.0
s5378,13,0348f2cc6b9d,cfca1844cf56918ba39dd3c6e7307d462d2745ce84af75080c90256a2415e319,M3_load,cap_total,11396505.63877494,11945531.49885281,4.0,4.0
s5378,13,1f1a3a458946,85599e3a49d03baee8516b7fd09ac083b36b97cb05155425deeedf1e13c06a63,M3_load,cap_total,10409562.85675043,10844547.491617255,3.0,3.0
s5378,13,44b1a2ab5a1e,fc6a9fad8b63953679cef530e996494ad7411d54b1f0fe24c1a3cd7588ef4b58,M3_load,cap_total,13422742.627053881,14023347.064818516,9.0,9.0
s5378,13,75ea663523d9,614564255d57f80adce3666b0c13d4c138405d85393c935162377b7633e70a85,M3_load,cap_total,11460470.61074853,12021604.078846348,5.0,5.0
s5378,13,A,2fa2182806507e4738cb9ac7039cfad99a4ef9784d5648190e5985193c15f504,M3_load,cap_total,9996215.09360712,10517527.138280159,1.0,2.0
s5378,13,J50,f349e657888b77941322bd364d48dec2b0993da6fa35197c8cd12730f86d32db,M3_load,cap_total,10031248.47757479,10491485.016708935,2.0,1.0
s5378,13,P,993efd351582b8735f92010de3f6788c94d406a36d04f7b45c1b690fc28ac7c5,M3_load,cap_total,13291500.670589529,13921016.148904655,8.0,8.0
s5378,13,T,7db4e812ab948b067e10a61bf26e6bff2b8549cfeabd3e6179e5e4b8aeb0fb7b,M3_load,cap_total,13281821.580109758,13872988.169241523,7.0,7.0
s5378,13,a78c6ce1a5a1,b7dd0d4326c3ea27721bb9654eefe9723368177ce40e656e44586e3a70756dfd,M3_load,cap_total,11711860.85624068,12258544.9163455,6.0,6.0
s5378,13,0348f2cc6b9d,cfca1844cf56918ba39dd3c6e7307d462d2745ce84af75080c90256a2415e319,M3_load_local,cap_local_peak,363.23080030999995,386.44481535387,2.0,2.0
s5378,13,1f1a3a458946,85599e3a49d03baee8516b7fd09ac083b36b97cb05155425deeedf1e13c06a63,M3_load_local,cap_local_peak,371.11325858000004,388.62436234849,5.0,4.0
s5378,13,44b1a2ab5a1e,fc6a9fad8b63953679cef530e996494ad7411d54b1f0fe24c1a3cd7588ef4b58,M3_load_local,cap_local_peak,399.74712242,420.28633778901997,9.0,9.0
s5378,13,75ea663523d9,614564255d57f80adce3666b0c13d4c138405d85393c935162377b7633e70a85,M3_load_local,cap_local_peak,371.64282797,395.3890128344,6.0,7.0
s5378,13,A,2fa2182806507e4738cb9ac7039cfad99a4ef9784d5648190e5985193c15f504,M3_load_local,cap_local_peak,364.45290851,389.74205366844,3.0,5.0
s5378,13,J50,f349e657888b77941322bd364d48dec2b0993da6fa35197c8cd12730f86d32db,M3_load_local,cap_local_peak,358.6586787,378.061901779,1.0,1.0
s5378,13,P,993efd351582b8735f92010de3f6788c94d406a36d04f7b45c1b690fc28ac7c5,M3_load_local,cap_local_peak,382.64806975,401.40225852991006,8.0,8.0
s5378,13,T,7db4e812ab948b067e10a61bf26e6bff2b8549cfeabd3e6179e5e4b8aeb0fb7b,M3_load_local,cap_local_peak,375.83906436,394.66425597243995,7.0,6.0
s5378,13,a78c6ce1a5a1,b7dd0d4326c3ea27721bb9654eefe9723368177ce40e656e44586e3a70756dfd,M3_load_local,cap_local_peak,364.83767445,388.38233375649,4.0,3.0
s5378,13,0348f2cc6b9d,cfca1844cf56918ba39dd3c6e7307d462d2745ce84af75080c90256a2415e319,M5_hpwl,wire_total,31029909.740000006,35014049.29,3.0,3.0
s5378,13,1f1a3a458946,85599e3a49d03baee8516b7fd09ac083b36b97cb05155425deeedf1e13c06a63,M5_hpwl,wire_total,29118812.029999994,32481145.36,2.0,1.0
s5378,13,44b1a2ab5a1e,fc6a9fad8b63953679cef530e996494ad7411d54b1f0fe24c1a3cd7588ef4b58,M5_hpwl,wire_total,36544148.48,41252900.56,7.0,8.0
s5378,13,75ea663523d9,614564255d57f80adce3666b0c13d4c138405d85393c935162377b7633e70a85,M5_hpwl,wire_total,31163723.129999995,35230107.214999996,4.0,4.0
s5378,13,A,2fa2182806507e4738cb9ac7039cfad99a4ef9784d5648190e5985193c15f504,M5_hpwl,wire_total,37118842.52,40391523.17,9.0,6.0
s5378,13,J50,f349e657888b77941322bd364d48dec2b0993da6fa35197c8cd12730f86d32db,M5_hpwl,wire_total,29070689.59,32642738.560000002,1.0,2.0
s5378,13,P,993efd351582b8735f92010de3f6788c94d406a36d04f7b45c1b690fc28ac7c5,M5_hpwl,wire_total,36441963.129999995,41241268.04,6.0,7.0
s5378,13,T,7db4e812ab948b067e10a61bf26e6bff2b8549cfeabd3e6179e5e4b8aeb0fb7b,M5_hpwl,wire_total,36798761.96,41428807.725,8.0,9.0
s5378,13,a78c6ce1a5a1,b7dd0d4326c3ea27721bb9654eefe9723368177ce40e656e44586e3a70756dfd,M5_hpwl,wire_total,31730576.28,35799352.695,5.0,5.0
s5378,13,0348f2cc6b9d,cfca1844cf56918ba39dd3c6e7307d462d2745ce84af75080c90256a2415e319,M5_hpwl_local,wire_local_peak,767.81,956.5500000000001,1.0,1.0
s5378,13,1f1a3a458946,85599e3a49d03baee8516b7fd09ac083b36b97cb05155425deeedf1e13c06a63,M5_hpwl_local,wire_local_peak,822.18,988.4800000000001,4.0,2.0
s5378,13,44b1a2ab5a1e,fc6a9fad8b63953679cef530e996494ad7411d54b1f0fe24c1a3cd7588ef4b58,M5_hpwl_local,wire_local_peak,852.82,1048.8,7.0,8.0
s5378,13,75ea663523d9,614564255d57f80adce3666b0c13d4c138405d85393c935162377b7633e70a85,M5_hpwl_local,wire_local_peak,805.3699999999999,994.22,2.0,3.0
s5378,13,A,2fa2182806507e4738cb9ac7039cfad99a4ef9784d5648190e5985193c15f504,M5_hpwl_local,wire_local_peak,1080.17,1252.44,9.0,9.0
s5378,13,J50,f349e657888b77941322bd364d48dec2b0993da6fa35197c8cd12730f86d32db,M5_hpwl_local,wire_local_peak,818.7,999.5999999999999,3.0,4.0
s5378,13,P,993efd351582b8735f92010de3f6788c94d406a36d04f7b45c1b690fc28ac7c5,M5_hpwl_local,wire_local_peak,857.75,1018.1200000000001,8.0,7.0
s5378,13,T,7db4e812ab948b067e10a61bf26e6bff2b8549cfeabd3e6179e5e4b8aeb0fb7b,M5_hpwl_local,wire_local_peak,826.5600000000001,1000.7699999999999,6.0,5.0
s5378,13,a78c6ce1a5a1,b7dd0d4326c3ea27721bb9654eefe9723368177ce40e656e44586e3a70756dfd,M5_hpwl_local,wire_local_peak,823.4499999999999,1001.365,5.0,6.0
s5378,17,0348f2cc6b9d,b939e8b527dae4a1b3ca880f5dd8947df1385573a22c72ef35b025ddbb1094e5,M3_load,cap_total,11525860.799863841,12089111.269145148,4.0,4.0
s5378,17,1f1a3a458946,c6155d5c235edaca29c104e65712d10a634f9bf8aaee25c49daf2c2bcbdc9669,M3_load,cap_total,10567407.9352795,11101332.83479775,3.0,3.0
s5378,17,44b1a2ab5a1e,5019e4551b02e138bf3cc0fff99fa06de97199c14aa7a7efeeaa8be888916f15,M3_load,cap_total,13587993.17417359,14293892.288998857,9.0,9.0
s5378,17,75ea663523d9,7930cc66c7bce2a399d2d536726cc310794fdf193ec8aa0d208dac5ae7641366,M3_load,cap_total,11591996.981421659,12155858.79183574,5.0,5.0
s5378,17,A,48ff1424b3cec7b1d27779c600b7792410522b9e82f83a9013f08916007fad5d,M3_load,cap_total,10038282.016099669,10663018.981731074,1.0,2.0
s5378,17,J50,3e7f21b2f8dafc1eebbba56851af37a94282d801ace0324e55c299f5f52d51e3,M3_load,cap_total,10138637.3207143,10648450.306185754,2.0,1.0
s5378,17,P,d2c2e1cf525eb62a3d846293c0919b057a63124352ee5519ee52628d0b58d9f1,M3_load,cap_total,13413525.40305606,14108700.775324833,8.0,8.0
s5378,17,T,78a10ecb27668aa8088b8d5b5106853b6048a17104f7331fcc621ef2e6334ff7,M3_load,cap_total,13391848.89641244,14060725.885804925,7.0,7.0
s5378,17,a78c6ce1a5a1,cef22c649726ae6309272bc496c4bf423c62a65539fc1cbb4d654447e7c95b91,M3_load,cap_total,11837593.200751241,12422949.02811909,6.0,6.0
s5378,17,0348f2cc6b9d,b939e8b527dae4a1b3ca880f5dd8947df1385573a22c72ef35b025ddbb1094e5,M3_load_local,cap_local_peak,358.33283638,383.65523929729,3.0,4.0
s5378,17,1f1a3a458946,c6155d5c235edaca29c104e65712d10a634f9bf8aaee25c49daf2c2bcbdc9669,M3_load_local,cap_local_peak,357.71020577,379.37878517999997,2.0,2.0
s5378,17,44b1a2ab5a1e,5019e4551b02e138bf3cc0fff99fa06de97199c14aa7a7efeeaa8be888916f15,M3_load_local,cap_local_peak,377.4624361,403.89055492498005,8.0,9.0
s5378,17,75ea663523d9,7930cc66c7bce2a399d2d536726cc310794fdf193ec8aa0d208dac5ae7641366,M3_load_local,cap_local_peak,359.34769094,383.37048268798003,4.0,3.0
s5378,17,A,48ff1424b3cec7b1d27779c600b7792410522b9e82f83a9013f08916007fad5d,M3_load_local,cap_local_peak,360.49315185,391.88852768405997,6.0,7.0
s5378,17,J50,3e7f21b2f8dafc1eebbba56851af37a94282d801ace0324e55c299f5f52d51e3,M3_load_local,cap_local_peak,349.86617003000003,370.35549112507,1.0,1.0
s5378,17,P,d2c2e1cf525eb62a3d846293c0919b057a63124352ee5519ee52628d0b58d9f1,M3_load_local,cap_local_peak,360.06136965999997,383.78691967148995,5.0,5.0
s5378,17,T,78a10ecb27668aa8088b8d5b5106853b6048a17104f7331fcc621ef2e6334ff7,M3_load_local,cap_local_peak,378.30819967,401.33985581200005,9.0,8.0
s5378,17,a78c6ce1a5a1,cef22c649726ae6309272bc496c4bf423c62a65539fc1cbb4d654447e7c95b91,M3_load_local,cap_local_peak,365.01480107,386.29968152498,7.0,6.0
s5378,17,0348f2cc6b9d,b939e8b527dae4a1b3ca880f5dd8947df1385573a22c72ef35b025ddbb1094e5,M5_hpwl,wire_total,32273936.639999997,36661986.495,3.0,3.0
s5378,17,1f1a3a458946,c6155d5c235edaca29c104e65712d10a634f9bf8aaee25c49daf2c2bcbdc9669,M5_hpwl,wire_total,30636830.5,34514193.33,2.0,2.0
s5378,17,44b1a2ab5a1e,5019e4551b02e138bf3cc0fff99fa06de97199c14aa7a7efeeaa8be888916f15,M5_hpwl,wire_total,38133386.39,43447358.91,9.0,9.0
s5378,17,75ea663523d9,7930cc66c7bce2a399d2d536726cc310794fdf193ec8aa0d208dac5ae7641366,M5_hpwl,wire_total,32428630.860000003,36793421.44499999,4.0,4.0
s5378,17,A,48ff1424b3cec7b1d27779c600b7792410522b9e82f83a9013f08916007fad5d,M5_hpwl,wire_total,37523406.06999999,41219832.65999999,6.0,6.0
s5378,17,J50,3e7f21b2f8dafc1eebbba56851af37a94282d801ace0324e55c299f5f52d51e3,M5_hpwl,wire_total,30103463.3,34051401.61,1.0,1.0
s5378,17,P,d2c2e1cf525eb62a3d846293c0919b057a63124352ee5519ee52628d0b58d9f1,M5_hpwl,wire_total,37615492.26,42984636.870000005,7.0,7.0
s5378,17,T,78a10ecb27668aa8088b8d5b5106853b6048a17104f7331fcc621ef2e6334ff7,M5_hpwl,wire_total,37856910.239999995,43181451.91000001,8.0,8.0
s5378,17,a78c6ce1a5a1,cef22c649726ae6309272bc496c4bf423c62a65539fc1cbb4d654447e7c95b91,M5_hpwl,wire_total,32939762.039999995,37446718.675,5.0,5.0
s5378,17,0348f2cc6b9d,b939e8b527dae4a1b3ca880f5dd8947df1385573a22c72ef35b025ddbb1094e5,M5_hpwl_local,wire_local_peak,807.8900000000001,970.88,2.0,1.0
s5378,17,1f1a3a458946,c6155d5c235edaca29c104e65712d10a634f9bf8aaee25c49daf2c2bcbdc9669,M5_hpwl_local,wire_local_peak,828.8799999999999,994.7199999999999,3.0,3.0
s5378,17,44b1a2ab5a1e,5019e4551b02e138bf3cc0fff99fa06de97199c14aa7a7efeeaa8be888916f15,M5_hpwl_local,wire_local_peak,883.22,1071.76,7.0,7.0
s5378,17,75ea663523d9,7930cc66c7bce2a399d2d536726cc310794fdf193ec8aa0d208dac5ae7641366,M5_hpwl_local,wire_local_peak,796.96,978.41,1.0,2.0
s5378,17,A,48ff1424b3cec7b1d27779c600b7792410522b9e82f83a9013f08916007fad5d,M5_hpwl_local,wire_local_peak,1076.85,1268.37,9.0,9.0
s5378,17,J50,3e7f21b2f8dafc1eebbba56851af37a94282d801ace0324e55c299f5f52d51e3,M5_hpwl_local,wire_local_peak,865.28,1033.19,6.0,5.0
s5378,17,P,d2c2e1cf525eb62a3d846293c0919b057a63124352ee5519ee52628d0b58d9f1,M5_hpwl_local,wire_local_peak,850.8600000000001,1023.81,4.0,4.0
s5378,17,T,78a10ecb27668aa8088b8d5b5106853b6048a17104f7331fcc621ef2e6334ff7,M5_hpwl_local,wire_local_peak,888.0699999999999,1076.17,8.0,8.0
s5378,17,a78c6ce1a5a1,cef22c649726ae6309272bc496c4bf423c62a65539fc1cbb4d654447e7c95b91,M5_hpwl_local,wire_local_peak,864.21,1034.48,5.0,6.0
s9234,11,A,71afe0e235bbdcef058e540b59180401b82f37f48d0b3c1313fe6750cc2e8c35,M3_load,cap_total,21276485.0214909,23723729.715676844,3.0,3.0
s9234,11,J50,2f6e012e12ba16621b425a458c0d0d7cf410abc6a724a1f139e84e84f12e55a1,M3_load,cap_total,20366941.45833807,22419272.438704792,1.0,1.0
s9234,11,P,169ed6bfc885161ffb6e65df93983a818a4ee75fa347c639b11077f4a5c9be13,M3_load,cap_total,24120796.75159056,26478398.074869998,6.0,6.0
s9234,11,T,237fb9ad7f2ffd5c2bc0a8c4bc0306e97cc0e3004cb5fb11dd35244619138aef,M3_load,cap_total,23942593.1806913,26225191.07638884,5.0,4.0
s9234,11,activity_extreme,7df0fb60c2a837f9d068d616fafe76bd33956b8b924f301ed3328e8881bc12ac,M3_load,cap_total,20501623.8018811,22561137.284847282,2.0,2.0
s9234,11,balanced,42ab942ed206f2312b9ded3de31e50a1202687a5e9adeb74276377bf998117be,M3_load,cap_total,23932882.34429732,26306928.38171516,4.0,5.0
s9234,11,A,71afe0e235bbdcef058e540b59180401b82f37f48d0b3c1313fe6750cc2e8c35,M3_load_local,cap_local_peak,428.04597685,503.53644587947997,3.0,4.0
s9234,11,J50,2f6e012e12ba16621b425a458c0d0d7cf410abc6a724a1f139e84e84f12e55a1,M3_load_local,cap_local_peak,416.51482954000005,474.48431544567006,2.0,1.0
s9234,11,P,169ed6bfc885161ffb6e65df93983a818a4ee75fa347c639b11077f4a5c9be13,M3_load_local,cap_local_peak,448.4321448600001,515.35521731068,5.0,5.0
s9234,11,T,237fb9ad7f2ffd5c2bc0a8c4bc0306e97cc0e3004cb5fb11dd35244619138aef,M3_load_local,cap_local_peak,443.83687004,500.53484828068,4.0,3.0
s9234,11,activity_extreme,7df0fb60c2a837f9d068d616fafe76bd33956b8b924f301ed3328e8881bc12ac,M3_load_local,cap_local_peak,416.30428751,474.55264444027,1.0,2.0
s9234,11,balanced,42ab942ed206f2312b9ded3de31e50a1202687a5e9adeb74276377bf998117be,M3_load_local,cap_local_peak,451.52972508,516.54203722429,6.0,6.0
s9234,11,A,71afe0e235bbdcef058e540b59180401b82f37f48d0b3c1313fe6750cc2e8c35,M5_hpwl,wire_total,97286757.89999999,113167447.15999998,6.0,6.0
s9234,11,J50,2f6e012e12ba16621b425a458c0d0d7cf410abc6a724a1f139e84e84f12e55a1,M5_hpwl,wire_total,75058463.46999998,91778916.96499999,1.0,1.0
s9234,11,P,169ed6bfc885161ffb6e65df93983a818a4ee75fa347c639b11077f4a5c9be13,M5_hpwl,wire_total,84961348.75999998,104297716.715,5.0,5.0
s9234,11,T,237fb9ad7f2ffd5c2bc0a8c4bc0306e97cc0e3004cb5fb11dd35244619138aef,M5_hpwl,wire_total,84193187.3,102975754.95500001,3.0,3.0
s9234,11,activity_extreme,7df0fb60c2a837f9d068d616fafe76bd33956b8b924f301ed3328e8881bc12ac,M5_hpwl,wire_total,75563845.09999998,92326041.36499998,2.0,2.0
s9234,11,balanced,42ab942ed206f2312b9ded3de31e50a1202687a5e9adeb74276377bf998117be,M5_hpwl,wire_total,84292327.72,103127337.95,4.0,4.0
s9234,11,A,71afe0e235bbdcef058e540b59180401b82f37f48d0b3c1313fe6750cc2e8c35,M5_hpwl_local,wire_local_peak,1676.85,2148.88,6.0,6.0
s9234,11,J50,2f6e012e12ba16621b425a458c0d0d7cf410abc6a724a1f139e84e84f12e55a1,M5_hpwl_local,wire_local_peak,1491.34,1905.805,2.0,2.0
s9234,11,P,169ed6bfc885161ffb6e65df93983a818a4ee75fa347c639b11077f4a5c9be13,M5_hpwl_local,wire_local_peak,1512.06,1987.015,4.0,4.0
s9234,11,T,237fb9ad7f2ffd5c2bc0a8c4bc0306e97cc0e3004cb5fb11dd35244619138aef,M5_hpwl_local,wire_local_peak,1498.8400000000001,1913.55,3.0,3.0
s9234,11,activity_extreme,7df0fb60c2a837f9d068d616fafe76bd33956b8b924f301ed3328e8881bc12ac,M5_hpwl_local,wire_local_peak,1416.8400000000001,1873.025,1.0,1.0
s9234,11,balanced,42ab942ed206f2312b9ded3de31e50a1202687a5e9adeb74276377bf998117be,M5_hpwl_local,wire_local_peak,1527.6799999999998,1987.32,5.0,5.0
s9234,13,A,d36ea8f144de931af7b86ad0a0efe75fc76e7e856420828cb393ce4a13201dae,M3_load,cap_total,21318383.037247054,23902267.08706682,3.0,3.0
s9234,13,J50,2845cbdad80d53fb69dd401df5cc180d57ed80de5303b1e2031ff6557734c452,M3_load,cap_total,20591697.46604142,22807569.876258682,1.0,1.0
s9234,13,P,7294cc1ffe746a0a98f6b9a838a2adaff69662ce6ecd6512c3b49ccd27fb46b1,M3_load,cap_total,24509507.14269603,27033418.28255,6.0,6.0
s9234,13,T,5d5b64bd2274fb816c1c762d757be4547ade5e7950fa54d79e5009e106127ca8,M3_load,cap_total,24359614.89667039,26927783.64289458,4.0,4.0
s9234,13,activity_extreme,10a7b0822f9faa6b63a2746df496843f5f1c84d559a451fd637eeb089d97f5c2,M3_load,cap_total,20721048.91375607,22941933.002449676,2.0,2.0
s9234,13,balanced,9b3db5bf3d8a7a4eac18dbea66655b29b6eefb5456920e44d8bcdb1fd479ba42,M3_load,cap_total,24371919.257614277,26964932.333922815,5.0,5.0
s9234,13,A,d36ea8f144de931af7b86ad0a0efe75fc76e7e856420828cb393ce4a13201dae,M3_load_local,cap_local_peak,439.62756479999996,512.3985560276301,4.0,4.0
s9234,13,J50,2845cbdad80d53fb69dd401df5cc180d57ed80de5303b1e2031ff6557734c452,M3_load_local,cap_local_peak,399.00629334999996,452.98957437305,1.0,1.0
s9234,13,P,7294cc1ffe746a0a98f6b9a838a2adaff69662ce6ecd6512c3b49ccd27fb46b1,M3_load_local,cap_local_peak,447.38448148,515.7126090173,5.0,5.0
s9234,13,T,5d5b64bd2274fb816c1c762d757be4547ade5e7950fa54d79e5009e106127ca8,M3_load_local,cap_local_peak,429.44483802999997,492.66436705072005,3.0,3.0
s9234,13,activity_extreme,10a7b0822f9faa6b63a2746df496843f5f1c84d559a451fd637eeb089d97f5c2,M3_load_local,cap_local_peak,408.53171886999996,458.15852699213,2.0,2.0
s9234,13,balanced,9b3db5bf3d8a7a4eac18dbea66655b29b6eefb5456920e44d8bcdb1fd479ba42,M3_load_local,cap_local_peak,458.90590075,519.55050601238,6.0,6.0
s9234,13,A,d36ea8f144de931af7b86ad0a0efe75fc76e7e856420828cb393ce4a13201dae,M5_hpwl,wire_total,97689697.05,113338998.07000001,6.0,6.0
s9234,13,J50,2845cbdad80d53fb69dd401df5cc180d57ed80de5303b1e2031ff6557734c452,M5_hpwl,wire_total,77219973.82000001,94448839.11,1.0,1.0
s9234,13,P,7294cc1ffe746a0a98f6b9a838a2adaff69662ce6ecd6512c3b49ccd27fb46b1,M5_hpwl,wire_total,88699631.63,108813448.14,5.0,5.0
s9234,13,T,5d5b64bd2274fb816c1c762d757be4547ade5e7950fa54d79e5009e106127ca8,M5_hpwl,wire_total,88203744.18999998,108234653.3,3.0,3.0
s9234,13,activity_extreme,10a7b0822f9faa6b63a2746df496843f5f1c84d559a451fd637eeb089d97f5c2,M5_hpwl,wire_total,77674087.47,95092267.51000002,2.0,2.0
s9234,13,balanced,9b3db5bf3d8a7a4eac18dbea66655b29b6eefb5456920e44d8bcdb1fd479ba42,M5_hpwl,wire_total,88514607.88,108763566.66,4.0,4.0
s9234,13,A,d36ea8f144de931af7b86ad0a0efe75fc76e7e856420828cb393ce4a13201dae,M5_hpwl_local,wire_local_peak,1621.8000000000002,2064.25,5.0,5.0
s9234,13,J50,2845cbdad80d53fb69dd401df5cc180d57ed80de5303b1e2031ff6557734c452,M5_hpwl_local,wire_local_peak,1408.0900000000001,1846.3449999999998,1.0,1.0
s9234,13,P,7294cc1ffe746a0a98f6b9a838a2adaff69662ce6ecd6512c3b49ccd27fb46b1,M5_hpwl_local,wire_local_peak,1529.75,2027.5200000000002,4.0,4.0
s9234,13,T,5d5b64bd2274fb816c1c762d757be4547ade5e7950fa54d79e5009e106127ca8,M5_hpwl_local,wire_local_peak,1478.56,1958.3200000000002,3.0,3.0
s9234,13,activity_extreme,10a7b0822f9faa6b63a2746df496843f5f1c84d559a451fd637eeb089d97f5c2,M5_hpwl_local,wire_local_peak,1438.01,1891.665,2.0,2.0
s9234,13,balanced,9b3db5bf3d8a7a4eac18dbea66655b29b6eefb5456920e44d8bcdb1fd479ba42,M5_hpwl_local,wire_local_peak,1627.75,2111.63,6.0,6.0
s9234,17,A,861f813694badf2a204bb44738380ac40d1c6eefbf7f275ce03ce53e491b83ae,M3_load,cap_total,21331927.113596346,23999052.444055602,3.0,3.0
s9234,17,J50,9b9c8fda34e12e33df43a72ec560879f20b40b43e3dbab185cdb6f3500f07e48,M3_load,cap_total,20592336.34714143,22768559.990992058,1.0,1.0
s9234,17,P,4209638f57204f51c71442addbb9c32ed966e778ab526c8936891c5a1c604cca,M3_load,cap_total,24592900.162568912,27160696.244916137,6.0,6.0
s9234,17,T,e0e52cb6e7978b86cadd51c9cba6387098bbf7bf366008476ea5453a460d2358,M3_load,cap_total,24437991.383352757,27045012.95292232,5.0,5.0
s9234,17,activity_extreme,81e0299ed446f24ca63d2c9d93c58a40dd9b6049fa6f19f68668c65d422a4b1c,M3_load,cap_total,20730802.34819303,22869578.23677543,2.0,2.0
s9234,17,balanced,787524e4aed6405e9e31c0fc73ac3203f4cf9c4aa9071446f8b6df03c97fd617,M3_load,cap_total,24424199.074348677,26984394.83622581,4.0,4.0
s9234,17,A,861f813694badf2a204bb44738380ac40d1c6eefbf7f275ce03ce53e491b83ae,M3_load_local,cap_local_peak,457.56007744,538.86678900016,1.0,3.0
s9234,17,J50,9b9c8fda34e12e33df43a72ec560879f20b40b43e3dbab185cdb6f3500f07e48,M3_load_local,cap_local_peak,458.34184849,524.09059826168,2.5,1.0
s9234,17,P,4209638f57204f51c71442addbb9c32ed966e778ab526c8936891c5a1c604cca,M3_load_local,cap_local_peak,475.42472989,544.46103982387,4.0,4.0
s9234,17,T,e0e52cb6e7978b86cadd51c9cba6387098bbf7bf366008476ea5453a460d2358,M3_load_local,cap_local_peak,494.77772936,567.0162024364699,6.0,6.0
s9234,17,activity_extreme,81e0299ed446f24ca63d2c9d93c58a40dd9b6049fa6f19f68668c65d422a4b1c,M3_load_local,cap_local_peak,458.34184849,526.1195852934,2.5,2.0
s9234,17,balanced,787524e4aed6405e9e31c0fc73ac3203f4cf9c4aa9071446f8b6df03c97fd617,M3_load_local,cap_local_peak,476.42597157,545.4809013351701,5.0,5.0
s9234,17,A,861f813694badf2a204bb44738380ac40d1c6eefbf7f275ce03ce53e491b83ae,M5_hpwl,wire_total,97819952.35,113898792.41,6.0,6.0
s9234,17,J50,9b9c8fda34e12e33df43a72ec560879f20b40b43e3dbab185cdb6f3500f07e48,M5_hpwl,wire_total,77226118.02999999,94009498.145,1.0,1.0
s9234,17,P,4209638f57204f51c71442addbb9c32ed966e778ab526c8936891c5a1c604cca,M5_hpwl,wire_total,89501634.11000001,109571696.74499999,5.0,5.0
s9234,17,T,e0e52cb6e7978b86cadd51c9cba6387098bbf7bf366008476ea5453a460d2358,M5_hpwl,wire_total,88957501.96000001,109138720.35000001,3.0,3.0
s9234,17,activity_extreme,81e0299ed446f24ca63d2c9d93c58a40dd9b6049fa6f19f68668c65d422a4b1c,M5_hpwl,wire_total,77767887.63,94524496.955,2.0,2.0
s9234,17,balanced,787524e4aed6405e9e31c0fc73ac3203f4cf9c4aa9071446f8b6df03c97fd617,M5_hpwl,wire_total,89017390.28,109174157.69500001,4.0,4.0
s9234,17,A,861f813694badf2a204bb44738380ac40d1c6eefbf7f275ce03ce53e491b83ae,M5_hpwl_local,wire_local_peak,1730.74,2225.21,6.0,6.0
s9234,17,J50,9b9c8fda34e12e33df43a72ec560879f20b40b43e3dbab185cdb6f3500f07e48,M5_hpwl_local,wire_local_peak,1544.29,2038.31,2.5,4.0
s9234,17,P,4209638f57204f51c71442addbb9c32ed966e778ab526c8936891c5a1c604cca,M5_hpwl_local,wire_local_peak,1549.5099999999998,2026.1149999999998,4.0,2.0
s9234,17,T,e0e52cb6e7978b86cadd51c9cba6387098bbf7bf366008476ea5453a460d2358,M5_hpwl_local,wire_local_peak,1599.56,2117.38,5.0,5.0
s9234,17,activity_extreme,81e0299ed446f24ca63d2c9d93c58a40dd9b6049fa6f19f68668c65d422a4b1c,M5_hpwl_local,wire_local_peak,1544.29,2034.915,2.5,3.0
s9234,17,balanced,787524e4aed6405e9e31c0fc73ac3203f4cf9c4aa9071446f8b6df03c97fd617,M5_hpwl_local,wire_local_peak,1538.9699999999998,2018.4500000000003,1.0,1.0
s15850,11,A,e1867cc98b3d1afa4f231daa6c38652ed38be26bf58ed32499449fb51fd1f7ea,M3_load,cap_total,84187730.94647115,94910010.21014804,3.0,3.0
s15850,11,J50,fdf44a74a70de6097e4087b4760fce7fd18c6f454f82cbbbb07121eed956b965,M3_load,cap_total,70461686.14442135,75514927.0497982,1.0,1.0
s15850,11,P,f58717aa863acd666346580fa4a3fca3fdea25f88ec768be3b8839f2ea7307a9,M3_load,cap_total,91931898.56202918,97800999.03345989,5.0,6.0
s15850,11,T,f0ec44569fab2217d7aa9f8dd4bb03a265c3d352c935343052f3505432cea877,M3_load,cap_total,91995775.33525147,97433641.40014859,6.0,5.0
s15850,11,activity_extreme,b114446060130f88bb0f258b5915937146e12ca040037900c1bf44c4e5e657a1,M3_load,cap_total,86010321.95340328,97118200.42501177,4.0,4.0
s15850,11,balanced,c59deca1ac58ed7903f5baa6e82c81263b768d429134eeef408225691a69e3b9,M3_load,cap_total,71603877.45978412,76766045.93229695,2.0,2.0
s15850,11,A,e1867cc98b3d1afa4f231daa6c38652ed38be26bf58ed32499449fb51fd1f7ea,M3_load_local,cap_local_peak,525.381114765,609.32940683109,6.0,6.0
s15850,11,J50,fdf44a74a70de6097e4087b4760fce7fd18c6f454f82cbbbb07121eed956b965,M3_load_local,cap_local_peak,385.94257324,421.62183144060003,1.0,1.0
s15850,11,P,f58717aa863acd666346580fa4a3fca3fdea25f88ec768be3b8839f2ea7307a9,M3_load_local,cap_local_peak,424.52357658500006,442.76606066568,4.0,4.0
s15850,11,T,f0ec44569fab2217d7aa9f8dd4bb03a265c3d352c935343052f3505432cea877,M3_load_local,cap_local_peak,410.323228905,430.15494454943996,3.0,2.0
s15850,11,activity_extreme,b114446060130f88bb0f258b5915937146e12ca040037900c1bf44c4e5e657a1,M3_load_local,cap_local_peak,525.295215805,608.7916180041101,5.0,5.0
s15850,11,balanced,c59deca1ac58ed7903f5baa6e82c81263b768d429134eeef408225691a69e3b9,M3_load_local,cap_local_peak,403.69809952500003,436.69796546829,2.0,3.0
s15850,11,A,e1867cc98b3d1afa4f231daa6c38652ed38be26bf58ed32499449fb51fd1f7ea,M5_hpwl,wire_total,514034882.255,553470255.8149999,5.0,5.0
s15850,11,J50,fdf44a74a70de6097e4087b4760fce7fd18c6f454f82cbbbb07121eed956b965,M5_hpwl,wire_total,328333734.245,364972759.28999996,1.0,1.0
s15850,11,P,f58717aa863acd666346580fa4a3fca3fdea25f88ec768be3b8839f2ea7307a9,M5_hpwl,wire_total,398568717.0949999,445725109.2099999,4.0,4.0
s15850,11,T,f0ec44569fab2217d7aa9f8dd4bb03a265c3d352c935343052f3505432cea877,M5_hpwl,wire_total,398499281.34499997,443964917.07500005,3.0,3.0
s15850,11,activity_extreme,b114446060130f88bb0f258b5915937146e12ca040037900c1bf44c4e5e657a1,M5_hpwl,wire_total,523716418.565,563730538.22,6.0,6.0
s15850,11,balanced,c59deca1ac58ed7903f5baa6e82c81263b768d429134eeef408225691a69e3b9,M5_hpwl,wire_total,333205430.20499986,370086138.78499997,2.0,2.0
s15850,11,A,e1867cc98b3d1afa4f231daa6c38652ed38be26bf58ed32499449fb51fd1f7ea,M5_hpwl_local,wire_local_peak,3355.0649999999996,3682.9700000000003,5.0,5.0
s15850,11,J50,fdf44a74a70de6097e4087b4760fce7fd18c6f454f82cbbbb07121eed956b965,M5_hpwl_local,wire_local_peak,2110.04,2317.41,1.0,2.0
s15850,11,P,f58717aa863acd666346580fa4a3fca3fdea25f88ec768be3b8839f2ea7307a9,M5_hpwl_local,wire_local_peak,2124.395,2339.4399999999996,3.0,3.0
s15850,11,T,f0ec44569fab2217d7aa9f8dd4bb03a265c3d352c935343052f3505432cea877,M5_hpwl_local,wire_local_peak,2117.005,2306.7799999999997,2.0,1.0
s15850,11,activity_extreme,b114446060130f88bb0f258b5915937146e12ca040037900c1bf44c4e5e657a1,M5_hpwl_local,wire_local_peak,3387.1249999999995,3711.73,6.0,6.0
s15850,11,balanced,c59deca1ac58ed7903f5baa6e82c81263b768d429134eeef408225691a69e3b9,M5_hpwl_local,wire_local_peak,2172.21,2380.25,4.0,4.0
s15850,13,A,942cc66b689d7ccbbe028a1f29635e20c4a97c279b534040a31ba339405f4814,M3_load,cap_total,83869891.1070152,94710215.59772532,3.0,3.0
s15850,13,J50,ffae4066bf7263351f79063cf432cf2e5fe81f63e7d873dfd71b97f29750de8e,M3_load,cap_total,70986650.79645294,76029095.80723226,1.0,1.0
s15850,13,P,239ff0f69b2eeefc05ce5906b6aa47830f53cf7fab86106357d964fd80fdf518,M3_load,cap_total,93762917.41304575,99839558.03769445,5.0,5.0
s15850,13,T,1156aed4c738d07cc0d39d1c1a1ac66d3d04ce529f9e593868028486a9ef8ada,M3_load,cap_total,93906379.28154653,100022423.12942672,6.0,6.0
s15850,13,activity_extreme,207a0abc5f0bb3f462e7e76b675828718721d39bca1526691535dc096e28f1c8,M3_load,cap_total,85657718.83873078,96613933.72416008,4.0,4.0
s15850,13,balanced,ad0eb1d73411b630f78e7e09817316de528b11cc3580b52b9309ee3a304dbc43,M3_load,cap_total,72165090.67243244,77273347.7387287,2.0,2.0
s15850,13,A,942cc66b689d7ccbbe028a1f29635e20c4a97c279b534040a31ba339405f4814,M3_load_local,cap_local_peak,585.310602385,689.18335089162,5.0,5.0
s15850,13,J50,ffae4066bf7263351f79063cf432cf2e5fe81f63e7d873dfd71b97f29750de8e,M3_load_local,cap_local_peak,433.409648115,462.11589232085,1.0,1.0
s15850,13,P,239ff0f69b2eeefc05ce5906b6aa47830f53cf7fab86106357d964fd80fdf518,M3_load_local,cap_local_peak,471.908327345,498.44060882409,4.0,3.0
s15850,13,T,1156aed4c738d07cc0d39d1c1a1ac66d3d04ce529f9e593868028486a9ef8ada,M3_load_local,cap_local_peak,449.00030513999997,483.4573488674099,2.0,2.0
s15850,13,activity_extreme,207a0abc5f0bb3f462e7e76b675828718721d39bca1526691535dc096e28f1c8,M3_load_local,cap_local_peak,605.295078935,696.50680136611,6.0,6.0
s15850,13,balanced,ad0eb1d73411b630f78e7e09817316de528b11cc3580b52b9309ee3a304dbc43,M3_load_local,cap_local_peak,450.30856349,500.44731784403996,3.0,4.0
s15850,13,A,942cc66b689d7ccbbe028a1f29635e20c4a97c279b534040a31ba339405f4814,M5_hpwl,wire_total,510978171.515,551539337.025,5.0,5.0
s15850,13,J50,ffae4066bf7263351f79063cf432cf2e5fe81f63e7d873dfd71b97f29750de8e,M5_hpwl,wire_total,333382393.635,368902897.145,1.0,1.0
s15850,13,P,239ff0f69b2eeefc05ce5906b6aa47830f53cf7fab86106357d964fd80fdf518,M5_hpwl,wire_total,416177884.6449999,464002250.005,3.0,4.0
s15850,13,T,1156aed4c738d07cc0d39d1c1a1ac66d3d04ce529f9e593868028486a9ef8ada,M5_hpwl,wire_total,416873830.02500004,463876421.925,4.0,3.0
s15850,13,activity_extreme,207a0abc5f0bb3f462e7e76b675828718721d39bca1526691535dc096e28f1c8,M5_hpwl,wire_total,520325384.485,561478994.9050002,6.0,6.0
s15850,13,balanced,ad0eb1d73411b630f78e7e09817316de528b11cc3580b52b9309ee3a304dbc43,M5_hpwl,wire_total,338602697.13500005,375049482.6450001,2.0,2.0
s15850,13,A,942cc66b689d7ccbbe028a1f29635e20c4a97c279b534040a31ba339405f4814,M5_hpwl_local,wire_local_peak,3685.085,4039.4200000000005,5.0,5.0
s15850,13,J50,ffae4066bf7263351f79063cf432cf2e5fe81f63e7d873dfd71b97f29750de8e,M5_hpwl_local,wire_local_peak,2344.805,2556.99,2.0,2.0
s15850,13,P,239ff0f69b2eeefc05ce5906b6aa47830f53cf7fab86106357d964fd80fdf518,M5_hpwl_local,wire_local_peak,2374.215,2610.38,3.0,3.0
s15850,13,T,1156aed4c738d07cc0d39d1c1a1ac66d3d04ce529f9e593868028486a9ef8ada,M5_hpwl_local,wire_local_peak,2244.8650000000002,2437.935,1.0,1.0
s15850,13,activity_extreme,207a0abc5f0bb3f462e7e76b675828718721d39bca1526691535dc096e28f1c8,M5_hpwl_local,wire_local_peak,3830.635,4154.8,6.0,6.0
s15850,13,balanced,ad0eb1d73411b630f78e7e09817316de528b11cc3580b52b9309ee3a304dbc43,M5_hpwl_local,wire_local_peak,2374.29,2654.13,4.0,4.0
s15850,17,A,ca5d4a28909851f159a815499f3587643b73dbcec29cae8f94a24451fb29a7e1,M3_load,cap_total,84217837.75910306,95089874.96535344,3.0,3.0
s15850,17,J50,fe8da173bf886502dbe713aef2a701e94986d7a6848230faf17ee869a46622b1,M3_load,cap_total,71186462.55979055,75791896.83161537,1.0,1.0
s15850,17,P,16738bfbd10f764b9e15a4c6910197999a7eb301f70b85328e374727e3d76701,M3_load,cap_total,94020300.54253574,99945872.4589315,5.0,5.0
s15850,17,T,9f827a3c02311025e20f114a2193d1a8da900446158e93e067d473e6d3260d3a,M3_load,cap_total,94230990.72661616,100011307.92049311,6.0,6.0
s15850,17,activity_extreme,0ec8661a1ff022eaf702523954502042527ff97e966e07272652a61ee0cfa0ed,M3_load,cap_total,86091576.62272774,97203297.7942362,4.0,4.0
s15850,17,balanced,cfceed3bf16690caa172ade03688fc97865ac97f267424a608c6672febf4d84a,M3_load,cap_total,72344079.96912965,77055120.68647093,2.0,2.0
s15850,17,A,ca5d4a28909851f159a815499f3587643b73dbcec29cae8f94a24451fb29a7e1,M3_load_local,cap_local_peak,532.19111203,614.44863811689,6.0,6.0
s15850,17,J50,fe8da173bf886502dbe713aef2a701e94986d7a6848230faf17ee869a46622b1,M3_load_local,cap_local_peak,419.57287149,461.77735116338,3.0,4.0
s15850,17,P,16738bfbd10f764b9e15a4c6910197999a7eb301f70b85328e374727e3d76701,M3_load_local,cap_local_peak,433.6601207450001,460.69101530443004,4.0,3.0
s15850,17,T,9f827a3c02311025e20f114a2193d1a8da900446158e93e067d473e6d3260d3a,M3_load_local,cap_local_peak,418.10802155,459.82961983177,2.0,2.0
s15850,17,activity_extreme,0ec8661a1ff022eaf702523954502042527ff97e966e07272652a61ee0cfa0ed,M3_load_local,cap_local_peak,516.550637925,603.36305782728,5.0,5.0
s15850,17,balanced,cfceed3bf16690caa172ade03688fc97865ac97f267424a608c6672febf4d84a,M3_load_local,cap_local_peak,412.38571963000004,450.02354913259006,1.0,1.0
s15850,17,A,ca5d4a28909851f159a815499f3587643b73dbcec29cae8f94a24451fb29a7e1,M5_hpwl,wire_total,514324423.7349999,552314676.81,5.0,5.0
s15850,17,J50,fe8da173bf886502dbe713aef2a701e94986d7a6848230faf17ee869a46622b1,M5_hpwl,wire_total,335304011.655,370194857.34499997,1.0,1.0
s15850,17,P,16738bfbd10f764b9e15a4c6910197999a7eb301f70b85328e374727e3d76701,M5_hpwl,wire_total,418653174.645,465679872.56499994,3.0,3.0
s15850,17,T,9f827a3c02311025e20f114a2193d1a8da900446158e93e067d473e6d3260d3a,M5_hpwl,wire_total,419995664.25500005,466996994.39000005,4.0,4.0
s15850,17,activity_extreme,0ec8661a1ff022eaf702523954502042527ff97e966e07272652a61ee0cfa0ed,M5_hpwl,wire_total,524497856.22499996,563948678.2349999,6.0,6.0
s15850,17,balanced,cfceed3bf16690caa172ade03688fc97865ac97f267424a608c6672febf4d84a,M5_hpwl,wire_total,340324062.54499996,375875685.99000007,2.0,2.0
s15850,17,A,ca5d4a28909851f159a815499f3587643b73dbcec29cae8f94a24451fb29a7e1,M5_hpwl_local,wire_local_peak,3183.975,3511.79,5.0,5.0
s15850,17,J50,fe8da173bf886502dbe713aef2a701e94986d7a6848230faf17ee869a46622b1,M5_hpwl_local,wire_local_peak,2123.29,2433.68,2.0,3.0
s15850,17,P,16738bfbd10f764b9e15a4c6910197999a7eb301f70b85328e374727e3d76701,M5_hpwl_local,wire_local_peak,2235.275,2441.41,4.0,4.0
s15850,17,T,9f827a3c02311025e20f114a2193d1a8da900446158e93e067d473e6d3260d3a,M5_hpwl_local,wire_local_peak,2075.0649999999996,2421.7,1.0,2.0
s15850,17,activity_extreme,0ec8661a1ff022eaf702523954502042527ff97e966e07272652a61ee0cfa0ed,M5_hpwl_local,wire_local_peak,3254.575,3530.5199999999995,6.0,6.0
s15850,17,balanced,cfceed3bf16690caa172ade03688fc97865ac97f267424a608c6672febf4d84a,M5_hpwl_local,wire_local_peak,2150.2299999999996,2421.13,3.0,1.0
