design,seed,predictor,target,n,spearman,kendall_tau_b,pearson,accuracy,correct,incorrect,tied,unqualified,passed
s5378,11,M3_load,cap_total,9,1.0,1.0,0.9995102623175454,1.0,36,0,0,0,True
s5378,11,M3_load_local,cap_local_peak,9,1.0,1.0,0.9894161487298304,1.0,36,0,0,0,True
s5378,11,M5_hpwl,wire_total,9,0.9666666666666667,0.8888888888888888,0.9845893547316644,0.9444444444444444,34,2,0,0,True
s5378,11,M5_hpwl_local,wire_local_peak,9,0.9333333333333332,0.8333333333333334,0.9965128402330623,0.9166666666666666,33,3,0,0,True
s5378,13,M3_load,cap_total,9,0.9833333333333333,0.9444444444444445,0.9997751887444006,0.9722222222222222,35,1,0,0,True
s5378,13,M3_load_local,cap_local_peak,9,0.9333333333333332,0.8333333333333334,0.9755711932707588,0.9166666666666666,33,3,0,0,True
s5378,13,M5_hpwl,wire_total,9,0.8833333333333333,0.7777777777777778,0.9917812479408423,0.8888888888888888,32,4,0,0,True
s5378,13,M5_hpwl_local,wire_local_peak,9,0.9166666666666666,0.7777777777777778,0.9920468398056628,0.8888888888888888,32,4,0,0,True
s5378,17,M3_load,cap_total,9,0.9833333333333333,0.9444444444444445,0.9996108135385258,0.9722222222222222,35,1,0,0,True
s5378,17,M3_load_local,cap_local_peak,9,0.9500000000000001,0.8333333333333334,0.9508929256140773,0.9166666666666666,33,3,0,0,True
s5378,17,M5_hpwl,wire_total,9,1.0,1.0,0.9912806582528032,1.0,36,0,0,0,True
s5378,17,M5_hpwl_local,wire_local_peak,9,0.9666666666666667,0.8888888888888888,0.9955416161702574,0.9444444444444444,34,2,0,0,True
s9234,11,M3_load,cap_total,6,0.942857142857143,0.8666666666666666,0.9977345888366916,0.9333333333333333,14,1,0,0,True
s9234,11,M3_load_local,cap_local_peak,6,0.8857142857142858,0.7333333333333333,0.9274618397848733,0.8666666666666667,13,2,0,0,True
s9234,11,M5_hpwl,wire_total,6,1.0,0.9999999999999999,0.9842912250893288,1.0,15,0,0,0,True
s9234,11,M5_hpwl_local,wire_local_peak,6,1.0,0.9999999999999999,0.9670731589379932,1.0,15,0,0,0,True
s9234,13,M3_load,cap_total,6,1.0,0.9999999999999999,0.9983506242665441,1.0,15,0,0,0,True
s9234,13,M3_load_local,cap_local_peak,6,1.0,0.9999999999999999,0.9775693678111567,1.0,15,0,0,0,True
s9234,13,M5_hpwl,wire_total,6,1.0,0.9999999999999999,0.9698183888542661,1.0,15,0,0,0,True
s9234,13,M5_hpwl_local,wire_local_peak,6,1.0,0.9999999999999999,0.9737956757470108,1.0,15,0,0,0,True
s9234,17,M3_load,cap_total,6,1.0,0.9999999999999999,0.9969027816989727,1.0,15,0,0,0,True
s9234,17,M3_load_local,cap_local_peak,6,0.8116794499134278,0.6900655593423541,0.9353197453492941,0.8571428571428571,12,2,1,0,True
s9234,17,M5_hpwl,wire_total,6,1.0,0.9999999999999999,0.9739123036945923,1.0,15,0,0,0,True
s9234,17,M5_hpwl_local,wire_local_peak,6,0.8116794499134278,0.6900655593423541,0.9854025278838779,0.8571428571428571,12,2,1,0,True
s15850,11,M3_load,cap_total,6,0.942857142857143,0.8666666666666666,0.9663580417217663,0.9333333333333333,14,1,0,0,True
s15850,11,M3_load_local,cap_local_peak,6,0.942857142857143,0.8666666666666666,0.9909438608781501,0.9333333333333333,14,1,0,0,True
s15850,11,M5_hpwl,wire_total,6,1.0,0.9999999999999999,0.9987147794808903,1.0,15,0,0,0,True
s15850,11,M5_hpwl_local,wire_local_peak,6,0.942857142857143,0.8666666666666666,0.9999297923534998,0.9333333333333333,14,1,0,0,True
s15850,13,M3_load,cap_total,6,1.0,0.9999999999999999,0.9704755962978115,1.0,15,0,0,0,True
s15850,13,M3_load_local,cap_local_peak,6,0.942857142857143,0.8666666666666666,0.99339913026473,0.9333333333333333,14,1,0,0,True
s15850,13,M5_hpwl,wire_total,6,0.942857142857143,0.8666666666666666,0.9983236520591109,0.9333333333333333,14,1,0,0,True
s15850,13,M5_hpwl_local,wire_local_peak,6,1.0,0.9999999999999999,0.999319798937905,1.0,15,0,0,0,True
s15850,17,M3_load,cap_total,6,1.0,0.9999999999999999,0.9670919400055993,1.0,15,0,0,0,True
s15850,17,M3_load_local,cap_local_peak,6,0.942857142857143,0.8666666666666666,0.993410136001976,0.9333333333333333,14,1,0,0,True
s15850,17,M5_hpwl,wire_total,6,1.0,0.9999999999999999,0.9979619379125655,1.0,15,0,0,0,True
s15850,17,M5_hpwl_local,wire_local_peak,6,0.8285714285714287,0.7333333333333333,0.996044621986744,0.8666666666666667,13,2,0,0,True
