VDD	POWER	metal7	2280	275400	286140	278200	
VDD	POWER	metal7	2280	215400	286140	218200	
VDD	POWER	metal7	2280	155400	286140	158200	
VDD	POWER	metal7	2280	95400	286140	98200	
VDD	POWER	metal7	2280	35400	286140	38200	
VDD	POWER	metal4	173800	5430	174760	285770	
VDD	POWER	metal4	61800	5430	62760	285770	
VDD	POWER	metal1	2280	285430	286140	285770	
VDD	POWER	metal1	2280	279830	286140	280170	
VDD	POWER	metal1	2280	274230	286140	274570	
VDD	POWER	metal1	2280	268630	286140	268970	
VDD	POWER	metal1	2280	263030	286140	263370	
VDD	POWER	metal1	2280	257430	286140	257770	
VDD	POWER	metal1	2280	251830	286140	252170	
VDD	POWER	metal1	2280	246230	286140	246570	
VDD	POWER	metal1	2280	240630	286140	240970	
VDD	POWER	metal1	2280	235030	286140	235370	
VDD	POWER	metal1	2280	229430	286140	229770	
VDD	POWER	metal1	2280	223830	286140	224170	
VDD	POWER	metal1	2280	218230	286140	218570	
VDD	POWER	metal1	2280	212630	286140	212970	
VDD	POWER	metal1	2280	207030	286140	207370	
VDD	POWER	metal1	2280	201430	286140	201770	
VDD	POWER	metal1	2280	195830	286140	196170	
VDD	POWER	metal1	2280	190230	286140	190570	
VDD	POWER	metal1	2280	184630	286140	184970	
VDD	POWER	metal1	2280	179030	286140	179370	
VDD	POWER	metal1	2280	173430	286140	173770	
VDD	POWER	metal1	2280	167830	286140	168170	
VDD	POWER	metal1	2280	162230	286140	162570	
VDD	POWER	metal1	2280	156630	286140	156970	
VDD	POWER	metal1	2280	151030	286140	151370	
VDD	POWER	metal1	2280	145430	286140	145770	
VDD	POWER	metal1	2280	139830	286140	140170	
VDD	POWER	metal1	2280	134230	286140	134570	
VDD	POWER	metal1	2280	128630	286140	128970	
VDD	POWER	metal1	2280	123030	286140	123370	
VDD	POWER	metal1	2280	117430	286140	117770	
VDD	POWER	metal1	2280	111830	286140	112170	
VDD	POWER	metal1	2280	106230	286140	106570	
VDD	POWER	metal1	2280	100630	286140	100970	
VDD	POWER	metal1	2280	95030	286140	95370	
VDD	POWER	metal1	2280	89430	286140	89770	
VDD	POWER	metal1	2280	83830	286140	84170	
VDD	POWER	metal1	2280	78230	286140	78570	
VDD	POWER	metal1	2280	72630	286140	72970	
VDD	POWER	metal1	2280	67030	286140	67370	
VDD	POWER	metal1	2280	61430	286140	61770	
VDD	POWER	metal1	2280	55830	286140	56170	
VDD	POWER	metal1	2280	50230	286140	50570	
VDD	POWER	metal1	2280	44630	286140	44970	
VDD	POWER	metal1	2280	39030	286140	39370	
VDD	POWER	metal1	2280	33430	286140	33770	
VDD	POWER	metal1	2280	27830	286140	28170	
VDD	POWER	metal1	2280	22230	286140	22570	
VDD	POWER	metal1	2280	16630	286140	16970	
VDD	POWER	metal1	2280	11030	286140	11370	
VDD	POWER	metal1	2280	5430	286140	5770	
VDD	POWER	VIA	173880	275400	174680	278200	via6_7_960_2800_4_1_600_600
VDD	POWER	VIA	173840	275460	174720	278140	via5_6_960_2800_5_2_600_600
VDD	POWER	VIA	173800	275460	174760	278140	via4_5_960_2800_5_2_600_600
VDD	POWER	VIA	173880	215400	174680	218200	via6_7_960_2800_4_1_600_600
VDD	POWER	VIA	173840	215460	174720	218140	via5_6_960_2800_5_2_600_600
VDD	POWER	VIA	173800	215460	174760	218140	via4_5_960_2800_5_2_600_600
VDD	POWER	VIA	173880	155400	174680	158200	via6_7_960_2800_4_1_600_600
VDD	POWER	VIA	173840	155460	174720	158140	via5_6_960_2800_5_2_600_600
VDD	POWER	VIA	173800	155460	174760	158140	via4_5_960_2800_5_2_600_600
VDD	POWER	VIA	173880	95400	174680	98200	via6_7_960_2800_4_1_600_600
VDD	POWER	VIA	173840	95460	174720	98140	via5_6_960_2800_5_2_600_600
VDD	POWER	VIA	173800	95460	174760	98140	via4_5_960_2800_5_2_600_600
VDD	POWER	VIA	173880	35400	174680	38200	via6_7_960_2800_4_1_600_600
VDD	POWER	VIA	173840	35460	174720	38140	via5_6_960_2800_5_2_600_600
VDD	POWER	VIA	173800	35460	174760	38140	via4_5_960_2800_5_2_600_600
VDD	POWER	VIA	61880	275400	62680	278200	via6_7_960_2800_4_1_600_600
VDD	POWER	VIA	61840	275460	62720	278140	via5_6_960_2800_5_2_600_600
VDD	POWER	VIA	61800	275460	62760	278140	via4_5_960_2800_5_2_600_600
VDD	POWER	VIA	61880	215400	62680	218200	via6_7_960_2800_4_1_600_600
VDD	POWER	VIA	61840	215460	62720	218140	via5_6_960_2800_5_2_600_600
VDD	POWER	VIA	61800	215460	62760	218140	via4_5_960_2800_5_2_600_600
VDD	POWER	VIA	61880	155400	62680	158200	via6_7_960_2800_4_1_600_600
VDD	POWER	VIA	61840	155460	62720	158140	via5_6_960_2800_5_2_600_600
VDD	POWER	VIA	61800	155460	62760	158140	via4_5_960_2800_5_2_600_600
VDD	POWER	VIA	61880	95400	62680	98200	via6_7_960_2800_4_1_600_600
VDD	POWER	VIA	61840	95460	62720	98140	via5_6_960_2800_5_2_600_600
VDD	POWER	VIA	61800	95460	62760	98140	via4_5_960_2800_5_2_600_600
VDD	POWER	VIA	61880	35400	62680	38200	via6_7_960_2800_4_1_600_600
VDD	POWER	VIA	61840	35460	62720	38140	via5_6_960_2800_5_2_600_600
VDD	POWER	VIA	61800	35460	62760	38140	via4_5_960_2800_5_2_600_600
VDD	POWER	VIA	173800	285460	174760	285740	via3_4_960_340_1_3_320_320
VDD	POWER	VIA	173820	285460	174740	285740	via2_3_960_340_1_3_320_320
VDD	POWER	VIA	173840	285430	174720	285770	via1_2_960_340_1_3_300_300
VDD	POWER	VIA	173800	279860	174760	280140	via3_4_960_340_1_3_320_320
VDD	POWER	VIA	173820	279860	174740	280140	via2_3_960_340_1_3_320_320
VDD	POWER	VIA	173840	279830	174720	280170	via1_2_960_340_1_3_300_300
VDD	POWER	VIA	173800	274260	174760	274540	via3_4_960_340_1_3_320_320
VDD	POWER	VIA	173820	274260	174740	274540	via2_3_960_340_1_3_320_320
VDD	POWER	VIA	173840	274230	174720	274570	via1_2_960_340_1_3_300_300
VDD	POWER	VIA	173800	268660	174760	268940	via3_4_960_340_1_3_320_320
VDD	POWER	VIA	173820	268660	174740	268940	via2_3_960_340_1_3_320_320
VDD	POWER	VIA	173840	268630	174720	268970	via1_2_960_340_1_3_300_300
VDD	POWER	VIA	173800	263060	174760	263340	via3_4_960_340_1_3_320_320
VDD	POWER	VIA	173820	263060	174740	263340	via2_3_960_340_1_3_320_320
VDD	POWER	VIA	173840	263030	174720	263370	via1_2_960_340_1_3_300_300
VDD	POWER	VIA	173800	257460	174760	257740	via3_4_960_340_1_3_320_320
VDD	POWER	VIA	173820	257460	174740	257740	via2_3_960_340_1_3_320_320
VDD	POWER	VIA	173840	257430	174720	257770	via1_2_960_340_1_3_300_300
VDD	POWER	VIA	173800	251860	174760	252140	via3_4_960_340_1_3_320_320
VDD	POWER	VIA	173820	251860	174740	252140	via2_3_960_340_1_3_320_320
VDD	POWER	VIA	173840	251830	174720	252170	via1_2_960_340_1_3_300_300
VDD	POWER	VIA	173800	246260	174760	246540	via3_4_960_340_1_3_320_320
VDD	POWER	VIA	173820	246260	174740	246540	via2_3_960_340_1_3_320_320
VDD	POWER	VIA	173840	246230	174720	246570	via1_2_960_340_1_3_300_300
VDD	POWER	VIA	173800	240660	174760	240940	via3_4_960_340_1_3_320_320
VDD	POWER	VIA	173820	240660	174740	240940	via2_3_960_340_1_3_320_320
VDD	POWER	VIA	173840	240630	174720	240970	via1_2_960_340_1_3_300_300
VDD	POWER	VIA	173800	235060	174760	235340	via3_4_960_340_1_3_320_320
VDD	POWER	VIA	173820	235060	174740	235340	via2_3_960_340_1_3_320_320
VDD	POWER	VIA	173840	235030	174720	235370	via1_2_960_340_1_3_300_300
VDD	POWER	VIA	173800	229460	174760	229740	via3_4_960_340_1_3_320_320
VDD	POWER	VIA	173820	229460	174740	229740	via2_3_960_340_1_3_320_320
VDD	POWER	VIA	173840	229430	174720	229770	via1_2_960_340_1_3_300_300
VDD	POWER	VIA	173800	223860	174760	224140	via3_4_960_340_1_3_320_320
VDD	POWER	VIA	173820	223860	174740	224140	via2_3_960_340_1_3_320_320
VDD	POWER	VIA	173840	223830	174720	224170	via1_2_960_340_1_3_300_300
VDD	POWER	VIA	173800	218260	174760	218540	via3_4_960_340_1_3_320_320
VDD	POWER	VIA	173820	218260	174740	218540	via2_3_960_340_1_3_320_320
VDD	POWER	VIA	173840	218230	174720	218570	via1_2_960_340_1_3_300_300
VDD	POWER	VIA	173800	212660	174760	212940	via3_4_960_340_1_3_320_320
VDD	POWER	VIA	173820	212660	174740	212940	via2_3_960_340_1_3_320_320
VDD	POWER	VIA	173840	212630	174720	212970	via1_2_960_340_1_3_300_300
VDD	POWER	VIA	173800	207060	174760	207340	via3_4_960_340_1_3_320_320
VDD	POWER	VIA	173820	207060	174740	207340	via2_3_960_340_1_3_320_320
VDD	POWER	VIA	173840	207030	174720	207370	via1_2_960_340_1_3_300_300
VDD	POWER	VIA	173800	201460	174760	201740	via3_4_960_340_1_3_320_320
VDD	POWER	VIA	173820	201460	174740	201740	via2_3_960_340_1_3_320_320
VDD	POWER	VIA	173840	201430	174720	201770	via1_2_960_340_1_3_300_300
VDD	POWER	VIA	173800	195860	174760	196140	via3_4_960_340_1_3_320_320
VDD	POWER	VIA	173820	195860	174740	196140	via2_3_960_340_1_3_320_320
VDD	POWER	VIA	173840	195830	174720	196170	via1_2_960_340_1_3_300_300
VDD	POWER	VIA	173800	190260	174760	190540	via3_4_960_340_1_3_320_320
VDD	POWER	VIA	173820	190260	174740	190540	via2_3_960_340_1_3_320_320
VDD	POWER	VIA	173840	190230	174720	190570	via1_2_960_340_1_3_300_300
VDD	POWER	VIA	173800	184660	174760	184940	via3_4_960_340_1_3_320_320
VDD	POWER	VIA	173820	184660	174740	184940	via2_3_960_340_1_3_320_320
VDD	POWER	VIA	173840	184630	174720	184970	via1_2_960_340_1_3_300_300
VDD	POWER	VIA	173800	179060	174760	179340	via3_4_960_340_1_3_320_320
VDD	POWER	VIA	173820	179060	174740	179340	via2_3_960_340_1_3_320_320
VDD	POWER	VIA	173840	179030	174720	179370	via1_2_960_340_1_3_300_300
VDD	POWER	VIA	173800	173460	174760	173740	via3_4_960_340_1_3_320_320
VDD	POWER	VIA	173820	173460	174740	173740	via2_3_960_340_1_3_320_320
VDD	POWER	VIA	173840	173430	174720	173770	via1_2_960_340_1_3_300_300
VDD	POWER	VIA	173800	167860	174760	168140	via3_4_960_340_1_3_320_320
VDD	POWER	VIA	173820	167860	174740	168140	via2_3_960_340_1_3_320_320
VDD	POWER	VIA	173840	167830	174720	168170	via1_2_960_340_1_3_300_300
VDD	POWER	VIA	173800	162260	174760	162540	via3_4_960_340_1_3_320_320
VDD	POWER	VIA	173820	162260	174740	162540	via2_3_960_340_1_3_320_320
VDD	POWER	VIA	173840	162230	174720	162570	via1_2_960_340_1_3_300_300
VDD	POWER	VIA	173800	156660	174760	156940	via3_4_960_340_1_3_320_320
VDD	POWER	VIA	173820	156660	174740	156940	via2_3_960_340_1_3_320_320
VDD	POWER	VIA	173840	156630	174720	156970	via1_2_960_340_1_3_300_300
VDD	POWER	VIA	173800	151060	174760	151340	via3_4_960_340_1_3_320_320
VDD	POWER	VIA	173820	151060	174740	151340	via2_3_960_340_1_3_320_320
VDD	POWER	VIA	173840	151030	174720	151370	via1_2_960_340_1_3_300_300
VDD	POWER	VIA	173800	145460	174760	145740	via3_4_960_340_1_3_320_320
VDD	POWER	VIA	173820	145460	174740	145740	via2_3_960_340_1_3_320_320
VDD	POWER	VIA	173840	145430	174720	145770	via1_2_960_340_1_3_300_300
VDD	POWER	VIA	173800	139860	174760	140140	via3_4_960_340_1_3_320_320
VDD	POWER	VIA	173820	139860	174740	140140	via2_3_960_340_1_3_320_320
VDD	POWER	VIA	173840	139830	174720	140170	via1_2_960_340_1_3_300_300
VDD	POWER	VIA	173800	134260	174760	134540	via3_4_960_340_1_3_320_320
VDD	POWER	VIA	173820	134260	174740	134540	via2_3_960_340_1_3_320_320
VDD	POWER	VIA	173840	134230	174720	134570	via1_2_960_340_1_3_300_300
VDD	POWER	VIA	173800	128660	174760	128940	via3_4_960_340_1_3_320_320
VDD	POWER	VIA	173820	128660	174740	128940	via2_3_960_340_1_3_320_320
VDD	POWER	VIA	173840	128630	174720	128970	via1_2_960_340_1_3_300_300
VDD	POWER	VIA	173800	123060	174760	123340	via3_4_960_340_1_3_320_320
VDD	POWER	VIA	173820	123060	174740	123340	via2_3_960_340_1_3_320_320
VDD	POWER	VIA	173840	123030	174720	123370	via1_2_960_340_1_3_300_300
VDD	POWER	VIA	173800	117460	174760	117740	via3_4_960_340_1_3_320_320
VDD	POWER	VIA	173820	117460	174740	117740	via2_3_960_340_1_3_320_320
VDD	POWER	VIA	173840	117430	174720	117770	via1_2_960_340_1_3_300_300
VDD	POWER	VIA	173800	111860	174760	112140	via3_4_960_340_1_3_320_320
VDD	POWER	VIA	173820	111860	174740	112140	via2_3_960_340_1_3_320_320
VDD	POWER	VIA	173840	111830	174720	112170	via1_2_960_340_1_3_300_300
VDD	POWER	VIA	173800	106260	174760	106540	via3_4_960_340_1_3_320_320
VDD	POWER	VIA	173820	106260	174740	106540	via2_3_960_340_1_3_320_320
VDD	POWER	VIA	173840	106230	174720	106570	via1_2_960_340_1_3_300_300
VDD	POWER	VIA	173800	100660	174760	100940	via3_4_960_340_1_3_320_320
VDD	POWER	VIA	173820	100660	174740	100940	via2_3_960_340_1_3_320_320
VDD	POWER	VIA	173840	100630	174720	100970	via1_2_960_340_1_3_300_300
VDD	POWER	VIA	173800	95060	174760	95340	via3_4_960_340_1_3_320_320
VDD	POWER	VIA	173820	95060	174740	95340	via2_3_960_340_1_3_320_320
VDD	POWER	VIA	173840	95030	174720	95370	via1_2_960_340_1_3_300_300
VDD	POWER	VIA	173800	89460	174760	89740	via3_4_960_340_1_3_320_320
VDD	POWER	VIA	173820	89460	174740	89740	via2_3_960_340_1_3_320_320
VDD	POWER	VIA	173840	89430	174720	89770	via1_2_960_340_1_3_300_300
VDD	POWER	VIA	173800	83860	174760	84140	via3_4_960_340_1_3_320_320
VDD	POWER	VIA	173820	83860	174740	84140	via2_3_960_340_1_3_320_320
VDD	POWER	VIA	173840	83830	174720	84170	via1_2_960_340_1_3_300_300
VDD	POWER	VIA	173800	78260	174760	78540	via3_4_960_340_1_3_320_320
VDD	POWER	VIA	173820	78260	174740	78540	via2_3_960_340_1_3_320_320
VDD	POWER	VIA	173840	78230	174720	78570	via1_2_960_340_1_3_300_300
VDD	POWER	VIA	173800	72660	174760	72940	via3_4_960_340_1_3_320_320
VDD	POWER	VIA	173820	72660	174740	72940	via2_3_960_340_1_3_320_320
VDD	POWER	VIA	173840	72630	174720	72970	via1_2_960_340_1_3_300_300
VDD	POWER	VIA	173800	67060	174760	67340	via3_4_960_340_1_3_320_320
VDD	POWER	VIA	173820	67060	174740	67340	via2_3_960_340_1_3_320_320
VDD	POWER	VIA	173840	67030	174720	67370	via1_2_960_340_1_3_300_300
VDD	POWER	VIA	173800	61460	174760	61740	via3_4_960_340_1_3_320_320
VDD	POWER	VIA	173820	61460	174740	61740	via2_3_960_340_1_3_320_320
VDD	POWER	VIA	173840	61430	174720	61770	via1_2_960_340_1_3_300_300
VDD	POWER	VIA	173800	55860	174760	56140	via3_4_960_340_1_3_320_320
VDD	POWER	VIA	173820	55860	174740	56140	via2_3_960_340_1_3_320_320
VDD	POWER	VIA	173840	55830	174720	56170	via1_2_960_340_1_3_300_300
VDD	POWER	VIA	173800	50260	174760	50540	via3_4_960_340_1_3_320_320
VDD	POWER	VIA	173820	50260	174740	50540	via2_3_960_340_1_3_320_320
VDD	POWER	VIA	173840	50230	174720	50570	via1_2_960_340_1_3_300_300
VDD	POWER	VIA	173800	44660	174760	44940	via3_4_960_340_1_3_320_320
VDD	POWER	VIA	173820	44660	174740	44940	via2_3_960_340_1_3_320_320
VDD	POWER	VIA	173840	44630	174720	44970	via1_2_960_340_1_3_300_300
VDD	POWER	VIA	173800	39060	174760	39340	via3_4_960_340_1_3_320_320
VDD	POWER	VIA	173820	39060	174740	39340	via2_3_960_340_1_3_320_320
VDD	POWER	VIA	173840	39030	174720	39370	via1_2_960_340_1_3_300_300
VDD	POWER	VIA	173800	33460	174760	33740	via3_4_960_340_1_3_320_320
VDD	POWER	VIA	173820	33460	174740	33740	via2_3_960_340_1_3_320_320
VDD	POWER	VIA	173840	33430	174720	33770	via1_2_960_340_1_3_300_300
VDD	POWER	VIA	173800	27860	174760	28140	via3_4_960_340_1_3_320_320
VDD	POWER	VIA	173820	27860	174740	28140	via2_3_960_340_1_3_320_320
VDD	POWER	VIA	173840	27830	174720	28170	via1_2_960_340_1_3_300_300
VDD	POWER	VIA	173800	22260	174760	22540	via3_4_960_340_1_3_320_320
VDD	POWER	VIA	173820	22260	174740	22540	via2_3_960_340_1_3_320_320
VDD	POWER	VIA	173840	22230	174720	22570	via1_2_960_340_1_3_300_300
VDD	POWER	VIA	173800	16660	174760	16940	via3_4_960_340_1_3_320_320
VDD	POWER	VIA	173820	16660	174740	16940	via2_3_960_340_1_3_320_320
VDD	POWER	VIA	173840	16630	174720	16970	via1_2_960_340_1_3_300_300
VDD	POWER	VIA	173800	11060	174760	11340	via3_4_960_340_1_3_320_320
VDD	POWER	VIA	173820	11060	174740	11340	via2_3_960_340_1_3_320_320
VDD	POWER	VIA	173840	11030	174720	11370	via1_2_960_340_1_3_300_300
VDD	POWER	VIA	173800	5460	174760	5740	via3_4_960_340_1_3_320_320
VDD	POWER	VIA	173820	5460	174740	5740	via2_3_960_340_1_3_320_320
VDD	POWER	VIA	173840	5430	174720	5770	via1_2_960_340_1_3_300_300
VDD	POWER	VIA	61800	285460	62760	285740	via3_4_960_340_1_3_320_320
VDD	POWER	VIA	61820	285460	62740	285740	via2_3_960_340_1_3_320_320
VDD	POWER	VIA	61840	285430	62720	285770	via1_2_960_340_1_3_300_300
VDD	POWER	VIA	61800	279860	62760	280140	via3_4_960_340_1_3_320_320
VDD	POWER	VIA	61820	279860	62740	280140	via2_3_960_340_1_3_320_320
VDD	POWER	VIA	61840	279830	62720	280170	via1_2_960_340_1_3_300_300
VDD	POWER	VIA	61800	274260	62760	274540	via3_4_960_340_1_3_320_320
VDD	POWER	VIA	61820	274260	62740	274540	via2_3_960_340_1_3_320_320
VDD	POWER	VIA	61840	274230	62720	274570	via1_2_960_340_1_3_300_300
VDD	POWER	VIA	61800	268660	62760	268940	via3_4_960_340_1_3_320_320
VDD	POWER	VIA	61820	268660	62740	268940	via2_3_960_340_1_3_320_320
VDD	POWER	VIA	61840	268630	62720	268970	via1_2_960_340_1_3_300_300
VDD	POWER	VIA	61800	263060	62760	263340	via3_4_960_340_1_3_320_320
VDD	POWER	VIA	61820	263060	62740	263340	via2_3_960_340_1_3_320_320
VDD	POWER	VIA	61840	263030	62720	263370	via1_2_960_340_1_3_300_300
VDD	POWER	VIA	61800	257460	62760	257740	via3_4_960_340_1_3_320_320
VDD	POWER	VIA	61820	257460	62740	257740	via2_3_960_340_1_3_320_320
VDD	POWER	VIA	61840	257430	62720	257770	via1_2_960_340_1_3_300_300
VDD	POWER	VIA	61800	251860	62760	252140	via3_4_960_340_1_3_320_320
VDD	POWER	VIA	61820	251860	62740	252140	via2_3_960_340_1_3_320_320
VDD	POWER	VIA	61840	251830	62720	252170	via1_2_960_340_1_3_300_300
VDD	POWER	VIA	61800	246260	62760	246540	via3_4_960_340_1_3_320_320
VDD	POWER	VIA	61820	246260	62740	246540	via2_3_960_340_1_3_320_320
VDD	POWER	VIA	61840	246230	62720	246570	via1_2_960_340_1_3_300_300
VDD	POWER	VIA	61800	240660	62760	240940	via3_4_960_340_1_3_320_320
VDD	POWER	VIA	61820	240660	62740	240940	via2_3_960_340_1_3_320_320
VDD	POWER	VIA	61840	240630	62720	240970	via1_2_960_340_1_3_300_300
VDD	POWER	VIA	61800	235060	62760	235340	via3_4_960_340_1_3_320_320
VDD	POWER	VIA	61820	235060	62740	235340	via2_3_960_340_1_3_320_320
VDD	POWER	VIA	61840	235030	62720	235370	via1_2_960_340_1_3_300_300
VDD	POWER	VIA	61800	229460	62760	229740	via3_4_960_340_1_3_320_320
VDD	POWER	VIA	61820	229460	62740	229740	via2_3_960_340_1_3_320_320
VDD	POWER	VIA	61840	229430	62720	229770	via1_2_960_340_1_3_300_300
VDD	POWER	VIA	61800	223860	62760	224140	via3_4_960_340_1_3_320_320
VDD	POWER	VIA	61820	223860	62740	224140	via2_3_960_340_1_3_320_320
VDD	POWER	VIA	61840	223830	62720	224170	via1_2_960_340_1_3_300_300
VDD	POWER	VIA	61800	218260	62760	218540	via3_4_960_340_1_3_320_320
VDD	POWER	VIA	61820	218260	62740	218540	via2_3_960_340_1_3_320_320
VDD	POWER	VIA	61840	218230	62720	218570	via1_2_960_340_1_3_300_300
VDD	POWER	VIA	61800	212660	62760	212940	via3_4_960_340_1_3_320_320
VDD	POWER	VIA	61820	212660	62740	212940	via2_3_960_340_1_3_320_320
VDD	POWER	VIA	61840	212630	62720	212970	via1_2_960_340_1_3_300_300
VDD	POWER	VIA	61800	207060	62760	207340	via3_4_960_340_1_3_320_320
VDD	POWER	VIA	61820	207060	62740	207340	via2_3_960_340_1_3_320_320
VDD	POWER	VIA	61840	207030	62720	207370	via1_2_960_340_1_3_300_300
VDD	POWER	VIA	61800	201460	62760	201740	via3_4_960_340_1_3_320_320
VDD	POWER	VIA	61820	201460	62740	201740	via2_3_960_340_1_3_320_320
VDD	POWER	VIA	61840	201430	62720	201770	via1_2_960_340_1_3_300_300
VDD	POWER	VIA	61800	195860	62760	196140	via3_4_960_340_1_3_320_320
VDD	POWER	VIA	61820	195860	62740	196140	via2_3_960_340_1_3_320_320
VDD	POWER	VIA	61840	195830	62720	196170	via1_2_960_340_1_3_300_300
VDD	POWER	VIA	61800	190260	62760	190540	via3_4_960_340_1_3_320_320
VDD	POWER	VIA	61820	190260	62740	190540	via2_3_960_340_1_3_320_320
VDD	POWER	VIA	61840	190230	62720	190570	via1_2_960_340_1_3_300_300
VDD	POWER	VIA	61800	184660	62760	184940	via3_4_960_340_1_3_320_320
VDD	POWER	VIA	61820	184660	62740	184940	via2_3_960_340_1_3_320_320
VDD	POWER	VIA	61840	184630	62720	184970	via1_2_960_340_1_3_300_300
VDD	POWER	VIA	61800	179060	62760	179340	via3_4_960_340_1_3_320_320
VDD	POWER	VIA	61820	179060	62740	179340	via2_3_960_340_1_3_320_320
VDD	POWER	VIA	61840	179030	62720	179370	via1_2_960_340_1_3_300_300
VDD	POWER	VIA	61800	173460	62760	173740	via3_4_960_340_1_3_320_320
VDD	POWER	VIA	61820	173460	62740	173740	via2_3_960_340_1_3_320_320
VDD	POWER	VIA	61840	173430	62720	173770	via1_2_960_340_1_3_300_300
VDD	POWER	VIA	61800	167860	62760	168140	via3_4_960_340_1_3_320_320
VDD	POWER	VIA	61820	167860	62740	168140	via2_3_960_340_1_3_320_320
VDD	POWER	VIA	61840	167830	62720	168170	via1_2_960_340_1_3_300_300
VDD	POWER	VIA	61800	162260	62760	162540	via3_4_960_340_1_3_320_320
VDD	POWER	VIA	61820	162260	62740	162540	via2_3_960_340_1_3_320_320
VDD	POWER	VIA	61840	162230	62720	162570	via1_2_960_340_1_3_300_300
VDD	POWER	VIA	61800	156660	62760	156940	via3_4_960_340_1_3_320_320
VDD	POWER	VIA	61820	156660	62740	156940	via2_3_960_340_1_3_320_320
VDD	POWER	VIA	61840	156630	62720	156970	via1_2_960_340_1_3_300_300
VDD	POWER	VIA	61800	151060	62760	151340	via3_4_960_340_1_3_320_320
VDD	POWER	VIA	61820	151060	62740	151340	via2_3_960_340_1_3_320_320
VDD	POWER	VIA	61840	151030	62720	151370	via1_2_960_340_1_3_300_300
VDD	POWER	VIA	61800	145460	62760	145740	via3_4_960_340_1_3_320_320
VDD	POWER	VIA	61820	145460	62740	145740	via2_3_960_340_1_3_320_320
VDD	POWER	VIA	61840	145430	62720	145770	via1_2_960_340_1_3_300_300
VDD	POWER	VIA	61800	139860	62760	140140	via3_4_960_340_1_3_320_320
VDD	POWER	VIA	61820	139860	62740	140140	via2_3_960_340_1_3_320_320
VDD	POWER	VIA	61840	139830	62720	140170	via1_2_960_340_1_3_300_300
VDD	POWER	VIA	61800	134260	62760	134540	via3_4_960_340_1_3_320_320
VDD	POWER	VIA	61820	134260	62740	134540	via2_3_960_340_1_3_320_320
VDD	POWER	VIA	61840	134230	62720	134570	via1_2_960_340_1_3_300_300
VDD	POWER	VIA	61800	128660	62760	128940	via3_4_960_340_1_3_320_320
VDD	POWER	VIA	61820	128660	62740	128940	via2_3_960_340_1_3_320_320
VDD	POWER	VIA	61840	128630	62720	128970	via1_2_960_340_1_3_300_300
VDD	POWER	VIA	61800	123060	62760	123340	via3_4_960_340_1_3_320_320
VDD	POWER	VIA	61820	123060	62740	123340	via2_3_960_340_1_3_320_320
VDD	POWER	VIA	61840	123030	62720	123370	via1_2_960_340_1_3_300_300
VDD	POWER	VIA	61800	117460	62760	117740	via3_4_960_340_1_3_320_320
VDD	POWER	VIA	61820	117460	62740	117740	via2_3_960_340_1_3_320_320
VDD	POWER	VIA	61840	117430	62720	117770	via1_2_960_340_1_3_300_300
VDD	POWER	VIA	61800	111860	62760	112140	via3_4_960_340_1_3_320_320
VDD	POWER	VIA	61820	111860	62740	112140	via2_3_960_340_1_3_320_320
VDD	POWER	VIA	61840	111830	62720	112170	via1_2_960_340_1_3_300_300
VDD	POWER	VIA	61800	106260	62760	106540	via3_4_960_340_1_3_320_320
VDD	POWER	VIA	61820	106260	62740	106540	via2_3_960_340_1_3_320_320
VDD	POWER	VIA	61840	106230	62720	106570	via1_2_960_340_1_3_300_300
VDD	POWER	VIA	61800	100660	62760	100940	via3_4_960_340_1_3_320_320
VDD	POWER	VIA	61820	100660	62740	100940	via2_3_960_340_1_3_320_320
VDD	POWER	VIA	61840	100630	62720	100970	via1_2_960_340_1_3_300_300
VDD	POWER	VIA	61800	95060	62760	95340	via3_4_960_340_1_3_320_320
VDD	POWER	VIA	61820	95060	62740	95340	via2_3_960_340_1_3_320_320
VDD	POWER	VIA	61840	95030	62720	95370	via1_2_960_340_1_3_300_300
VDD	POWER	VIA	61800	89460	62760	89740	via3_4_960_340_1_3_320_320
VDD	POWER	VIA	61820	89460	62740	89740	via2_3_960_340_1_3_320_320
VDD	POWER	VIA	61840	89430	62720	89770	via1_2_960_340_1_3_300_300
VDD	POWER	VIA	61800	83860	62760	84140	via3_4_960_340_1_3_320_320
VDD	POWER	VIA	61820	83860	62740	84140	via2_3_960_340_1_3_320_320
VDD	POWER	VIA	61840	83830	62720	84170	via1_2_960_340_1_3_300_300
VDD	POWER	VIA	61800	78260	62760	78540	via3_4_960_340_1_3_320_320
VDD	POWER	VIA	61820	78260	62740	78540	via2_3_960_340_1_3_320_320
VDD	POWER	VIA	61840	78230	62720	78570	via1_2_960_340_1_3_300_300
VDD	POWER	VIA	61800	72660	62760	72940	via3_4_960_340_1_3_320_320
VDD	POWER	VIA	61820	72660	62740	72940	via2_3_960_340_1_3_320_320
VDD	POWER	VIA	61840	72630	62720	72970	via1_2_960_340_1_3_300_300
VDD	POWER	VIA	61800	67060	62760	67340	via3_4_960_340_1_3_320_320
VDD	POWER	VIA	61820	67060	62740	67340	via2_3_960_340_1_3_320_320
VDD	POWER	VIA	61840	67030	62720	67370	via1_2_960_340_1_3_300_300
VDD	POWER	VIA	61800	61460	62760	61740	via3_4_960_340_1_3_320_320
VDD	POWER	VIA	61820	61460	62740	61740	via2_3_960_340_1_3_320_320
VDD	POWER	VIA	61840	61430	62720	61770	via1_2_960_340_1_3_300_300
VDD	POWER	VIA	61800	55860	62760	56140	via3_4_960_340_1_3_320_320
VDD	POWER	VIA	61820	55860	62740	56140	via2_3_960_340_1_3_320_320
VDD	POWER	VIA	61840	55830	62720	56170	via1_2_960_340_1_3_300_300
VDD	POWER	VIA	61800	50260	62760	50540	via3_4_960_340_1_3_320_320
VDD	POWER	VIA	61820	50260	62740	50540	via2_3_960_340_1_3_320_320
VDD	POWER	VIA	61840	50230	62720	50570	via1_2_960_340_1_3_300_300
VDD	POWER	VIA	61800	44660	62760	44940	via3_4_960_340_1_3_320_320
VDD	POWER	VIA	61820	44660	62740	44940	via2_3_960_340_1_3_320_320
VDD	POWER	VIA	61840	44630	62720	44970	via1_2_960_340_1_3_300_300
VDD	POWER	VIA	61800	39060	62760	39340	via3_4_960_340_1_3_320_320
VDD	POWER	VIA	61820	39060	62740	39340	via2_3_960_340_1_3_320_320
VDD	POWER	VIA	61840	39030	62720	39370	via1_2_960_340_1_3_300_300
VDD	POWER	VIA	61800	33460	62760	33740	via3_4_960_340_1_3_320_320
VDD	POWER	VIA	61820	33460	62740	33740	via2_3_960_340_1_3_320_320
VDD	POWER	VIA	61840	33430	62720	33770	via1_2_960_340_1_3_300_300
VDD	POWER	VIA	61800	27860	62760	28140	via3_4_960_340_1_3_320_320
VDD	POWER	VIA	61820	27860	62740	28140	via2_3_960_340_1_3_320_320
VDD	POWER	VIA	61840	27830	62720	28170	via1_2_960_340_1_3_300_300
VDD	POWER	VIA	61800	22260	62760	22540	via3_4_960_340_1_3_320_320
VDD	POWER	VIA	61820	22260	62740	22540	via2_3_960_340_1_3_320_320
VDD	POWER	VIA	61840	22230	62720	22570	via1_2_960_340_1_3_300_300
VDD	POWER	VIA	61800	16660	62760	16940	via3_4_960_340_1_3_320_320
VDD	POWER	VIA	61820	16660	62740	16940	via2_3_960_340_1_3_320_320
VDD	POWER	VIA	61840	16630	62720	16970	via1_2_960_340_1_3_300_300
VDD	POWER	VIA	61800	11060	62760	11340	via3_4_960_340_1_3_320_320
VDD	POWER	VIA	61820	11060	62740	11340	via2_3_960_340_1_3_320_320
VDD	POWER	VIA	61840	11030	62720	11370	via1_2_960_340_1_3_300_300
VDD	POWER	VIA	61800	5460	62760	5740	via3_4_960_340_1_3_320_320
VDD	POWER	VIA	61820	5460	62740	5740	via2_3_960_340_1_3_320_320
VDD	POWER	VIA	61840	5430	62720	5770	via1_2_960_340_1_3_300_300
VSS	GROUND	metal7	2280	245400	286140	248200	
VSS	GROUND	metal7	2280	185400	286140	188200	
VSS	GROUND	metal7	2280	125400	286140	128200	
VSS	GROUND	metal7	2280	65400	286140	68200	
VSS	GROUND	metal7	2280	5400	286140	8200	
VSS	GROUND	metal4	229800	2630	230760	282970	
VSS	GROUND	metal4	117800	2630	118760	282970	
VSS	GROUND	metal4	5800	2630	6760	282970	
VSS	GROUND	metal1	2280	282630	286140	282970	
VSS	GROUND	metal1	2280	277030	286140	277370	
VSS	GROUND	metal1	2280	271430	286140	271770	
VSS	GROUND	metal1	2280	265830	286140	266170	
VSS	GROUND	metal1	2280	260230	286140	260570	
VSS	GROUND	metal1	2280	254630	286140	254970	
VSS	GROUND	metal1	2280	249030	286140	249370	
VSS	GROUND	metal1	2280	243430	286140	243770	
VSS	GROUND	metal1	2280	237830	286140	238170	
VSS	GROUND	metal1	2280	232230	286140	232570	
VSS	GROUND	metal1	2280	226630	286140	226970	
VSS	GROUND	metal1	2280	221030	286140	221370	
VSS	GROUND	metal1	2280	215430	286140	215770	
VSS	GROUND	metal1	2280	209830	286140	210170	
VSS	GROUND	metal1	2280	204230	286140	204570	
VSS	GROUND	metal1	2280	198630	286140	198970	
VSS	GROUND	metal1	2280	193030	286140	193370	
VSS	GROUND	metal1	2280	187430	286140	187770	
VSS	GROUND	metal1	2280	181830	286140	182170	
VSS	GROUND	metal1	2280	176230	286140	176570	
VSS	GROUND	metal1	2280	170630	286140	170970	
VSS	GROUND	metal1	2280	165030	286140	165370	
VSS	GROUND	metal1	2280	159430	286140	159770	
VSS	GROUND	metal1	2280	153830	286140	154170	
VSS	GROUND	metal1	2280	148230	286140	148570	
VSS	GROUND	metal1	2280	142630	286140	142970	
VSS	GROUND	metal1	2280	137030	286140	137370	
VSS	GROUND	metal1	2280	131430	286140	131770	
VSS	GROUND	metal1	2280	125830	286140	126170	
VSS	GROUND	metal1	2280	120230	286140	120570	
VSS	GROUND	metal1	2280	114630	286140	114970	
VSS	GROUND	metal1	2280	109030	286140	109370	
VSS	GROUND	metal1	2280	103430	286140	103770	
VSS	GROUND	metal1	2280	97830	286140	98170	
VSS	GROUND	metal1	2280	92230	286140	92570	
VSS	GROUND	metal1	2280	86630	286140	86970	
VSS	GROUND	metal1	2280	81030	286140	81370	
VSS	GROUND	metal1	2280	75430	286140	75770	
VSS	GROUND	metal1	2280	69830	286140	70170	
VSS	GROUND	metal1	2280	64230	286140	64570	
VSS	GROUND	metal1	2280	58630	286140	58970	
VSS	GROUND	metal1	2280	53030	286140	53370	
VSS	GROUND	metal1	2280	47430	286140	47770	
VSS	GROUND	metal1	2280	41830	286140	42170	
VSS	GROUND	metal1	2280	36230	286140	36570	
VSS	GROUND	metal1	2280	30630	286140	30970	
VSS	GROUND	metal1	2280	25030	286140	25370	
VSS	GROUND	metal1	2280	19430	286140	19770	
VSS	GROUND	metal1	2280	13830	286140	14170	
VSS	GROUND	metal1	2280	8230	286140	8570	
VSS	GROUND	metal1	2280	2630	286140	2970	
VSS	GROUND	VIA	229880	245400	230680	248200	via6_7_960_2800_4_1_600_600
VSS	GROUND	VIA	229840	245460	230720	248140	via5_6_960_2800_5_2_600_600
VSS	GROUND	VIA	229800	245460	230760	248140	via4_5_960_2800_5_2_600_600
VSS	GROUND	VIA	229880	185400	230680	188200	via6_7_960_2800_4_1_600_600
VSS	GROUND	VIA	229840	185460	230720	188140	via5_6_960_2800_5_2_600_600
VSS	GROUND	VIA	229800	185460	230760	188140	via4_5_960_2800_5_2_600_600
VSS	GROUND	VIA	229880	125400	230680	128200	via6_7_960_2800_4_1_600_600
VSS	GROUND	VIA	229840	125460	230720	128140	via5_6_960_2800_5_2_600_600
VSS	GROUND	VIA	229800	125460	230760	128140	via4_5_960_2800_5_2_600_600
VSS	GROUND	VIA	229880	65400	230680	68200	via6_7_960_2800_4_1_600_600
VSS	GROUND	VIA	229840	65460	230720	68140	via5_6_960_2800_5_2_600_600
VSS	GROUND	VIA	229800	65460	230760	68140	via4_5_960_2800_5_2_600_600
VSS	GROUND	VIA	229880	5400	230680	8200	via6_7_960_2800_4_1_600_600
VSS	GROUND	VIA	229840	5460	230720	8140	via5_6_960_2800_5_2_600_600
VSS	GROUND	VIA	229800	5460	230760	8140	via4_5_960_2800_5_2_600_600
VSS	GROUND	VIA	117880	245400	118680	248200	via6_7_960_2800_4_1_600_600
VSS	GROUND	VIA	117840	245460	118720	248140	via5_6_960_2800_5_2_600_600
VSS	GROUND	VIA	117800	245460	118760	248140	via4_5_960_2800_5_2_600_600
VSS	GROUND	VIA	117880	185400	118680	188200	via6_7_960_2800_4_1_600_600
VSS	GROUND	VIA	117840	185460	118720	188140	via5_6_960_2800_5_2_600_600
VSS	GROUND	VIA	117800	185460	118760	188140	via4_5_960_2800_5_2_600_600
VSS	GROUND	VIA	117880	125400	118680	128200	via6_7_960_2800_4_1_600_600
VSS	GROUND	VIA	117840	125460	118720	128140	via5_6_960_2800_5_2_600_600
VSS	GROUND	VIA	117800	125460	118760	128140	via4_5_960_2800_5_2_600_600
VSS	GROUND	VIA	117880	65400	118680	68200	via6_7_960_2800_4_1_600_600
VSS	GROUND	VIA	117840	65460	118720	68140	via5_6_960_2800_5_2_600_600
VSS	GROUND	VIA	117800	65460	118760	68140	via4_5_960_2800_5_2_600_600
VSS	GROUND	VIA	117880	5400	118680	8200	via6_7_960_2800_4_1_600_600
VSS	GROUND	VIA	117840	5460	118720	8140	via5_6_960_2800_5_2_600_600
VSS	GROUND	VIA	117800	5460	118760	8140	via4_5_960_2800_5_2_600_600
VSS	GROUND	VIA	5880	245400	6680	248200	via6_7_960_2800_4_1_600_600
VSS	GROUND	VIA	5840	245460	6720	248140	via5_6_960_2800_5_2_600_600
VSS	GROUND	VIA	5800	245460	6760	248140	via4_5_960_2800_5_2_600_600
VSS	GROUND	VIA	5880	185400	6680	188200	via6_7_960_2800_4_1_600_600
VSS	GROUND	VIA	5840	185460	6720	188140	via5_6_960_2800_5_2_600_600
VSS	GROUND	VIA	5800	185460	6760	188140	via4_5_960_2800_5_2_600_600
VSS	GROUND	VIA	5880	125400	6680	128200	via6_7_960_2800_4_1_600_600
VSS	GROUND	VIA	5840	125460	6720	128140	via5_6_960_2800_5_2_600_600
VSS	GROUND	VIA	5800	125460	6760	128140	via4_5_960_2800_5_2_600_600
VSS	GROUND	VIA	5880	65400	6680	68200	via6_7_960_2800_4_1_600_600
VSS	GROUND	VIA	5840	65460	6720	68140	via5_6_960_2800_5_2_600_600
VSS	GROUND	VIA	5800	65460	6760	68140	via4_5_960_2800_5_2_600_600
VSS	GROUND	VIA	5880	5400	6680	8200	via6_7_960_2800_4_1_600_600
VSS	GROUND	VIA	5840	5460	6720	8140	via5_6_960_2800_5_2_600_600
VSS	GROUND	VIA	5800	5460	6760	8140	via4_5_960_2800_5_2_600_600
VSS	GROUND	VIA	229800	282660	230760	282940	via3_4_960_340_1_3_320_320
VSS	GROUND	VIA	229820	282660	230740	282940	via2_3_960_340_1_3_320_320
VSS	GROUND	VIA	229840	282630	230720	282970	via1_2_960_340_1_3_300_300
VSS	GROUND	VIA	229800	277060	230760	277340	via3_4_960_340_1_3_320_320
VSS	GROUND	VIA	229820	277060	230740	277340	via2_3_960_340_1_3_320_320
VSS	GROUND	VIA	229840	277030	230720	277370	via1_2_960_340_1_3_300_300
VSS	GROUND	VIA	229800	271460	230760	271740	via3_4_960_340_1_3_320_320
VSS	GROUND	VIA	229820	271460	230740	271740	via2_3_960_340_1_3_320_320
VSS	GROUND	VIA	229840	271430	230720	271770	via1_2_960_340_1_3_300_300
VSS	GROUND	VIA	229800	265860	230760	266140	via3_4_960_340_1_3_320_320
VSS	GROUND	VIA	229820	265860	230740	266140	via2_3_960_340_1_3_320_320
VSS	GROUND	VIA	229840	265830	230720	266170	via1_2_960_340_1_3_300_300
VSS	GROUND	VIA	229800	260260	230760	260540	via3_4_960_340_1_3_320_320
VSS	GROUND	VIA	229820	260260	230740	260540	via2_3_960_340_1_3_320_320
VSS	GROUND	VIA	229840	260230	230720	260570	via1_2_960_340_1_3_300_300
VSS	GROUND	VIA	229800	254660	230760	254940	via3_4_960_340_1_3_320_320
VSS	GROUND	VIA	229820	254660	230740	254940	via2_3_960_340_1_3_320_320
VSS	GROUND	VIA	229840	254630	230720	254970	via1_2_960_340_1_3_300_300
VSS	GROUND	VIA	229800	249060	230760	249340	via3_4_960_340_1_3_320_320
VSS	GROUND	VIA	229820	249060	230740	249340	via2_3_960_340_1_3_320_320
VSS	GROUND	VIA	229840	249030	230720	249370	via1_2_960_340_1_3_300_300
VSS	GROUND	VIA	229800	243460	230760	243740	via3_4_960_340_1_3_320_320
VSS	GROUND	VIA	229820	243460	230740	243740	via2_3_960_340_1_3_320_320
VSS	GROUND	VIA	229840	243430	230720	243770	via1_2_960_340_1_3_300_300
VSS	GROUND	VIA	229800	237860	230760	238140	via3_4_960_340_1_3_320_320
VSS	GROUND	VIA	229820	237860	230740	238140	via2_3_960_340_1_3_320_320
VSS	GROUND	VIA	229840	237830	230720	238170	via1_2_960_340_1_3_300_300
VSS	GROUND	VIA	229800	232260	230760	232540	via3_4_960_340_1_3_320_320
VSS	GROUND	VIA	229820	232260	230740	232540	via2_3_960_340_1_3_320_320
VSS	GROUND	VIA	229840	232230	230720	232570	via1_2_960_340_1_3_300_300
VSS	GROUND	VIA	229800	226660	230760	226940	via3_4_960_340_1_3_320_320
VSS	GROUND	VIA	229820	226660	230740	226940	via2_3_960_340_1_3_320_320
VSS	GROUND	VIA	229840	226630	230720	226970	via1_2_960_340_1_3_300_300
VSS	GROUND	VIA	229800	221060	230760	221340	via3_4_960_340_1_3_320_320
VSS	GROUND	VIA	229820	221060	230740	221340	via2_3_960_340_1_3_320_320
VSS	GROUND	VIA	229840	221030	230720	221370	via1_2_960_340_1_3_300_300
VSS	GROUND	VIA	229800	215460	230760	215740	via3_4_960_340_1_3_320_320
VSS	GROUND	VIA	229820	215460	230740	215740	via2_3_960_340_1_3_320_320
VSS	GROUND	VIA	229840	215430	230720	215770	via1_2_960_340_1_3_300_300
VSS	GROUND	VIA	229800	209860	230760	210140	via3_4_960_340_1_3_320_320
VSS	GROUND	VIA	229820	209860	230740	210140	via2_3_960_340_1_3_320_320
VSS	GROUND	VIA	229840	209830	230720	210170	via1_2_960_340_1_3_300_300
VSS	GROUND	VIA	229800	204260	230760	204540	via3_4_960_340_1_3_320_320
VSS	GROUND	VIA	229820	204260	230740	204540	via2_3_960_340_1_3_320_320
VSS	GROUND	VIA	229840	204230	230720	204570	via1_2_960_340_1_3_300_300
VSS	GROUND	VIA	229800	198660	230760	198940	via3_4_960_340_1_3_320_320
VSS	GROUND	VIA	229820	198660	230740	198940	via2_3_960_340_1_3_320_320
VSS	GROUND	VIA	229840	198630	230720	198970	via1_2_960_340_1_3_300_300
VSS	GROUND	VIA	229800	193060	230760	193340	via3_4_960_340_1_3_320_320
VSS	GROUND	VIA	229820	193060	230740	193340	via2_3_960_340_1_3_320_320
VSS	GROUND	VIA	229840	193030	230720	193370	via1_2_960_340_1_3_300_300
VSS	GROUND	VIA	229800	187460	230760	187740	via3_4_960_340_1_3_320_320
VSS	GROUND	VIA	229820	187460	230740	187740	via2_3_960_340_1_3_320_320
VSS	GROUND	VIA	229840	187430	230720	187770	via1_2_960_340_1_3_300_300
VSS	GROUND	VIA	229800	181860	230760	182140	via3_4_960_340_1_3_320_320
VSS	GROUND	VIA	229820	181860	230740	182140	via2_3_960_340_1_3_320_320
VSS	GROUND	VIA	229840	181830	230720	182170	via1_2_960_340_1_3_300_300
VSS	GROUND	VIA	229800	176260	230760	176540	via3_4_960_340_1_3_320_320
VSS	GROUND	VIA	229820	176260	230740	176540	via2_3_960_340_1_3_320_320
VSS	GROUND	VIA	229840	176230	230720	176570	via1_2_960_340_1_3_300_300
VSS	GROUND	VIA	229800	170660	230760	170940	via3_4_960_340_1_3_320_320
VSS	GROUND	VIA	229820	170660	230740	170940	via2_3_960_340_1_3_320_320
VSS	GROUND	VIA	229840	170630	230720	170970	via1_2_960_340_1_3_300_300
VSS	GROUND	VIA	229800	165060	230760	165340	via3_4_960_340_1_3_320_320
VSS	GROUND	VIA	229820	165060	230740	165340	via2_3_960_340_1_3_320_320
VSS	GROUND	VIA	229840	165030	230720	165370	via1_2_960_340_1_3_300_300
VSS	GROUND	VIA	229800	159460	230760	159740	via3_4_960_340_1_3_320_320
VSS	GROUND	VIA	229820	159460	230740	159740	via2_3_960_340_1_3_320_320
VSS	GROUND	VIA	229840	159430	230720	159770	via1_2_960_340_1_3_300_300
VSS	GROUND	VIA	229800	153860	230760	154140	via3_4_960_340_1_3_320_320
VSS	GROUND	VIA	229820	153860	230740	154140	via2_3_960_340_1_3_320_320
VSS	GROUND	VIA	229840	153830	230720	154170	via1_2_960_340_1_3_300_300
VSS	GROUND	VIA	229800	148260	230760	148540	via3_4_960_340_1_3_320_320
VSS	GROUND	VIA	229820	148260	230740	148540	via2_3_960_340_1_3_320_320
VSS	GROUND	VIA	229840	148230	230720	148570	via1_2_960_340_1_3_300_300
VSS	GROUND	VIA	229800	142660	230760	142940	via3_4_960_340_1_3_320_320
VSS	GROUND	VIA	229820	142660	230740	142940	via2_3_960_340_1_3_320_320
VSS	GROUND	VIA	229840	142630	230720	142970	via1_2_960_340_1_3_300_300
VSS	GROUND	VIA	229800	137060	230760	137340	via3_4_960_340_1_3_320_320
VSS	GROUND	VIA	229820	137060	230740	137340	via2_3_960_340_1_3_320_320
VSS	GROUND	VIA	229840	137030	230720	137370	via1_2_960_340_1_3_300_300
VSS	GROUND	VIA	229800	131460	230760	131740	via3_4_960_340_1_3_320_320
VSS	GROUND	VIA	229820	131460	230740	131740	via2_3_960_340_1_3_320_320
VSS	GROUND	VIA	229840	131430	230720	131770	via1_2_960_340_1_3_300_300
VSS	GROUND	VIA	229800	125860	230760	126140	via3_4_960_340_1_3_320_320
VSS	GROUND	VIA	229820	125860	230740	126140	via2_3_960_340_1_3_320_320
VSS	GROUND	VIA	229840	125830	230720	126170	via1_2_960_340_1_3_300_300
VSS	GROUND	VIA	229800	120260	230760	120540	via3_4_960_340_1_3_320_320
VSS	GROUND	VIA	229820	120260	230740	120540	via2_3_960_340_1_3_320_320
VSS	GROUND	VIA	229840	120230	230720	120570	via1_2_960_340_1_3_300_300
VSS	GROUND	VIA	229800	114660	230760	114940	via3_4_960_340_1_3_320_320
VSS	GROUND	VIA	229820	114660	230740	114940	via2_3_960_340_1_3_320_320
VSS	GROUND	VIA	229840	114630	230720	114970	via1_2_960_340_1_3_300_300
VSS	GROUND	VIA	229800	109060	230760	109340	via3_4_960_340_1_3_320_320
VSS	GROUND	VIA	229820	109060	230740	109340	via2_3_960_340_1_3_320_320
VSS	GROUND	VIA	229840	109030	230720	109370	via1_2_960_340_1_3_300_300
VSS	GROUND	VIA	229800	103460	230760	103740	via3_4_960_340_1_3_320_320
VSS	GROUND	VIA	229820	103460	230740	103740	via2_3_960_340_1_3_320_320
VSS	GROUND	VIA	229840	103430	230720	103770	via1_2_960_340_1_3_300_300
VSS	GROUND	VIA	229800	97860	230760	98140	via3_4_960_340_1_3_320_320
VSS	GROUND	VIA	229820	97860	230740	98140	via2_3_960_340_1_3_320_320
VSS	GROUND	VIA	229840	97830	230720	98170	via1_2_960_340_1_3_300_300
VSS	GROUND	VIA	229800	92260	230760	92540	via3_4_960_340_1_3_320_320
VSS	GROUND	VIA	229820	92260	230740	92540	via2_3_960_340_1_3_320_320
VSS	GROUND	VIA	229840	92230	230720	92570	via1_2_960_340_1_3_300_300
VSS	GROUND	VIA	229800	86660	230760	86940	via3_4_960_340_1_3_320_320
VSS	GROUND	VIA	229820	86660	230740	86940	via2_3_960_340_1_3_320_320
VSS	GROUND	VIA	229840	86630	230720	86970	via1_2_960_340_1_3_300_300
VSS	GROUND	VIA	229800	81060	230760	81340	via3_4_960_340_1_3_320_320
VSS	GROUND	VIA	229820	81060	230740	81340	via2_3_960_340_1_3_320_320
VSS	GROUND	VIA	229840	81030	230720	81370	via1_2_960_340_1_3_300_300
VSS	GROUND	VIA	229800	75460	230760	75740	via3_4_960_340_1_3_320_320
VSS	GROUND	VIA	229820	75460	230740	75740	via2_3_960_340_1_3_320_320
VSS	GROUND	VIA	229840	75430	230720	75770	via1_2_960_340_1_3_300_300
VSS	GROUND	VIA	229800	69860	230760	70140	via3_4_960_340_1_3_320_320
VSS	GROUND	VIA	229820	69860	230740	70140	via2_3_960_340_1_3_320_320
VSS	GROUND	VIA	229840	69830	230720	70170	via1_2_960_340_1_3_300_300
VSS	GROUND	VIA	229800	64260	230760	64540	via3_4_960_340_1_3_320_320
VSS	GROUND	VIA	229820	64260	230740	64540	via2_3_960_340_1_3_320_320
VSS	GROUND	VIA	229840	64230	230720	64570	via1_2_960_340_1_3_300_300
VSS	GROUND	VIA	229800	58660	230760	58940	via3_4_960_340_1_3_320_320
VSS	GROUND	VIA	229820	58660	230740	58940	via2_3_960_340_1_3_320_320
VSS	GROUND	VIA	229840	58630	230720	58970	via1_2_960_340_1_3_300_300
VSS	GROUND	VIA	229800	53060	230760	53340	via3_4_960_340_1_3_320_320
VSS	GROUND	VIA	229820	53060	230740	53340	via2_3_960_340_1_3_320_320
VSS	GROUND	VIA	229840	53030	230720	53370	via1_2_960_340_1_3_300_300
VSS	GROUND	VIA	229800	47460	230760	47740	via3_4_960_340_1_3_320_320
VSS	GROUND	VIA	229820	47460	230740	47740	via2_3_960_340_1_3_320_320
VSS	GROUND	VIA	229840	47430	230720	47770	via1_2_960_340_1_3_300_300
VSS	GROUND	VIA	229800	41860	230760	42140	via3_4_960_340_1_3_320_320
VSS	GROUND	VIA	229820	41860	230740	42140	via2_3_960_340_1_3_320_320
VSS	GROUND	VIA	229840	41830	230720	42170	via1_2_960_340_1_3_300_300
VSS	GROUND	VIA	229800	36260	230760	36540	via3_4_960_340_1_3_320_320
VSS	GROUND	VIA	229820	36260	230740	36540	via2_3_960_340_1_3_320_320
VSS	GROUND	VIA	229840	36230	230720	36570	via1_2_960_340_1_3_300_300
VSS	GROUND	VIA	229800	30660	230760	30940	via3_4_960_340_1_3_320_320
VSS	GROUND	VIA	229820	30660	230740	30940	via2_3_960_340_1_3_320_320
VSS	GROUND	VIA	229840	30630	230720	30970	via1_2_960_340_1_3_300_300
VSS	GROUND	VIA	229800	25060	230760	25340	via3_4_960_340_1_3_320_320
VSS	GROUND	VIA	229820	25060	230740	25340	via2_3_960_340_1_3_320_320
VSS	GROUND	VIA	229840	25030	230720	25370	via1_2_960_340_1_3_300_300
VSS	GROUND	VIA	229800	19460	230760	19740	via3_4_960_340_1_3_320_320
VSS	GROUND	VIA	229820	19460	230740	19740	via2_3_960_340_1_3_320_320
VSS	GROUND	VIA	229840	19430	230720	19770	via1_2_960_340_1_3_300_300
VSS	GROUND	VIA	229800	13860	230760	14140	via3_4_960_340_1_3_320_320
VSS	GROUND	VIA	229820	13860	230740	14140	via2_3_960_340_1_3_320_320
VSS	GROUND	VIA	229840	13830	230720	14170	via1_2_960_340_1_3_300_300
VSS	GROUND	VIA	229800	8260	230760	8540	via3_4_960_340_1_3_320_320
VSS	GROUND	VIA	229820	8260	230740	8540	via2_3_960_340_1_3_320_320
VSS	GROUND	VIA	229840	8230	230720	8570	via1_2_960_340_1_3_300_300
VSS	GROUND	VIA	229800	2660	230760	2940	via3_4_960_340_1_3_320_320
VSS	GROUND	VIA	229820	2660	230740	2940	via2_3_960_340_1_3_320_320
VSS	GROUND	VIA	229840	2630	230720	2970	via1_2_960_340_1_3_300_300
VSS	GROUND	VIA	117800	282660	118760	282940	via3_4_960_340_1_3_320_320
VSS	GROUND	VIA	117820	282660	118740	282940	via2_3_960_340_1_3_320_320
VSS	GROUND	VIA	117840	282630	118720	282970	via1_2_960_340_1_3_300_300
VSS	GROUND	VIA	117800	277060	118760	277340	via3_4_960_340_1_3_320_320
VSS	GROUND	VIA	117820	277060	118740	277340	via2_3_960_340_1_3_320_320
VSS	GROUND	VIA	117840	277030	118720	277370	via1_2_960_340_1_3_300_300
VSS	GROUND	VIA	117800	271460	118760	271740	via3_4_960_340_1_3_320_320
VSS	GROUND	VIA	117820	271460	118740	271740	via2_3_960_340_1_3_320_320
VSS	GROUND	VIA	117840	271430	118720	271770	via1_2_960_340_1_3_300_300
VSS	GROUND	VIA	117800	265860	118760	266140	via3_4_960_340_1_3_320_320
VSS	GROUND	VIA	117820	265860	118740	266140	via2_3_960_340_1_3_320_320
VSS	GROUND	VIA	117840	265830	118720	266170	via1_2_960_340_1_3_300_300
VSS	GROUND	VIA	117800	260260	118760	260540	via3_4_960_340_1_3_320_320
VSS	GROUND	VIA	117820	260260	118740	260540	via2_3_960_340_1_3_320_320
VSS	GROUND	VIA	117840	260230	118720	260570	via1_2_960_340_1_3_300_300
VSS	GROUND	VIA	117800	254660	118760	254940	via3_4_960_340_1_3_320_320
VSS	GROUND	VIA	117820	254660	118740	254940	via2_3_960_340_1_3_320_320
VSS	GROUND	VIA	117840	254630	118720	254970	via1_2_960_340_1_3_300_300
VSS	GROUND	VIA	117800	249060	118760	249340	via3_4_960_340_1_3_320_320
VSS	GROUND	VIA	117820	249060	118740	249340	via2_3_960_340_1_3_320_320
VSS	GROUND	VIA	117840	249030	118720	249370	via1_2_960_340_1_3_300_300
VSS	GROUND	VIA	117800	243460	118760	243740	via3_4_960_340_1_3_320_320
VSS	GROUND	VIA	117820	243460	118740	243740	via2_3_960_340_1_3_320_320
VSS	GROUND	VIA	117840	243430	118720	243770	via1_2_960_340_1_3_300_300
VSS	GROUND	VIA	117800	237860	118760	238140	via3_4_960_340_1_3_320_320
VSS	GROUND	VIA	117820	237860	118740	238140	via2_3_960_340_1_3_320_320
VSS	GROUND	VIA	117840	237830	118720	238170	via1_2_960_340_1_3_300_300
VSS	GROUND	VIA	117800	232260	118760	232540	via3_4_960_340_1_3_320_320
VSS	GROUND	VIA	117820	232260	118740	232540	via2_3_960_340_1_3_320_320
VSS	GROUND	VIA	117840	232230	118720	232570	via1_2_960_340_1_3_300_300
VSS	GROUND	VIA	117800	226660	118760	226940	via3_4_960_340_1_3_320_320
VSS	GROUND	VIA	117820	226660	118740	226940	via2_3_960_340_1_3_320_320
VSS	GROUND	VIA	117840	226630	118720	226970	via1_2_960_340_1_3_300_300
VSS	GROUND	VIA	117800	221060	118760	221340	via3_4_960_340_1_3_320_320
VSS	GROUND	VIA	117820	221060	118740	221340	via2_3_960_340_1_3_320_320
VSS	GROUND	VIA	117840	221030	118720	221370	via1_2_960_340_1_3_300_300
VSS	GROUND	VIA	117800	215460	118760	215740	via3_4_960_340_1_3_320_320
VSS	GROUND	VIA	117820	215460	118740	215740	via2_3_960_340_1_3_320_320
VSS	GROUND	VIA	117840	215430	118720	215770	via1_2_960_340_1_3_300_300
VSS	GROUND	VIA	117800	209860	118760	210140	via3_4_960_340_1_3_320_320
VSS	GROUND	VIA	117820	209860	118740	210140	via2_3_960_340_1_3_320_320
VSS	GROUND	VIA	117840	209830	118720	210170	via1_2_960_340_1_3_300_300
VSS	GROUND	VIA	117800	204260	118760	204540	via3_4_960_340_1_3_320_320
VSS	GROUND	VIA	117820	204260	118740	204540	via2_3_960_340_1_3_320_320
VSS	GROUND	VIA	117840	204230	118720	204570	via1_2_960_340_1_3_300_300
VSS	GROUND	VIA	117800	198660	118760	198940	via3_4_960_340_1_3_320_320
VSS	GROUND	VIA	117820	198660	118740	198940	via2_3_960_340_1_3_320_320
VSS	GROUND	VIA	117840	198630	118720	198970	via1_2_960_340_1_3_300_300
VSS	GROUND	VIA	117800	193060	118760	193340	via3_4_960_340_1_3_320_320
VSS	GROUND	VIA	117820	193060	118740	193340	via2_3_960_340_1_3_320_320
VSS	GROUND	VIA	117840	193030	118720	193370	via1_2_960_340_1_3_300_300
VSS	GROUND	VIA	117800	187460	118760	187740	via3_4_960_340_1_3_320_320
VSS	GROUND	VIA	117820	187460	118740	187740	via2_3_960_340_1_3_320_320
VSS	GROUND	VIA	117840	187430	118720	187770	via1_2_960_340_1_3_300_300
VSS	GROUND	VIA	117800	181860	118760	182140	via3_4_960_340_1_3_320_320
VSS	GROUND	VIA	117820	181860	118740	182140	via2_3_960_340_1_3_320_320
VSS	GROUND	VIA	117840	181830	118720	182170	via1_2_960_340_1_3_300_300
VSS	GROUND	VIA	117800	176260	118760	176540	via3_4_960_340_1_3_320_320
VSS	GROUND	VIA	117820	176260	118740	176540	via2_3_960_340_1_3_320_320
VSS	GROUND	VIA	117840	176230	118720	176570	via1_2_960_340_1_3_300_300
VSS	GROUND	VIA	117800	170660	118760	170940	via3_4_960_340_1_3_320_320
VSS	GROUND	VIA	117820	170660	118740	170940	via2_3_960_340_1_3_320_320
VSS	GROUND	VIA	117840	170630	118720	170970	via1_2_960_340_1_3_300_300
VSS	GROUND	VIA	117800	165060	118760	165340	via3_4_960_340_1_3_320_320
VSS	GROUND	VIA	117820	165060	118740	165340	via2_3_960_340_1_3_320_320
VSS	GROUND	VIA	117840	165030	118720	165370	via1_2_960_340_1_3_300_300
VSS	GROUND	VIA	117800	159460	118760	159740	via3_4_960_340_1_3_320_320
VSS	GROUND	VIA	117820	159460	118740	159740	via2_3_960_340_1_3_320_320
VSS	GROUND	VIA	117840	159430	118720	159770	via1_2_960_340_1_3_300_300
VSS	GROUND	VIA	117800	153860	118760	154140	via3_4_960_340_1_3_320_320
VSS	GROUND	VIA	117820	153860	118740	154140	via2_3_960_340_1_3_320_320
VSS	GROUND	VIA	117840	153830	118720	154170	via1_2_960_340_1_3_300_300
VSS	GROUND	VIA	117800	148260	118760	148540	via3_4_960_340_1_3_320_320
VSS	GROUND	VIA	117820	148260	118740	148540	via2_3_960_340_1_3_320_320
VSS	GROUND	VIA	117840	148230	118720	148570	via1_2_960_340_1_3_300_300
VSS	GROUND	VIA	117800	142660	118760	142940	via3_4_960_340_1_3_320_320
VSS	GROUND	VIA	117820	142660	118740	142940	via2_3_960_340_1_3_320_320
VSS	GROUND	VIA	117840	142630	118720	142970	via1_2_960_340_1_3_300_300
VSS	GROUND	VIA	117800	137060	118760	137340	via3_4_960_340_1_3_320_320
VSS	GROUND	VIA	117820	137060	118740	137340	via2_3_960_340_1_3_320_320
VSS	GROUND	VIA	117840	137030	118720	137370	via1_2_960_340_1_3_300_300
VSS	GROUND	VIA	117800	131460	118760	131740	via3_4_960_340_1_3_320_320
VSS	GROUND	VIA	117820	131460	118740	131740	via2_3_960_340_1_3_320_320
VSS	GROUND	VIA	117840	131430	118720	131770	via1_2_960_340_1_3_300_300
VSS	GROUND	VIA	117800	125860	118760	126140	via3_4_960_340_1_3_320_320
VSS	GROUND	VIA	117820	125860	118740	126140	via2_3_960_340_1_3_320_320
VSS	GROUND	VIA	117840	125830	118720	126170	via1_2_960_340_1_3_300_300
VSS	GROUND	VIA	117800	120260	118760	120540	via3_4_960_340_1_3_320_320
VSS	GROUND	VIA	117820	120260	118740	120540	via2_3_960_340_1_3_320_320
VSS	GROUND	VIA	117840	120230	118720	120570	via1_2_960_340_1_3_300_300
VSS	GROUND	VIA	117800	114660	118760	114940	via3_4_960_340_1_3_320_320
VSS	GROUND	VIA	117820	114660	118740	114940	via2_3_960_340_1_3_320_320
VSS	GROUND	VIA	117840	114630	118720	114970	via1_2_960_340_1_3_300_300
VSS	GROUND	VIA	117800	109060	118760	109340	via3_4_960_340_1_3_320_320
VSS	GROUND	VIA	117820	109060	118740	109340	via2_3_960_340_1_3_320_320
VSS	GROUND	VIA	117840	109030	118720	109370	via1_2_960_340_1_3_300_300
VSS	GROUND	VIA	117800	103460	118760	103740	via3_4_960_340_1_3_320_320
VSS	GROUND	VIA	117820	103460	118740	103740	via2_3_960_340_1_3_320_320
VSS	GROUND	VIA	117840	103430	118720	103770	via1_2_960_340_1_3_300_300
VSS	GROUND	VIA	117800	97860	118760	98140	via3_4_960_340_1_3_320_320
VSS	GROUND	VIA	117820	97860	118740	98140	via2_3_960_340_1_3_320_320
VSS	GROUND	VIA	117840	97830	118720	98170	via1_2_960_340_1_3_300_300
VSS	GROUND	VIA	117800	92260	118760	92540	via3_4_960_340_1_3_320_320
VSS	GROUND	VIA	117820	92260	118740	92540	via2_3_960_340_1_3_320_320
VSS	GROUND	VIA	117840	92230	118720	92570	via1_2_960_340_1_3_300_300
VSS	GROUND	VIA	117800	86660	118760	86940	via3_4_960_340_1_3_320_320
VSS	GROUND	VIA	117820	86660	118740	86940	via2_3_960_340_1_3_320_320
VSS	GROUND	VIA	117840	86630	118720	86970	via1_2_960_340_1_3_300_300
VSS	GROUND	VIA	117800	81060	118760	81340	via3_4_960_340_1_3_320_320
VSS	GROUND	VIA	117820	81060	118740	81340	via2_3_960_340_1_3_320_320
VSS	GROUND	VIA	117840	81030	118720	81370	via1_2_960_340_1_3_300_300
VSS	GROUND	VIA	117800	75460	118760	75740	via3_4_960_340_1_3_320_320
VSS	GROUND	VIA	117820	75460	118740	75740	via2_3_960_340_1_3_320_320
VSS	GROUND	VIA	117840	75430	118720	75770	via1_2_960_340_1_3_300_300
VSS	GROUND	VIA	117800	69860	118760	70140	via3_4_960_340_1_3_320_320
VSS	GROUND	VIA	117820	69860	118740	70140	via2_3_960_340_1_3_320_320
VSS	GROUND	VIA	117840	69830	118720	70170	via1_2_960_340_1_3_300_300
VSS	GROUND	VIA	117800	64260	118760	64540	via3_4_960_340_1_3_320_320
VSS	GROUND	VIA	117820	64260	118740	64540	via2_3_960_340_1_3_320_320
VSS	GROUND	VIA	117840	64230	118720	64570	via1_2_960_340_1_3_300_300
VSS	GROUND	VIA	117800	58660	118760	58940	via3_4_960_340_1_3_320_320
VSS	GROUND	VIA	117820	58660	118740	58940	via2_3_960_340_1_3_320_320
VSS	GROUND	VIA	117840	58630	118720	58970	via1_2_960_340_1_3_300_300
VSS	GROUND	VIA	117800	53060	118760	53340	via3_4_960_340_1_3_320_320
VSS	GROUND	VIA	117820	53060	118740	53340	via2_3_960_340_1_3_320_320
VSS	GROUND	VIA	117840	53030	118720	53370	via1_2_960_340_1_3_300_300
VSS	GROUND	VIA	117800	47460	118760	47740	via3_4_960_340_1_3_320_320
VSS	GROUND	VIA	117820	47460	118740	47740	via2_3_960_340_1_3_320_320
VSS	GROUND	VIA	117840	47430	118720	47770	via1_2_960_340_1_3_300_300
VSS	GROUND	VIA	117800	41860	118760	42140	via3_4_960_340_1_3_320_320
VSS	GROUND	VIA	117820	41860	118740	42140	via2_3_960_340_1_3_320_320
VSS	GROUND	VIA	117840	41830	118720	42170	via1_2_960_340_1_3_300_300
VSS	GROUND	VIA	117800	36260	118760	36540	via3_4_960_340_1_3_320_320
VSS	GROUND	VIA	117820	36260	118740	36540	via2_3_960_340_1_3_320_320
VSS	GROUND	VIA	117840	36230	118720	36570	via1_2_960_340_1_3_300_300
VSS	GROUND	VIA	117800	30660	118760	30940	via3_4_960_340_1_3_320_320
VSS	GROUND	VIA	117820	30660	118740	30940	via2_3_960_340_1_3_320_320
VSS	GROUND	VIA	117840	30630	118720	30970	via1_2_960_340_1_3_300_300
VSS	GROUND	VIA	117800	25060	118760	25340	via3_4_960_340_1_3_320_320
VSS	GROUND	VIA	117820	25060	118740	25340	via2_3_960_340_1_3_320_320
VSS	GROUND	VIA	117840	25030	118720	25370	via1_2_960_340_1_3_300_300
VSS	GROUND	VIA	117800	19460	118760	19740	via3_4_960_340_1_3_320_320
VSS	GROUND	VIA	117820	19460	118740	19740	via2_3_960_340_1_3_320_320
VSS	GROUND	VIA	117840	19430	118720	19770	via1_2_960_340_1_3_300_300
VSS	GROUND	VIA	117800	13860	118760	14140	via3_4_960_340_1_3_320_320
VSS	GROUND	VIA	117820	13860	118740	14140	via2_3_960_340_1_3_320_320
VSS	GROUND	VIA	117840	13830	118720	14170	via1_2_960_340_1_3_300_300
VSS	GROUND	VIA	117800	8260	118760	8540	via3_4_960_340_1_3_320_320
VSS	GROUND	VIA	117820	8260	118740	8540	via2_3_960_340_1_3_320_320
VSS	GROUND	VIA	117840	8230	118720	8570	via1_2_960_340_1_3_300_300
VSS	GROUND	VIA	117800	2660	118760	2940	via3_4_960_340_1_3_320_320
VSS	GROUND	VIA	117820	2660	118740	2940	via2_3_960_340_1_3_320_320
VSS	GROUND	VIA	117840	2630	118720	2970	via1_2_960_340_1_3_300_300
VSS	GROUND	VIA	5800	282660	6760	282940	via3_4_960_340_1_3_320_320
VSS	GROUND	VIA	5820	282660	6740	282940	via2_3_960_340_1_3_320_320
VSS	GROUND	VIA	5840	282630	6720	282970	via1_2_960_340_1_3_300_300
VSS	GROUND	VIA	5800	277060	6760	277340	via3_4_960_340_1_3_320_320
VSS	GROUND	VIA	5820	277060	6740	277340	via2_3_960_340_1_3_320_320
VSS	GROUND	VIA	5840	277030	6720	277370	via1_2_960_340_1_3_300_300
VSS	GROUND	VIA	5800	271460	6760	271740	via3_4_960_340_1_3_320_320
VSS	GROUND	VIA	5820	271460	6740	271740	via2_3_960_340_1_3_320_320
VSS	GROUND	VIA	5840	271430	6720	271770	via1_2_960_340_1_3_300_300
VSS	GROUND	VIA	5800	265860	6760	266140	via3_4_960_340_1_3_320_320
VSS	GROUND	VIA	5820	265860	6740	266140	via2_3_960_340_1_3_320_320
VSS	GROUND	VIA	5840	265830	6720	266170	via1_2_960_340_1_3_300_300
VSS	GROUND	VIA	5800	260260	6760	260540	via3_4_960_340_1_3_320_320
VSS	GROUND	VIA	5820	260260	6740	260540	via2_3_960_340_1_3_320_320
VSS	GROUND	VIA	5840	260230	6720	260570	via1_2_960_340_1_3_300_300
VSS	GROUND	VIA	5800	254660	6760	254940	via3_4_960_340_1_3_320_320
VSS	GROUND	VIA	5820	254660	6740	254940	via2_3_960_340_1_3_320_320
VSS	GROUND	VIA	5840	254630	6720	254970	via1_2_960_340_1_3_300_300
VSS	GROUND	VIA	5800	249060	6760	249340	via3_4_960_340_1_3_320_320
VSS	GROUND	VIA	5820	249060	6740	249340	via2_3_960_340_1_3_320_320
VSS	GROUND	VIA	5840	249030	6720	249370	via1_2_960_340_1_3_300_300
VSS	GROUND	VIA	5800	243460	6760	243740	via3_4_960_340_1_3_320_320
VSS	GROUND	VIA	5820	243460	6740	243740	via2_3_960_340_1_3_320_320
VSS	GROUND	VIA	5840	243430	6720	243770	via1_2_960_340_1_3_300_300
VSS	GROUND	VIA	5800	237860	6760	238140	via3_4_960_340_1_3_320_320
VSS	GROUND	VIA	5820	237860	6740	238140	via2_3_960_340_1_3_320_320
VSS	GROUND	VIA	5840	237830	6720	238170	via1_2_960_340_1_3_300_300
VSS	GROUND	VIA	5800	232260	6760	232540	via3_4_960_340_1_3_320_320
VSS	GROUND	VIA	5820	232260	6740	232540	via2_3_960_340_1_3_320_320
VSS	GROUND	VIA	5840	232230	6720	232570	via1_2_960_340_1_3_300_300
VSS	GROUND	VIA	5800	226660	6760	226940	via3_4_960_340_1_3_320_320
VSS	GROUND	VIA	5820	226660	6740	226940	via2_3_960_340_1_3_320_320
VSS	GROUND	VIA	5840	226630	6720	226970	via1_2_960_340_1_3_300_300
VSS	GROUND	VIA	5800	221060	6760	221340	via3_4_960_340_1_3_320_320
VSS	GROUND	VIA	5820	221060	6740	221340	via2_3_960_340_1_3_320_320
VSS	GROUND	VIA	5840	221030	6720	221370	via1_2_960_340_1_3_300_300
VSS	GROUND	VIA	5800	215460	6760	215740	via3_4_960_340_1_3_320_320
VSS	GROUND	VIA	5820	215460	6740	215740	via2_3_960_340_1_3_320_320
VSS	GROUND	VIA	5840	215430	6720	215770	via1_2_960_340_1_3_300_300
VSS	GROUND	VIA	5800	209860	6760	210140	via3_4_960_340_1_3_320_320
VSS	GROUND	VIA	5820	209860	6740	210140	via2_3_960_340_1_3_320_320
VSS	GROUND	VIA	5840	209830	6720	210170	via1_2_960_340_1_3_300_300
VSS	GROUND	VIA	5800	204260	6760	204540	via3_4_960_340_1_3_320_320
VSS	GROUND	VIA	5820	204260	6740	204540	via2_3_960_340_1_3_320_320
VSS	GROUND	VIA	5840	204230	6720	204570	via1_2_960_340_1_3_300_300
VSS	GROUND	VIA	5800	198660	6760	198940	via3_4_960_340_1_3_320_320
VSS	GROUND	VIA	5820	198660	6740	198940	via2_3_960_340_1_3_320_320
VSS	GROUND	VIA	5840	198630	6720	198970	via1_2_960_340_1_3_300_300
VSS	GROUND	VIA	5800	193060	6760	193340	via3_4_960_340_1_3_320_320
VSS	GROUND	VIA	5820	193060	6740	193340	via2_3_960_340_1_3_320_320
VSS	GROUND	VIA	5840	193030	6720	193370	via1_2_960_340_1_3_300_300
VSS	GROUND	VIA	5800	187460	6760	187740	via3_4_960_340_1_3_320_320
VSS	GROUND	VIA	5820	187460	6740	187740	via2_3_960_340_1_3_320_320
VSS	GROUND	VIA	5840	187430	6720	187770	via1_2_960_340_1_3_300_300
VSS	GROUND	VIA	5800	181860	6760	182140	via3_4_960_340_1_3_320_320
VSS	GROUND	VIA	5820	181860	6740	182140	via2_3_960_340_1_3_320_320
VSS	GROUND	VIA	5840	181830	6720	182170	via1_2_960_340_1_3_300_300
VSS	GROUND	VIA	5800	176260	6760	176540	via3_4_960_340_1_3_320_320
VSS	GROUND	VIA	5820	176260	6740	176540	via2_3_960_340_1_3_320_320
VSS	GROUND	VIA	5840	176230	6720	176570	via1_2_960_340_1_3_300_300
VSS	GROUND	VIA	5800	170660	6760	170940	via3_4_960_340_1_3_320_320
VSS	GROUND	VIA	5820	170660	6740	170940	via2_3_960_340_1_3_320_320
VSS	GROUND	VIA	5840	170630	6720	170970	via1_2_960_340_1_3_300_300
VSS	GROUND	VIA	5800	165060	6760	165340	via3_4_960_340_1_3_320_320
VSS	GROUND	VIA	5820	165060	6740	165340	via2_3_960_340_1_3_320_320
VSS	GROUND	VIA	5840	165030	6720	165370	via1_2_960_340_1_3_300_300
VSS	GROUND	VIA	5800	159460	6760	159740	via3_4_960_340_1_3_320_320
VSS	GROUND	VIA	5820	159460	6740	159740	via2_3_960_340_1_3_320_320
VSS	GROUND	VIA	5840	159430	6720	159770	via1_2_960_340_1_3_300_300
VSS	GROUND	VIA	5800	153860	6760	154140	via3_4_960_340_1_3_320_320
VSS	GROUND	VIA	5820	153860	6740	154140	via2_3_960_340_1_3_320_320
VSS	GROUND	VIA	5840	153830	6720	154170	via1_2_960_340_1_3_300_300
VSS	GROUND	VIA	5800	148260	6760	148540	via3_4_960_340_1_3_320_320
VSS	GROUND	VIA	5820	148260	6740	148540	via2_3_960_340_1_3_320_320
VSS	GROUND	VIA	5840	148230	6720	148570	via1_2_960_340_1_3_300_300
VSS	GROUND	VIA	5800	142660	6760	142940	via3_4_960_340_1_3_320_320
VSS	GROUND	VIA	5820	142660	6740	142940	via2_3_960_340_1_3_320_320
VSS	GROUND	VIA	5840	142630	6720	142970	via1_2_960_340_1_3_300_300
VSS	GROUND	VIA	5800	137060	6760	137340	via3_4_960_340_1_3_320_320
VSS	GROUND	VIA	5820	137060	6740	137340	via2_3_960_340_1_3_320_320
VSS	GROUND	VIA	5840	137030	6720	137370	via1_2_960_340_1_3_300_300
VSS	GROUND	VIA	5800	131460	6760	131740	via3_4_960_340_1_3_320_320
VSS	GROUND	VIA	5820	131460	6740	131740	via2_3_960_340_1_3_320_320
VSS	GROUND	VIA	5840	131430	6720	131770	via1_2_960_340_1_3_300_300
VSS	GROUND	VIA	5800	125860	6760	126140	via3_4_960_340_1_3_320_320
VSS	GROUND	VIA	5820	125860	6740	126140	via2_3_960_340_1_3_320_320
VSS	GROUND	VIA	5840	125830	6720	126170	via1_2_960_340_1_3_300_300
VSS	GROUND	VIA	5800	120260	6760	120540	via3_4_960_340_1_3_320_320
VSS	GROUND	VIA	5820	120260	6740	120540	via2_3_960_340_1_3_320_320
VSS	GROUND	VIA	5840	120230	6720	120570	via1_2_960_340_1_3_300_300
VSS	GROUND	VIA	5800	114660	6760	114940	via3_4_960_340_1_3_320_320
VSS	GROUND	VIA	5820	114660	6740	114940	via2_3_960_340_1_3_320_320
VSS	GROUND	VIA	5840	114630	6720	114970	via1_2_960_340_1_3_300_300
VSS	GROUND	VIA	5800	109060	6760	109340	via3_4_960_340_1_3_320_320
VSS	GROUND	VIA	5820	109060	6740	109340	via2_3_960_340_1_3_320_320
VSS	GROUND	VIA	5840	109030	6720	109370	via1_2_960_340_1_3_300_300
VSS	GROUND	VIA	5800	103460	6760	103740	via3_4_960_340_1_3_320_320
VSS	GROUND	VIA	5820	103460	6740	103740	via2_3_960_340_1_3_320_320
VSS	GROUND	VIA	5840	103430	6720	103770	via1_2_960_340_1_3_300_300
VSS	GROUND	VIA	5800	97860	6760	98140	via3_4_960_340_1_3_320_320
VSS	GROUND	VIA	5820	97860	6740	98140	via2_3_960_340_1_3_320_320
VSS	GROUND	VIA	5840	97830	6720	98170	via1_2_960_340_1_3_300_300
VSS	GROUND	VIA	5800	92260	6760	92540	via3_4_960_340_1_3_320_320
VSS	GROUND	VIA	5820	92260	6740	92540	via2_3_960_340_1_3_320_320
VSS	GROUND	VIA	5840	92230	6720	92570	via1_2_960_340_1_3_300_300
VSS	GROUND	VIA	5800	86660	6760	86940	via3_4_960_340_1_3_320_320
VSS	GROUND	VIA	5820	86660	6740	86940	via2_3_960_340_1_3_320_320
VSS	GROUND	VIA	5840	86630	6720	86970	via1_2_960_340_1_3_300_300
VSS	GROUND	VIA	5800	81060	6760	81340	via3_4_960_340_1_3_320_320
VSS	GROUND	VIA	5820	81060	6740	81340	via2_3_960_340_1_3_320_320
VSS	GROUND	VIA	5840	81030	6720	81370	via1_2_960_340_1_3_300_300
VSS	GROUND	VIA	5800	75460	6760	75740	via3_4_960_340_1_3_320_320
VSS	GROUND	VIA	5820	75460	6740	75740	via2_3_960_340_1_3_320_320
VSS	GROUND	VIA	5840	75430	6720	75770	via1_2_960_340_1_3_300_300
VSS	GROUND	VIA	5800	69860	6760	70140	via3_4_960_340_1_3_320_320
VSS	GROUND	VIA	5820	69860	6740	70140	via2_3_960_340_1_3_320_320
VSS	GROUND	VIA	5840	69830	6720	70170	via1_2_960_340_1_3_300_300
VSS	GROUND	VIA	5800	64260	6760	64540	via3_4_960_340_1_3_320_320
VSS	GROUND	VIA	5820	64260	6740	64540	via2_3_960_340_1_3_320_320
VSS	GROUND	VIA	5840	64230	6720	64570	via1_2_960_340_1_3_300_300
VSS	GROUND	VIA	5800	58660	6760	58940	via3_4_960_340_1_3_320_320
VSS	GROUND	VIA	5820	58660	6740	58940	via2_3_960_340_1_3_320_320
VSS	GROUND	VIA	5840	58630	6720	58970	via1_2_960_340_1_3_300_300
VSS	GROUND	VIA	5800	53060	6760	53340	via3_4_960_340_1_3_320_320
VSS	GROUND	VIA	5820	53060	6740	53340	via2_3_960_340_1_3_320_320
VSS	GROUND	VIA	5840	53030	6720	53370	via1_2_960_340_1_3_300_300
VSS	GROUND	VIA	5800	47460	6760	47740	via3_4_960_340_1_3_320_320
VSS	GROUND	VIA	5820	47460	6740	47740	via2_3_960_340_1_3_320_320
VSS	GROUND	VIA	5840	47430	6720	47770	via1_2_960_340_1_3_300_300
VSS	GROUND	VIA	5800	41860	6760	42140	via3_4_960_340_1_3_320_320
VSS	GROUND	VIA	5820	41860	6740	42140	via2_3_960_340_1_3_320_320
VSS	GROUND	VIA	5840	41830	6720	42170	via1_2_960_340_1_3_300_300
VSS	GROUND	VIA	5800	36260	6760	36540	via3_4_960_340_1_3_320_320
VSS	GROUND	VIA	5820	36260	6740	36540	via2_3_960_340_1_3_320_320
VSS	GROUND	VIA	5840	36230	6720	36570	via1_2_960_340_1_3_300_300
VSS	GROUND	VIA	5800	30660	6760	30940	via3_4_960_340_1_3_320_320
VSS	GROUND	VIA	5820	30660	6740	30940	via2_3_960_340_1_3_320_320
VSS	GROUND	VIA	5840	30630	6720	30970	via1_2_960_340_1_3_300_300
VSS	GROUND	VIA	5800	25060	6760	25340	via3_4_960_340_1_3_320_320
VSS	GROUND	VIA	5820	25060	6740	25340	via2_3_960_340_1_3_320_320
VSS	GROUND	VIA	5840	25030	6720	25370	via1_2_960_340_1_3_300_300
VSS	GROUND	VIA	5800	19460	6760	19740	via3_4_960_340_1_3_320_320
VSS	GROUND	VIA	5820	19460	6740	19740	via2_3_960_340_1_3_320_320
VSS	GROUND	VIA	5840	19430	6720	19770	via1_2_960_340_1_3_300_300
VSS	GROUND	VIA	5800	13860	6760	14140	via3_4_960_340_1_3_320_320
VSS	GROUND	VIA	5820	13860	6740	14140	via2_3_960_340_1_3_320_320
VSS	GROUND	VIA	5840	13830	6720	14170	via1_2_960_340_1_3_300_300
VSS	GROUND	VIA	5800	8260	6760	8540	via3_4_960_340_1_3_320_320
VSS	GROUND	VIA	5820	8260	6740	8540	via2_3_960_340_1_3_320_320
VSS	GROUND	VIA	5840	8230	6720	8570	via1_2_960_340_1_3_300_300
VSS	GROUND	VIA	5800	2660	6760	2940	via3_4_960_340_1_3_320_320
VSS	GROUND	VIA	5820	2660	6740	2940	via2_3_960_340_1_3_320_320
VSS	GROUND	VIA	5840	2630	6720	2970	via1_2_960_340_1_3_300_300
