design,reference,candidate,architecture_hash,record_kind,routed_scan_wirelength_um,E,H4,H8,delta_routed_WL_percent,delta_E_percent,delta_H4_percent,delta_H8_percent,WNS,hold_WNS,DRC,fault_coverage,search_runtime_seconds,qualification_status,status
s953,B2,B2,ac13bc68f090dd8f6921fee11362f5c63dc32f7376f0acabf1d895f26894e371,PROSPECTIVE_EXTERNAL_REFERENCE,557.39,306019.16041981,141.79185422,63.23074092,0.0,0.0,0.0,0.0,9.34959,0.0100855,0,97.85344189489267,,QUALIFIED,REFERENCE
s953,B2,CS_C1,d10c54bd2f7e2410d412f8049b430b85a55555dc55d21407cc829064e82a5a58,PROSPECTIVE_PACT_CANDIDATE,596.47,243554.84719727,128.57546064,56.09291641,7.011248856276575,-20.41189614952502,-9.3209822614308,-11.28853530125612,9.34964,0.0122369,0,97.85344189489267,26.697804104,QUALIFIED,PACT_STRONG_IMPROVEMENT
s953,B2,CS_C2,0fb4be8dd27c7461f4346175effd4588caf3c045d8f10c390be22d33b39c5da2,PROSPECTIVE_PACT_CANDIDATE,584.21,261748.56208824,130.05841133,56.12523582,4.811711727874557,-14.466609956983644,-8.27511774533587,-11.237421856229613,9.34926,0.0122548,0,97.85344189489267,26.697804104,QUALIFIED,PACT_STRONG_IMPROVEMENT
s953,B2,CS_C3,74e5474595904e32e215c40b7bdbd29f5f91ebdc5f3f11f0ad6c9c57716aa608,PROSPECTIVE_PACT_CANDIDATE,588.33,293092.9600281,138.56759178,65.30057435,5.550871023879167,-4.2239840060920635,-2.273940529049956,3.2734606615139494,9.34958,0.0126185,0,97.85344189489267,26.697804104,QUALIFIED,PACT_MIXED_TRADEOFF
s1196,B2,B2,0730cff01ba7157f01194f71d79ac0976c2a9797f6f8df6e497d0f250e6dbd25,PROSPECTIVE_EXTERNAL_REFERENCE,391.125,119646.87625361001,47.09376932,25.618661099999997,0.0,0.0,0.0,0.0,9.1335,0.0180388,0,98.84020618556701,,QUALIFIED,REFERENCE
s1196,B2,CS_C1,7847aca6fdb58559659b8f4a26a16bb143ba96d2887e8d0279355d4f76512bd1,PROSPECTIVE_PACT_CANDIDATE,394.325,97024.45975217,42.37399002,23.96685706,0.8181527644614883,-18.907653262495806,-10.02208862902716,-6.447659514883853,9.13352,0.019619,0,98.84020618556701,19.381502728,QUALIFIED,PACT_STRONG_IMPROVEMENT
s1196,B2,CS_C2,880505cbc1c4ab4f3724d5e82539f0b0d2eaf762b02944ece690699da494cc43,PROSPECTIVE_PACT_CANDIDATE,393.38,90480.12898195,47.013341819999994,23.80778896,0.5765420262064502,-24.377357926032772,-0.17078161540543535,-7.068566670722687,9.1335,0.0192174,0,98.84020618556701,19.381502728,QUALIFIED,PACT_STRONG_IMPROVEMENT
s1196,B2,CS_C3,bcff05ff5ba5e91c39a2cbd775fc5005a6de5f7de1ceac5214fed426654d2b07,PROSPECTIVE_PACT_CANDIDATE,392.465,106002.17779762999,45.18807083,26.113912229999997,0.34260147011824227,-11.40414098823439,-4.046604290794531,1.9331655470472553,9.13351,0.0192174,0,98.84020618556701,19.381502728,QUALIFIED,PACT_MIXED_TRADEOFF
s1238,B3T,B3T,e8dc57ee4fbfe5edc351f716d2916759a6e97604b904473c1e27cc6d9a346bbc,PROSPECTIVE_EXTERNAL_REFERENCE,487.945,124295.66666812,47.43622182,25.01900066,0.0,0.0,0.0,0.0,9.07492,0.0161588,0,96.36255217650566,,QUALIFIED,REFERENCE
s1238,B3T,CS_C1,4a718081901aaf57b4f173cc934ca8a6ca8292f6b219d93b706d053aa25ceeca,PROSPECTIVE_PACT_CANDIDATE,472.585,95390.88778614001,43.967559269999995,25.38817014,-3.1478957669409446,-23.254856469902695,-7.312265641985749,1.4755564581371283,9.0765,0.0161588,0,96.36255217650566,27.411522728999984,QUALIFIED,PACT_MIXED_TRADEOFF
s1238,B3T,CS_C2,8e88a7e8082564abbb8eb0389d8452e7ca25c948f3cead8e8f39861c70c36a1b,PROSPECTIVE_PACT_CANDIDATE,488.385,91152.26857858,43.88379521,24.973449510000002,0.09017409749050298,-26.664966670186253,-7.488848128503833,-0.18206622486254265,9.07615,0.0161588,0,96.36255217650566,27.411522728999984,QUALIFIED,PACT_STRONG_IMPROVEMENT
s1238,B3T,CS_C3,921f305e0512f1ab98acceddaba454fd9ce4228c18d0f03a7a840eecd32f1d94,PROSPECTIVE_PACT_CANDIDATE,478.455,112949.20602608,43.06005365,25.285439099999998,-1.9448913299654702,-9.128605160738235,-9.225372515133412,1.064944374161092,9.0761,0.0145669,0,96.36255217650566,27.411522728999984,QUALIFIED,PACT_MIXED_TRADEOFF
s35932,B2,B2,3b60b7163d13734732ef119aabfcd1096713b44ece0a400a57df219a37379fd3,PROSPECTIVE_EXTERNAL_REFERENCE,46953.59,262385378.18930873,1825.0851562500002,577.65830521,0.0,0.0,0.0,0.0,8.41392,1.14631e-05,0,87.57823591753484,,QUALIFIED,REFERENCE
s35932,B2,CS_C1,2739f4664d6c7da006dacd050cbfe77830cd56f01fae38bf1fb8ef8fcac507b0,PROSPECTIVE_PACT_CANDIDATE,47941.2,262015361.4929765,1795.2251260100002,562.1349074,2.103374843116357,-0.14102031861900066,-1.6360896990337381,-2.6872976065594134,8.4148,1.08247e-05,0,87.57823591753484,2908.539542158,QUALIFIED,PACT_STRONG_IMPROVEMENT
s35932,B2,CS_C2,11a96ff3c00041b5496d0d7cfa0fcf87c1bb363ede0a5391009805af488c7ed0,PROSPECTIVE_PACT_CANDIDATE,47559.7,260681038.28455126,1790.1091619699998,562.58068198,1.2908704105479396,-0.6495559762205172,-1.9164034160392585,-2.610128356852537,8.41509,1.08247e-05,0,87.57823591753484,2908.539542158,QUALIFIED,PACT_STRONG_IMPROVEMENT
s35932,B2,CS_C3,f3ad90a574f428850c4764fec5ff8cef1f7066697f7a232588443804f875862f,PROSPECTIVE_PACT_CANDIDATE,47404.03,261639931.65970486,1800.0317664400006,562.80230917,0.9593302663332137,-0.28410368548282827,-1.3727244301014796,-2.5717618713366086,8.4146,1.08247e-05,0,87.57823591753484,2908.539542158,QUALIFIED,PACT_STRONG_IMPROVEMENT
s38417,B2,B2,7976c63f510aee3caa8a6b280fad5f65a91669947347f79d7861eb3b56b6f0f0,PROSPECTIVE_EXTERNAL_REFERENCE,36842.35,,,,0.0,,,,8.72304,0.00316436,0,95.99534690868884,,ROUTED_AND_ATPG_PASS_ACTIVITY_UNAVAILABLE,REFERENCE
s38584,B3T,B3T,0a1d92a059887ded69b21674089374171237efcd72c1034949bfc6b0a3076852,PROSPECTIVE_EXTERNAL_REFERENCE,97311.1,,,,0.0,,,,8.49908,6.77236e-06,0,93.32968008918955,,ROUTED_AND_ATPG_PASS_ACTIVITY_UNAVAILABLE,REFERENCE
