design,architecture,status,reason,worst_drop_v,p99_drop_v,p95_drop_v,p50_drop_v,mean_drop_v,peak_segment_current_a
b14_opt,B3T,UNAVAILABLE,Independent raw-CSV aggregate differs: native design internal_w,,,,,,
b14_opt,CS_C1,UNAVAILABLE,Independent raw-CSV aggregate differs: native design internal_w,,,,,,
b14_opt,CS_C3,UNAVAILABLE,Independent raw-CSV aggregate differs: native design internal_w,,,,,,
b14_opt,B5,UNAVAILABLE,Independent raw-CSV aggregate differs: native design internal_w,,,,,,
b15_opt,B2,UNAVAILABLE,Independent raw-CSV aggregate differs: native design internal_w,,,,,,
b15_opt,CS_C1,UNAVAILABLE,Independent raw-CSV aggregate differs: native design internal_w,,,,,,
b15_opt,CS_C2,UNAVAILABLE,Independent raw-CSV aggregate differs: native design internal_w,,,,,,
b15_opt,CS_C3,UNAVAILABLE,Independent raw-CSV aggregate differs: native design internal_w,,,,,,
b15_opt,B5,UNAVAILABLE,Independent raw-CSV aggregate differs: native design internal_w,,,,,,
