design,architecture,status,reason,dynamic_w,switching_w,internal_w,leakage_w,total_w
b14_opt,B3T,UNAVAILABLE,Independent raw-CSV aggregate differs: native design internal_w,,,,,
b14_opt,CS_C1,UNAVAILABLE,Independent raw-CSV aggregate differs: native design internal_w,,,,,
b14_opt,CS_C3,UNAVAILABLE,Independent raw-CSV aggregate differs: native design internal_w,,,,,
b14_opt,B5,UNAVAILABLE,Independent raw-CSV aggregate differs: native design internal_w,,,,,
b15_opt,B2,UNAVAILABLE,Independent raw-CSV aggregate differs: native design internal_w,,,,,
b15_opt,CS_C1,UNAVAILABLE,Independent raw-CSV aggregate differs: native design internal_w,,,,,
b15_opt,CS_C2,UNAVAILABLE,Independent raw-CSV aggregate differs: native design internal_w,,,,,
b15_opt,CS_C3,UNAVAILABLE,Independent raw-CSV aggregate differs: native design internal_w,,,,,
b15_opt,B5,UNAVAILABLE,Independent raw-CSV aggregate differs: native design internal_w,,,,,
