design,architecture,attempt,status,density_scale,selected_scientific_record,wall_seconds,CPU_user_seconds,CPU_system_seconds,peak_RSS_bytes,disk_bytes,command,completed_utc,environment_overrides,error,receipt_path,receipt_sha256,started_utc
b14_opt,B3T,smoke_density0,QUALIFIED,0.0,False,5.125718092,3.63,0.52,191590400.0,2720977,"[""/usr/bin/time"", ""-v"", ""-o"", ""/mnt/c/Users/Abhinav/OneDrive/Desktop/PACT/PACT/reports/gate10a/runs/b14_opt/B3T/smoke_density0/resources.txt"", ""/usr/bin/openroad"", ""-no_init"", ""-exit"", ""/mnt/c/Users/Abhinav/OneDrive/Desktop/PACT/PACT/reports/gate10a/runs/b14_opt/B3T/smoke_density0/measurement_source.tcl""]",2026-10-06T03:51:21.940884+00:00,"{""GATE10A_ACTIVITY_TCL"": ""/mnt/c/Users/Abhinav/OneDrive/Desktop/PACT/PACT/reports/gate10a/runs/b14_opt/B3T/smoke_density0/activity.tcl"", ""GATE10A_LIBERTY"": ""/root/pact-deps/OpenROAD-flow-scripts/flow/platforms/nangate45/lib/NangateOpenCellLibrary_typical.lib"", ""GATE10A_ODB"": ""/mnt/d/PACT_EXPERIMENTS/results/pact_gate09_open_source_20261005/repair_attempts/python_transport/baselines/b14_opt/B3T/physical/5_2_route.odb.gz"", ""GATE10A_OUTPUT"": ""/mnt/c/Users/Abhinav/OneDrive/Desktop/PACT/PACT/reports/gate10a/runs/b14_opt/B3T/smoke_density0"", ""GATE10A_SDC"": ""/mnt/d/PACT_EXPERIMENTS/results/pact_gate09_open_source_20261005/repair_attempts/fan_compound_connectivity/orfs/results/nangate45/b14_opt/phase0b_s11_B0/3_place.sdc"", ""GATE10A_SET_RC"": ""/root/pact-deps/OpenROAD-flow-scripts/flow/platforms/nangate45/setRC.tcl"", ""GATE10A_SPEF"": ""/mnt/d/PACT_EXPERIMENTS/results/pact_gate09_open_source_20261005/repair_attempts/python_transport/exact_activity/b14_opt/B3T/b14_opt/B3T/extracted.spef"", ""OMP_NUM_THREADS"": ""1"", ""OPENBLAS_NUM_THREADS"": ""1""}",,reports\gate10a\runs\b14_opt\B3T\smoke_density0\receipt.json,edba936250c8afa75672e447ac173b70452087a836828830053635dcc29f6861,2026-10-06T03:51:12.350447+00:00
b14_opt,B3T,smoke_density2,QUALIFIED,2.0,False,4.949223859999989,3.63,0.35,191414272.0,3095277,"[""/usr/bin/time"", ""-v"", ""-o"", ""/mnt/c/Users/Abhinav/OneDrive/Desktop/PACT/PACT/reports/gate10a/runs/b14_opt/B3T/smoke_density2/resources.txt"", ""/usr/bin/openroad"", ""-no_init"", ""-exit"", ""/mnt/c/Users/Abhinav/OneDrive/Desktop/PACT/PACT/reports/gate10a/runs/b14_opt/B3T/smoke_density2/measurement_source.tcl""]",2026-10-06T03:51:46.566336+00:00,"{""GATE10A_ACTIVITY_TCL"": ""/mnt/c/Users/Abhinav/OneDrive/Desktop/PACT/PACT/reports/gate10a/runs/b14_opt/B3T/smoke_density2/activity.tcl"", ""GATE10A_LIBERTY"": ""/root/pact-deps/OpenROAD-flow-scripts/flow/platforms/nangate45/lib/NangateOpenCellLibrary_typical.lib"", ""GATE10A_ODB"": ""/mnt/d/PACT_EXPERIMENTS/results/pact_gate09_open_source_20261005/repair_attempts/python_transport/baselines/b14_opt/B3T/physical/5_2_route.odb.gz"", ""GATE10A_OUTPUT"": ""/mnt/c/Users/Abhinav/OneDrive/Desktop/PACT/PACT/reports/gate10a/runs/b14_opt/B3T/smoke_density2"", ""GATE10A_SDC"": ""/mnt/d/PACT_EXPERIMENTS/results/pact_gate09_open_source_20261005/repair_attempts/fan_compound_connectivity/orfs/results/nangate45/b14_opt/phase0b_s11_B0/3_place.sdc"", ""GATE10A_SET_RC"": ""/root/pact-deps/OpenROAD-flow-scripts/flow/platforms/nangate45/setRC.tcl"", ""GATE10A_SPEF"": ""/mnt/d/PACT_EXPERIMENTS/results/pact_gate09_open_source_20261005/repair_attempts/python_transport/exact_activity/b14_opt/B3T/b14_opt/B3T/extracted.spef"", ""OMP_NUM_THREADS"": ""1"", ""OPENBLAS_NUM_THREADS"": ""1""}",,reports\gate10a\runs\b14_opt\B3T\smoke_density2\receipt.json,88d2da0886adb2bda0f664a8594d6361fef5553843329a1e2cd95d84a508ac7f,2026-10-06T03:51:36.691223+00:00
b14_opt,B3T,smoke_nominal_attempt1,IMPLEMENTATION_OR_QUALIFICATION_FAILURE,1.0,False,1.179221137999999,0.55,0.31,124108800.0,236336,"[""/usr/bin/time"", ""-v"", ""-o"", ""/mnt/c/Users/Abhinav/OneDrive/Desktop/PACT/PACT/reports/gate10a/runs/b14_opt/B3T/smoke_nominal_attempt1/resources.txt"", ""/usr/bin/openroad"", ""-no_init"", ""-exit"", ""/mnt/c/Users/Abhinav/OneDrive/Desktop/PACT/PACT/reports/gate10a/runs/b14_opt/B3T/smoke_nominal_attempt1/measurement_source.tcl""]",2026-10-06T03:35:12.777781+00:00,"{""GATE10A_ACTIVITY_TCL"": ""/mnt/c/Users/Abhinav/OneDrive/Desktop/PACT/PACT/reports/gate10a/runs/b14_opt/B3T/smoke_nominal_attempt1/activity.tcl"", ""GATE10A_LIBERTY"": ""/root/pact-deps/OpenROAD-flow-scripts/flow/platforms/nangate45/lib/NangateOpenCellLibrary_typical.lib"", ""GATE10A_ODB"": ""/mnt/d/PACT_EXPERIMENTS/results/pact_gate09_open_source_20261005/repair_attempts/python_transport/baselines/b14_opt/B3T/physical/5_2_route.odb.gz"", ""GATE10A_OUTPUT"": ""/mnt/c/Users/Abhinav/OneDrive/Desktop/PACT/PACT/reports/gate10a/runs/b14_opt/B3T/smoke_nominal_attempt1"", ""GATE10A_SDC"": ""/mnt/d/PACT_EXPERIMENTS/results/pact_gate09_open_source_20261005/repair_attempts/fan_compound_connectivity/orfs/results/nangate45/b14_opt/phase0b_s11_B0/3_place.sdc"", ""GATE10A_SET_RC"": ""/root/pact-deps/OpenROAD-flow-scripts/flow/platforms/nangate45/setRC.tcl"", ""GATE10A_SPEF"": ""/mnt/d/PACT_EXPERIMENTS/results/pact_gate09_open_source_20261005/repair_attempts/python_transport/exact_activity/b14_opt/B3T/b14_opt/B3T/extracted.spef"", ""OMP_NUM_THREADS"": ""1"", ""OPENBLAS_NUM_THREADS"": ""1""}",OpenROAD process failed,reports\gate10a\runs\b14_opt\B3T\smoke_nominal_attempt1\receipt.json,9297b9df044e264e68ff2b6aa47ea86129522577a15fadfa0059cb17e4d5c178,2026-10-06T03:35:06.663802+00:00
b14_opt,B3T,smoke_nominal_attempt2,IMPLEMENTATION_OR_QUALIFICATION_FAILURE,1.0,False,2.497984305000003,1.53,0.39,145186816.0,879948,"[""/usr/bin/time"", ""-v"", ""-o"", ""/mnt/c/Users/Abhinav/OneDrive/Desktop/PACT/PACT/reports/gate10a/runs/b14_opt/B3T/smoke_nominal_attempt2/resources.txt"", ""/usr/bin/openroad"", ""-no_init"", ""-exit"", ""/mnt/c/Users/Abhinav/OneDrive/Desktop/PACT/PACT/reports/gate10a/runs/b14_opt/B3T/smoke_nominal_attempt2/measurement_source.tcl""]",2026-10-06T03:36:16.359306+00:00,"{""GATE10A_ACTIVITY_TCL"": ""/mnt/c/Users/Abhinav/OneDrive/Desktop/PACT/PACT/reports/gate10a/runs/b14_opt/B3T/smoke_nominal_attempt2/activity.tcl"", ""GATE10A_LIBERTY"": ""/root/pact-deps/OpenROAD-flow-scripts/flow/platforms/nangate45/lib/NangateOpenCellLibrary_typical.lib"", ""GATE10A_ODB"": ""/mnt/d/PACT_EXPERIMENTS/results/pact_gate09_open_source_20261005/repair_attempts/python_transport/baselines/b14_opt/B3T/physical/5_2_route.odb.gz"", ""GATE10A_OUTPUT"": ""/mnt/c/Users/Abhinav/OneDrive/Desktop/PACT/PACT/reports/gate10a/runs/b14_opt/B3T/smoke_nominal_attempt2"", ""GATE10A_SDC"": ""/mnt/d/PACT_EXPERIMENTS/results/pact_gate09_open_source_20261005/repair_attempts/fan_compound_connectivity/orfs/results/nangate45/b14_opt/phase0b_s11_B0/3_place.sdc"", ""GATE10A_SET_RC"": ""/root/pact-deps/OpenROAD-flow-scripts/flow/platforms/nangate45/setRC.tcl"", ""GATE10A_SPEF"": ""/mnt/d/PACT_EXPERIMENTS/results/pact_gate09_open_source_20261005/repair_attempts/python_transport/exact_activity/b14_opt/B3T/b14_opt/B3T/extracted.spef"", ""OMP_NUM_THREADS"": ""1"", ""OPENBLAS_NUM_THREADS"": ""1""}",OpenROAD process failed,reports\gate10a\runs\b14_opt\B3T\smoke_nominal_attempt2\receipt.json,9f4617de2c9e492ac209875785c68b273e934efcfbdab90aa042ba505ef39ebf,2026-10-06T03:36:10.125885+00:00
b14_opt,B3T,smoke_nominal_attempt3,IMPLEMENTATION_OR_QUALIFICATION_FAILURE,1.0,False,4.269007694999999,3.15,0.53,173494272.0,1228108,"[""/usr/bin/time"", ""-v"", ""-o"", ""/mnt/c/Users/Abhinav/OneDrive/Desktop/PACT/PACT/reports/gate10a/runs/b14_opt/B3T/smoke_nominal_attempt3/resources.txt"", ""/usr/bin/openroad"", ""-no_init"", ""-exit"", ""/mnt/c/Users/Abhinav/OneDrive/Desktop/PACT/PACT/reports/gate10a/runs/b14_opt/B3T/smoke_nominal_attempt3/measurement_source.tcl""]",2026-10-06T03:36:48.345865+00:00,"{""GATE10A_ACTIVITY_TCL"": ""/mnt/c/Users/Abhinav/OneDrive/Desktop/PACT/PACT/reports/gate10a/runs/b14_opt/B3T/smoke_nominal_attempt3/activity.tcl"", ""GATE10A_LIBERTY"": ""/root/pact-deps/OpenROAD-flow-scripts/flow/platforms/nangate45/lib/NangateOpenCellLibrary_typical.lib"", ""GATE10A_ODB"": ""/mnt/d/PACT_EXPERIMENTS/results/pact_gate09_open_source_20261005/repair_attempts/python_transport/baselines/b14_opt/B3T/physical/5_2_route.odb.gz"", ""GATE10A_OUTPUT"": ""/mnt/c/Users/Abhinav/OneDrive/Desktop/PACT/PACT/reports/gate10a/runs/b14_opt/B3T/smoke_nominal_attempt3"", ""GATE10A_SDC"": ""/mnt/d/PACT_EXPERIMENTS/results/pact_gate09_open_source_20261005/repair_attempts/fan_compound_connectivity/orfs/results/nangate45/b14_opt/phase0b_s11_B0/3_place.sdc"", ""GATE10A_SET_RC"": ""/root/pact-deps/OpenROAD-flow-scripts/flow/platforms/nangate45/setRC.tcl"", ""GATE10A_SPEF"": ""/mnt/d/PACT_EXPERIMENTS/results/pact_gate09_open_source_20261005/repair_attempts/python_transport/exact_activity/b14_opt/B3T/b14_opt/B3T/extracted.spef"", ""OMP_NUM_THREADS"": ""1"", ""OPENBLAS_NUM_THREADS"": ""1""}",OpenROAD process failed,reports\gate10a\runs\b14_opt\B3T\smoke_nominal_attempt3\receipt.json,647aa3ca0a09899234eec40412539a5f6b909eb10eea54d4c30a865151661970,2026-10-06T03:36:40.283701+00:00
b14_opt,B3T,smoke_nominal_attempt4,QUALIFIED,1.0,False,6.003678527999995,4.59,0.48,186359808.0,2974269,"[""/usr/bin/time"", ""-v"", ""-o"", ""/mnt/c/Users/Abhinav/OneDrive/Desktop/PACT/PACT/reports/gate10a/runs/b14_opt/B3T/smoke_nominal_attempt4/resources.txt"", ""/usr/bin/openroad"", ""-no_init"", ""-exit"", ""/mnt/c/Users/Abhinav/OneDrive/Desktop/PACT/PACT/reports/gate10a/runs/b14_opt/B3T/smoke_nominal_attempt4/measurement_source.tcl""]",2026-10-06T03:45:22.053318+00:00,"{""GATE10A_ACTIVITY_TCL"": ""/mnt/c/Users/Abhinav/OneDrive/Desktop/PACT/PACT/reports/gate10a/runs/b14_opt/B3T/smoke_nominal_attempt4/activity.tcl"", ""GATE10A_LIBERTY"": ""/root/pact-deps/OpenROAD-flow-scripts/flow/platforms/nangate45/lib/NangateOpenCellLibrary_typical.lib"", ""GATE10A_ODB"": ""/mnt/d/PACT_EXPERIMENTS/results/pact_gate09_open_source_20261005/repair_attempts/python_transport/baselines/b14_opt/B3T/physical/5_2_route.odb.gz"", ""GATE10A_OUTPUT"": ""/mnt/c/Users/Abhinav/OneDrive/Desktop/PACT/PACT/reports/gate10a/runs/b14_opt/B3T/smoke_nominal_attempt4"", ""GATE10A_SDC"": ""/mnt/d/PACT_EXPERIMENTS/results/pact_gate09_open_source_20261005/repair_attempts/fan_compound_connectivity/orfs/results/nangate45/b14_opt/phase0b_s11_B0/3_place.sdc"", ""GATE10A_SET_RC"": ""/root/pact-deps/OpenROAD-flow-scripts/flow/platforms/nangate45/setRC.tcl"", ""GATE10A_SPEF"": ""/mnt/d/PACT_EXPERIMENTS/results/pact_gate09_open_source_20261005/repair_attempts/python_transport/exact_activity/b14_opt/B3T/b14_opt/B3T/extracted.spef"", ""OMP_NUM_THREADS"": ""1"", ""OPENBLAS_NUM_THREADS"": ""1""}",,reports\gate10a\runs\b14_opt\B3T\smoke_nominal_attempt4\receipt.json,8a86a84dffcb28a71796497256a744045c196272135faacc2c3d671cb9e2ab4b,2026-10-06T03:45:11.092030+00:00
b14_opt,B3T,smoke_nominal_attempt5,QUALIFIED,1.0,False,5.3460991480000075,3.7,0.62,191377408.0,3090943,"[""/usr/bin/time"", ""-v"", ""-o"", ""/mnt/c/Users/Abhinav/OneDrive/Desktop/PACT/PACT/reports/gate10a/runs/b14_opt/B3T/smoke_nominal_attempt5/resources.txt"", ""/usr/bin/openroad"", ""-no_init"", ""-exit"", ""/mnt/c/Users/Abhinav/OneDrive/Desktop/PACT/PACT/reports/gate10a/runs/b14_opt/B3T/smoke_nominal_attempt5/measurement_source.tcl""]",2026-10-06T03:47:20.674648+00:00,"{""GATE10A_ACTIVITY_TCL"": ""/mnt/c/Users/Abhinav/OneDrive/Desktop/PACT/PACT/reports/gate10a/runs/b14_opt/B3T/smoke_nominal_attempt5/activity.tcl"", ""GATE10A_LIBERTY"": ""/root/pact-deps/OpenROAD-flow-scripts/flow/platforms/nangate45/lib/NangateOpenCellLibrary_typical.lib"", ""GATE10A_ODB"": ""/mnt/d/PACT_EXPERIMENTS/results/pact_gate09_open_source_20261005/repair_attempts/python_transport/baselines/b14_opt/B3T/physical/5_2_route.odb.gz"", ""GATE10A_OUTPUT"": ""/mnt/c/Users/Abhinav/OneDrive/Desktop/PACT/PACT/reports/gate10a/runs/b14_opt/B3T/smoke_nominal_attempt5"", ""GATE10A_SDC"": ""/mnt/d/PACT_EXPERIMENTS/results/pact_gate09_open_source_20261005/repair_attempts/fan_compound_connectivity/orfs/results/nangate45/b14_opt/phase0b_s11_B0/3_place.sdc"", ""GATE10A_SET_RC"": ""/root/pact-deps/OpenROAD-flow-scripts/flow/platforms/nangate45/setRC.tcl"", ""GATE10A_SPEF"": ""/mnt/d/PACT_EXPERIMENTS/results/pact_gate09_open_source_20261005/repair_attempts/python_transport/exact_activity/b14_opt/B3T/b14_opt/B3T/extracted.spef"", ""OMP_NUM_THREADS"": ""1"", ""OPENBLAS_NUM_THREADS"": ""1""}",,reports\gate10a\runs\b14_opt\B3T\smoke_nominal_attempt5\receipt.json,4a6c423f9043610bb38cb6390b5e31ca6bfa42801538aa88316af4729da8ac9e,2026-10-06T03:47:10.725377+00:00
b14_opt,B3T,smoke_nominal_attempt6,QUALIFIED,1.0,True,5.2642119680000015,3.7,0.46,191328256.0,3096420,"[""/usr/bin/time"", ""-v"", ""-o"", ""/mnt/c/Users/Abhinav/OneDrive/Desktop/PACT/PACT/reports/gate10a/runs/b14_opt/B3T/smoke_nominal_attempt6/resources.txt"", ""/usr/bin/openroad"", ""-no_init"", ""-exit"", ""/mnt/c/Users/Abhinav/OneDrive/Desktop/PACT/PACT/reports/gate10a/runs/b14_opt/B3T/smoke_nominal_attempt6/measurement_source.tcl""]",2026-10-06T03:49:37.171142+00:00,"{""GATE10A_ACTIVITY_TCL"": ""/mnt/c/Users/Abhinav/OneDrive/Desktop/PACT/PACT/reports/gate10a/runs/b14_opt/B3T/smoke_nominal_attempt6/activity.tcl"", ""GATE10A_LIBERTY"": ""/root/pact-deps/OpenROAD-flow-scripts/flow/platforms/nangate45/lib/NangateOpenCellLibrary_typical.lib"", ""GATE10A_ODB"": ""/mnt/d/PACT_EXPERIMENTS/results/pact_gate09_open_source_20261005/repair_attempts/python_transport/baselines/b14_opt/B3T/physical/5_2_route.odb.gz"", ""GATE10A_OUTPUT"": ""/mnt/c/Users/Abhinav/OneDrive/Desktop/PACT/PACT/reports/gate10a/runs/b14_opt/B3T/smoke_nominal_attempt6"", ""GATE10A_SDC"": ""/mnt/d/PACT_EXPERIMENTS/results/pact_gate09_open_source_20261005/repair_attempts/fan_compound_connectivity/orfs/results/nangate45/b14_opt/phase0b_s11_B0/3_place.sdc"", ""GATE10A_SET_RC"": ""/root/pact-deps/OpenROAD-flow-scripts/flow/platforms/nangate45/setRC.tcl"", ""GATE10A_SPEF"": ""/mnt/d/PACT_EXPERIMENTS/results/pact_gate09_open_source_20261005/repair_attempts/python_transport/exact_activity/b14_opt/B3T/b14_opt/B3T/extracted.spef"", ""OMP_NUM_THREADS"": ""1"", ""OPENBLAS_NUM_THREADS"": ""1""}",,reports\gate10a\runs\b14_opt\B3T\smoke_nominal_attempt6\receipt.json,3ab4015bef8bd20a3e87227077d01aa84249233991e09de9cf83aec062fdefbf,2026-10-06T03:49:27.233261+00:00
b14_opt,B3T,smoke_nominal_repeat1,QUALIFIED,1.0,False,5.014271486999995,3.67,0.6,191348736.0,3096417,"[""/usr/bin/time"", ""-v"", ""-o"", ""/mnt/c/Users/Abhinav/OneDrive/Desktop/PACT/PACT/reports/gate10a/runs/b14_opt/B3T/smoke_nominal_repeat1/resources.txt"", ""/usr/bin/openroad"", ""-no_init"", ""-exit"", ""/mnt/c/Users/Abhinav/OneDrive/Desktop/PACT/PACT/reports/gate10a/runs/b14_opt/B3T/smoke_nominal_repeat1/measurement_source.tcl""]",2026-10-06T03:50:15.210333+00:00,"{""GATE10A_ACTIVITY_TCL"": ""/mnt/c/Users/Abhinav/OneDrive/Desktop/PACT/PACT/reports/gate10a/runs/b14_opt/B3T/smoke_nominal_repeat1/activity.tcl"", ""GATE10A_LIBERTY"": ""/root/pact-deps/OpenROAD-flow-scripts/flow/platforms/nangate45/lib/NangateOpenCellLibrary_typical.lib"", ""GATE10A_ODB"": ""/mnt/d/PACT_EXPERIMENTS/results/pact_gate09_open_source_20261005/repair_attempts/python_transport/baselines/b14_opt/B3T/physical/5_2_route.odb.gz"", ""GATE10A_OUTPUT"": ""/mnt/c/Users/Abhinav/OneDrive/Desktop/PACT/PACT/reports/gate10a/runs/b14_opt/B3T/smoke_nominal_repeat1"", ""GATE10A_SDC"": ""/mnt/d/PACT_EXPERIMENTS/results/pact_gate09_open_source_20261005/repair_attempts/fan_compound_connectivity/orfs/results/nangate45/b14_opt/phase0b_s11_B0/3_place.sdc"", ""GATE10A_SET_RC"": ""/root/pact-deps/OpenROAD-flow-scripts/flow/platforms/nangate45/setRC.tcl"", ""GATE10A_SPEF"": ""/mnt/d/PACT_EXPERIMENTS/results/pact_gate09_open_source_20261005/repair_attempts/python_transport/exact_activity/b14_opt/B3T/b14_opt/B3T/extracted.spef"", ""OMP_NUM_THREADS"": ""1"", ""OPENBLAS_NUM_THREADS"": ""1""}",,reports\gate10a\runs\b14_opt\B3T\smoke_nominal_repeat1\receipt.json,fa7fcb67c581c29efdc0b72ef0d0beb84a8c5e6a0ddb055c4280ee8d02dbdd22,2026-10-06T03:50:05.832687+00:00
b14_opt,B5,science_nominal,QUALIFIED,1.0,True,4.972069472999976,3.61,0.4,191844352.0,3097266,"[""/usr/bin/time"", ""-v"", ""-o"", ""/mnt/c/Users/Abhinav/OneDrive/Desktop/PACT/PACT/reports/gate10a/runs/b14_opt/B5/science_nominal/resources.txt"", ""/usr/bin/openroad"", ""-no_init"", ""-exit"", ""/mnt/c/Users/Abhinav/OneDrive/Desktop/PACT/PACT/reports/gate10a/runs/b14_opt/B5/science_nominal/measurement_source.tcl""]",2026-10-06T03:53:36.282288+00:00,"{""GATE10A_ACTIVITY_TCL"": ""/mnt/c/Users/Abhinav/OneDrive/Desktop/PACT/PACT/reports/gate10a/runs/b14_opt/B5/science_nominal/activity.tcl"", ""GATE10A_LIBERTY"": ""/root/pact-deps/OpenROAD-flow-scripts/flow/platforms/nangate45/lib/NangateOpenCellLibrary_typical.lib"", ""GATE10A_ODB"": ""/mnt/d/PACT_EXPERIMENTS/results/pact_gate09_open_source_20261005/repair_attempts/python_transport/baselines/b14_opt/B5/physical/5_2_route.odb.gz"", ""GATE10A_OUTPUT"": ""/mnt/c/Users/Abhinav/OneDrive/Desktop/PACT/PACT/reports/gate10a/runs/b14_opt/B5/science_nominal"", ""GATE10A_SDC"": ""/mnt/d/PACT_EXPERIMENTS/results/pact_gate09_open_source_20261005/repair_attempts/fan_compound_connectivity/orfs/results/nangate45/b14_opt/phase0b_s11_B0/3_place.sdc"", ""GATE10A_SET_RC"": ""/root/pact-deps/OpenROAD-flow-scripts/flow/platforms/nangate45/setRC.tcl"", ""GATE10A_SPEF"": ""/mnt/d/PACT_EXPERIMENTS/results/pact_gate09_open_source_20261005/repair_attempts/python_transport/exact_activity/b14_opt/B5/b14_opt/B5/extracted.spef"", ""OMP_NUM_THREADS"": ""1"", ""OPENBLAS_NUM_THREADS"": ""1""}",,reports\gate10a\runs\b14_opt\B5\science_nominal\receipt.json,fb29685c17f924d3c3a7e4e8804cdf1c6b980c8e0c15ecd7ab313af436a48429,2026-10-06T03:53:26.155641+00:00
b14_opt,CS_C1,science_nominal,QUALIFIED,1.0,True,5.59875928400001,4.12,0.64,191361024.0,3096974,"[""/usr/bin/time"", ""-v"", ""-o"", ""/mnt/c/Users/Abhinav/OneDrive/Desktop/PACT/PACT/reports/gate10a/runs/b14_opt/CS_C1/science_nominal/resources.txt"", ""/usr/bin/openroad"", ""-no_init"", ""-exit"", ""/mnt/c/Users/Abhinav/OneDrive/Desktop/PACT/PACT/reports/gate10a/runs/b14_opt/CS_C1/science_nominal/measurement_source.tcl""]",2026-10-06T03:53:12.682375+00:00,"{""GATE10A_ACTIVITY_TCL"": ""/mnt/c/Users/Abhinav/OneDrive/Desktop/PACT/PACT/reports/gate10a/runs/b14_opt/CS_C1/science_nominal/activity.tcl"", ""GATE10A_LIBERTY"": ""/root/pact-deps/OpenROAD-flow-scripts/flow/platforms/nangate45/lib/NangateOpenCellLibrary_typical.lib"", ""GATE10A_ODB"": ""/mnt/d/PACT_EXPERIMENTS/results/pact_gate09_open_source_20261005/repair_attempts/python_transport/baselines/b14_opt/CS_C1/physical/5_2_route.odb.gz"", ""GATE10A_OUTPUT"": ""/mnt/c/Users/Abhinav/OneDrive/Desktop/PACT/PACT/reports/gate10a/runs/b14_opt/CS_C1/science_nominal"", ""GATE10A_SDC"": ""/mnt/d/PACT_EXPERIMENTS/results/pact_gate09_open_source_20261005/repair_attempts/fan_compound_connectivity/orfs/results/nangate45/b14_opt/phase0b_s11_B0/3_place.sdc"", ""GATE10A_SET_RC"": ""/root/pact-deps/OpenROAD-flow-scripts/flow/platforms/nangate45/setRC.tcl"", ""GATE10A_SPEF"": ""/mnt/d/PACT_EXPERIMENTS/results/pact_gate09_open_source_20261005/repair_attempts/python_transport/exact_activity/b14_opt/CS_C1/b14_opt/CS_C1/extracted.spef"", ""OMP_NUM_THREADS"": ""1"", ""OPENBLAS_NUM_THREADS"": ""1""}",,reports\gate10a\runs\b14_opt\CS_C1\science_nominal\receipt.json,14904e596510136ea36a563db61affaab83493a932a47743394e1bc052dd9b11,2026-10-06T03:53:01.900436+00:00
b14_opt,CS_C3,science_nominal,QUALIFIED,1.0,True,5.22259022099999,3.86,0.39,191676416.0,3096789,"[""/usr/bin/time"", ""-v"", ""-o"", ""/mnt/c/Users/Abhinav/OneDrive/Desktop/PACT/PACT/reports/gate10a/runs/b14_opt/CS_C3/science_nominal/resources.txt"", ""/usr/bin/openroad"", ""-no_init"", ""-exit"", ""/mnt/c/Users/Abhinav/OneDrive/Desktop/PACT/PACT/reports/gate10a/runs/b14_opt/CS_C3/science_nominal/measurement_source.tcl""]",2026-10-06T03:53:24.602947+00:00,"{""GATE10A_ACTIVITY_TCL"": ""/mnt/c/Users/Abhinav/OneDrive/Desktop/PACT/PACT/reports/gate10a/runs/b14_opt/CS_C3/science_nominal/activity.tcl"", ""GATE10A_LIBERTY"": ""/root/pact-deps/OpenROAD-flow-scripts/flow/platforms/nangate45/lib/NangateOpenCellLibrary_typical.lib"", ""GATE10A_ODB"": ""/mnt/d/PACT_EXPERIMENTS/results/pact_gate09_open_source_20261005/repair_attempts/python_transport/baselines/b14_opt/CS_C3/physical/5_2_route.odb.gz"", ""GATE10A_OUTPUT"": ""/mnt/c/Users/Abhinav/OneDrive/Desktop/PACT/PACT/reports/gate10a/runs/b14_opt/CS_C3/science_nominal"", ""GATE10A_SDC"": ""/mnt/d/PACT_EXPERIMENTS/results/pact_gate09_open_source_20261005/repair_attempts/fan_compound_connectivity/orfs/results/nangate45/b14_opt/phase0b_s11_B0/3_place.sdc"", ""GATE10A_SET_RC"": ""/root/pact-deps/OpenROAD-flow-scripts/flow/platforms/nangate45/setRC.tcl"", ""GATE10A_SPEF"": ""/mnt/d/PACT_EXPERIMENTS/results/pact_gate09_open_source_20261005/repair_attempts/python_transport/exact_activity/b14_opt/CS_C3/b14_opt/CS_C3/extracted.spef"", ""OMP_NUM_THREADS"": ""1"", ""OPENBLAS_NUM_THREADS"": ""1""}",,reports\gate10a\runs\b14_opt\CS_C3\science_nominal\receipt.json,4eabfff7665579e46f0e37cd1893ef98b8916d519045a118d18fbb491a7c342c,2026-10-06T03:53:14.365413+00:00
b15_opt,B2,science_nominal,QUALIFIED,1.0,True,8.336457567000025,6.26,0.69,236167168.0,4876564,"[""/usr/bin/time"", ""-v"", ""-o"", ""/mnt/c/Users/Abhinav/OneDrive/Desktop/PACT/PACT/reports/gate10a/runs/b15_opt/B2/science_nominal/resources.txt"", ""/usr/bin/openroad"", ""-no_init"", ""-exit"", ""/mnt/c/Users/Abhinav/OneDrive/Desktop/PACT/PACT/reports/gate10a/runs/b15_opt/B2/science_nominal/measurement_source.tcl""]",2026-10-06T03:53:53.331371+00:00,"{""GATE10A_ACTIVITY_TCL"": ""/mnt/c/Users/Abhinav/OneDrive/Desktop/PACT/PACT/reports/gate10a/runs/b15_opt/B2/science_nominal/activity.tcl"", ""GATE10A_LIBERTY"": ""/root/pact-deps/OpenROAD-flow-scripts/flow/platforms/nangate45/lib/NangateOpenCellLibrary_typical.lib"", ""GATE10A_ODB"": ""/mnt/d/PACT_EXPERIMENTS/results/pact_gate09_open_source_20261005/repair_attempts/metadata_registration_b15_opt/baselines/b15_opt/B2/physical/5_2_route.odb.gz"", ""GATE10A_OUTPUT"": ""/mnt/c/Users/Abhinav/OneDrive/Desktop/PACT/PACT/reports/gate10a/runs/b15_opt/B2/science_nominal"", ""GATE10A_SDC"": ""/mnt/d/PACT_EXPERIMENTS/results/pact_gate09_open_source_20261005/repair_attempts/metadata_registration_b15_opt/orfs/results/nangate45/b15_opt/phase0b_s11_B0/3_place.sdc"", ""GATE10A_SET_RC"": ""/root/pact-deps/OpenROAD-flow-scripts/flow/platforms/nangate45/setRC.tcl"", ""GATE10A_SPEF"": ""/mnt/d/PACT_EXPERIMENTS/results/pact_gate09_open_source_20261005/repair_attempts/metadata_registration_b15_opt/exact_activity/b15_opt/B2/b15_opt/B2/extracted.spef"", ""OMP_NUM_THREADS"": ""1"", ""OPENBLAS_NUM_THREADS"": ""1""}",,reports\gate10a\runs\b15_opt\B2\science_nominal\receipt.json,15b347b5ba4d2c72e8a526e4d39aeeb7b4561a528916ca0834022e9d7c102845,2026-10-06T03:53:37.854615+00:00
b15_opt,B5,science_nominal,QUALIFIED,1.0,True,8.919426778000002,6.92,0.55,236658688.0,4874489,"[""/usr/bin/time"", ""-v"", ""-o"", ""/mnt/c/Users/Abhinav/OneDrive/Desktop/PACT/PACT/reports/gate10a/runs/b15_opt/B5/science_nominal/resources.txt"", ""/usr/bin/openroad"", ""-no_init"", ""-exit"", ""/mnt/c/Users/Abhinav/OneDrive/Desktop/PACT/PACT/reports/gate10a/runs/b15_opt/B5/science_nominal/measurement_source.tcl""]",2026-10-06T03:55:04.056480+00:00,"{""GATE10A_ACTIVITY_TCL"": ""/mnt/c/Users/Abhinav/OneDrive/Desktop/PACT/PACT/reports/gate10a/runs/b15_opt/B5/science_nominal/activity.tcl"", ""GATE10A_LIBERTY"": ""/root/pact-deps/OpenROAD-flow-scripts/flow/platforms/nangate45/lib/NangateOpenCellLibrary_typical.lib"", ""GATE10A_ODB"": ""/mnt/d/PACT_EXPERIMENTS/results/pact_gate09_open_source_20261005/repair_attempts/metadata_registration_b15_opt/baselines/b15_opt/B5/physical/5_2_route.odb.gz"", ""GATE10A_OUTPUT"": ""/mnt/c/Users/Abhinav/OneDrive/Desktop/PACT/PACT/reports/gate10a/runs/b15_opt/B5/science_nominal"", ""GATE10A_SDC"": ""/mnt/d/PACT_EXPERIMENTS/results/pact_gate09_open_source_20261005/repair_attempts/metadata_registration_b15_opt/orfs/results/nangate45/b15_opt/phase0b_s11_B0/3_place.sdc"", ""GATE10A_SET_RC"": ""/root/pact-deps/OpenROAD-flow-scripts/flow/platforms/nangate45/setRC.tcl"", ""GATE10A_SPEF"": ""/mnt/d/PACT_EXPERIMENTS/results/pact_gate09_open_source_20261005/repair_attempts/metadata_registration_b15_opt/exact_activity/b15_opt/B5/b15_opt/B5/extracted.spef"", ""OMP_NUM_THREADS"": ""1"", ""OPENBLAS_NUM_THREADS"": ""1""}",,reports\gate10a\runs\b15_opt\B5\science_nominal\receipt.json,967dfbce9d241dfb29607c53342ce6550cc595f54b36732856a2e147adb8b71a,2026-10-06T03:54:47.637138+00:00
b15_opt,CS_C1,science_nominal,QUALIFIED,1.0,True,8.197846868,6.11,0.65,236470272.0,4877004,"[""/usr/bin/time"", ""-v"", ""-o"", ""/mnt/c/Users/Abhinav/OneDrive/Desktop/PACT/PACT/reports/gate10a/runs/b15_opt/CS_C1/science_nominal/resources.txt"", ""/usr/bin/openroad"", ""-no_init"", ""-exit"", ""/mnt/c/Users/Abhinav/OneDrive/Desktop/PACT/PACT/reports/gate10a/runs/b15_opt/CS_C1/science_nominal/measurement_source.tcl""]",2026-10-06T03:54:11.158341+00:00,"{""GATE10A_ACTIVITY_TCL"": ""/mnt/c/Users/Abhinav/OneDrive/Desktop/PACT/PACT/reports/gate10a/runs/b15_opt/CS_C1/science_nominal/activity.tcl"", ""GATE10A_LIBERTY"": ""/root/pact-deps/OpenROAD-flow-scripts/flow/platforms/nangate45/lib/NangateOpenCellLibrary_typical.lib"", ""GATE10A_ODB"": ""/mnt/d/PACT_EXPERIMENTS/results/pact_gate09_open_source_20261005/repair_attempts/metadata_registration_b15_opt/baselines/b15_opt/CS_C1/physical/5_2_route.odb.gz"", ""GATE10A_OUTPUT"": ""/mnt/c/Users/Abhinav/OneDrive/Desktop/PACT/PACT/reports/gate10a/runs/b15_opt/CS_C1/science_nominal"", ""GATE10A_SDC"": ""/mnt/d/PACT_EXPERIMENTS/results/pact_gate09_open_source_20261005/repair_attempts/metadata_registration_b15_opt/orfs/results/nangate45/b15_opt/phase0b_s11_B0/3_place.sdc"", ""GATE10A_SET_RC"": ""/root/pact-deps/OpenROAD-flow-scripts/flow/platforms/nangate45/setRC.tcl"", ""GATE10A_SPEF"": ""/mnt/d/PACT_EXPERIMENTS/results/pact_gate09_open_source_20261005/repair_attempts/metadata_registration_b15_opt/exact_activity/b15_opt/CS_C1/b15_opt/CS_C1/extracted.spef"", ""OMP_NUM_THREADS"": ""1"", ""OPENBLAS_NUM_THREADS"": ""1""}",,reports\gate10a\runs\b15_opt\CS_C1\science_nominal\receipt.json,6c5e932c0b279245f25bb64f48fe13520155dd723acf586df978fd9c4129a393,2026-10-06T03:53:54.925859+00:00
b15_opt,CS_C2,science_nominal,QUALIFIED,1.0,True,7.997605915999998,6.12,0.52,236044288.0,4876491,"[""/usr/bin/time"", ""-v"", ""-o"", ""/mnt/c/Users/Abhinav/OneDrive/Desktop/PACT/PACT/reports/gate10a/runs/b15_opt/CS_C2/science_nominal/resources.txt"", ""/usr/bin/openroad"", ""-no_init"", ""-exit"", ""/mnt/c/Users/Abhinav/OneDrive/Desktop/PACT/PACT/reports/gate10a/runs/b15_opt/CS_C2/science_nominal/measurement_source.tcl""]",2026-10-06T03:54:27.982783+00:00,"{""GATE10A_ACTIVITY_TCL"": ""/mnt/c/Users/Abhinav/OneDrive/Desktop/PACT/PACT/reports/gate10a/runs/b15_opt/CS_C2/science_nominal/activity.tcl"", ""GATE10A_LIBERTY"": ""/root/pact-deps/OpenROAD-flow-scripts/flow/platforms/nangate45/lib/NangateOpenCellLibrary_typical.lib"", ""GATE10A_ODB"": ""/mnt/d/PACT_EXPERIMENTS/results/pact_gate09_open_source_20261005/repair_attempts/metadata_registration_b15_opt/baselines/b15_opt/CS_C2/physical/5_2_route.odb.gz"", ""GATE10A_OUTPUT"": ""/mnt/c/Users/Abhinav/OneDrive/Desktop/PACT/PACT/reports/gate10a/runs/b15_opt/CS_C2/science_nominal"", ""GATE10A_SDC"": ""/mnt/d/PACT_EXPERIMENTS/results/pact_gate09_open_source_20261005/repair_attempts/metadata_registration_b15_opt/orfs/results/nangate45/b15_opt/phase0b_s11_B0/3_place.sdc"", ""GATE10A_SET_RC"": ""/root/pact-deps/OpenROAD-flow-scripts/flow/platforms/nangate45/setRC.tcl"", ""GATE10A_SPEF"": ""/mnt/d/PACT_EXPERIMENTS/results/pact_gate09_open_source_20261005/repair_attempts/metadata_registration_b15_opt/exact_activity/b15_opt/CS_C2/b15_opt/CS_C2/extracted.spef"", ""OMP_NUM_THREADS"": ""1"", ""OPENBLAS_NUM_THREADS"": ""1""}",,reports\gate10a\runs\b15_opt\CS_C2\science_nominal\receipt.json,f0170546e0dbfd144d1746f938bbb4ceff45cd959bea876fa5bd3674cca78e1c,2026-10-06T03:54:12.689301+00:00
b15_opt,CS_C3,science_nominal,QUALIFIED,1.0,True,8.394120175000012,6.27,0.69,236544000.0,4876288,"[""/usr/bin/time"", ""-v"", ""-o"", ""/mnt/c/Users/Abhinav/OneDrive/Desktop/PACT/PACT/reports/gate10a/runs/b15_opt/CS_C3/science_nominal/resources.txt"", ""/usr/bin/openroad"", ""-no_init"", ""-exit"", ""/mnt/c/Users/Abhinav/OneDrive/Desktop/PACT/PACT/reports/gate10a/runs/b15_opt/CS_C3/science_nominal/measurement_source.tcl""]",2026-10-06T03:54:46.148804+00:00,"{""GATE10A_ACTIVITY_TCL"": ""/mnt/c/Users/Abhinav/OneDrive/Desktop/PACT/PACT/reports/gate10a/runs/b15_opt/CS_C3/science_nominal/activity.tcl"", ""GATE10A_LIBERTY"": ""/root/pact-deps/OpenROAD-flow-scripts/flow/platforms/nangate45/lib/NangateOpenCellLibrary_typical.lib"", ""GATE10A_ODB"": ""/mnt/d/PACT_EXPERIMENTS/results/pact_gate09_open_source_20261005/repair_attempts/metadata_registration_b15_opt/baselines/b15_opt/CS_C3/physical/5_2_route.odb.gz"", ""GATE10A_OUTPUT"": ""/mnt/c/Users/Abhinav/OneDrive/Desktop/PACT/PACT/reports/gate10a/runs/b15_opt/CS_C3/science_nominal"", ""GATE10A_SDC"": ""/mnt/d/PACT_EXPERIMENTS/results/pact_gate09_open_source_20261005/repair_attempts/metadata_registration_b15_opt/orfs/results/nangate45/b15_opt/phase0b_s11_B0/3_place.sdc"", ""GATE10A_SET_RC"": ""/root/pact-deps/OpenROAD-flow-scripts/flow/platforms/nangate45/setRC.tcl"", ""GATE10A_SPEF"": ""/mnt/d/PACT_EXPERIMENTS/results/pact_gate09_open_source_20261005/repair_attempts/metadata_registration_b15_opt/exact_activity/b15_opt/CS_C3/b15_opt/CS_C3/extracted.spef"", ""OMP_NUM_THREADS"": ""1"", ""OPENBLAS_NUM_THREADS"": ""1""}",,reports\gate10a\runs\b15_opt\CS_C3\science_nominal\receipt.json,2e1037d54d5a302ecbe33c136fb90d60ef2872c8f7df35c9f82d100c8c30a837,2026-10-06T03:54:29.581680+00:00
