design,candidate,routed_scan_wirelength_um,E,H4,H8,WNS,DRC_count,fault_coverage,qualification_status,delta_routed_scan_wirelength_um_percent,delta_E_percent,delta_H4_percent,delta_H8_percent
s5378,B2,4882.83,19523343.21176149,446.2310466800001,187.25777279000002,9.08788,0,96.04127897140924,QUALIFIED,0.0,0.0,0.0,0.0
s5378,s5378_C1,4899.28,18913553.093274705,404.20548257,166.60605607,9.08575,0,96.04127897140924,QUALIFIED,0.3368947925690646,-3.1233898409337324,-9.417893358759798,-11.028496394197674
s5378,s5378_C2,5159.585,18218623.502973676,409.56072158999996,174.38007253,9.08663,0,96.04127897140924,QUALIFIED,5.667922086167243,-6.682870319064049,-8.217788825504346,-6.876991041884118
s5378,s5378_C3,5074.96,19218672.61615374,383.08508187,183.61354787,9.08726,0,96.04127897140924,QUALIFIED,3.9348082976470744,-1.5605452012143473,-14.15095728542688,-1.9461007496264782
s9234,B3T,10505.275,39816702.11106148,537.13613894,195.57764211999998,8.74941,0,94.14299587278465,QUALIFIED,0.0,0.0,0.0,0.0
s9234,s9234_C1,10696.095,38556259.5670017,463.14321620000004,191.87925199,8.75119,0,94.14299587278465,QUALIFIED,1.816420798122853,-3.1656126128778994,-13.775450463269845,-1.891008650022874
s9234,s9234_C2,10643.935,38153295.4760098,507.83278949,192.35797083,8.74961,0,94.14299587278465,QUALIFIED,1.3199083317666505,-4.177660496371372,-5.455479035134014,-1.6462368883783274
s9234,s9234_C3,10653.995,38762209.81992033,485.46609390000003,190.51087882000004,8.74898,0,94.14299587278465,QUALIFIED,1.4156697468652668,-2.648366728615137,-9.619543593169356,-2.5906659089852124
s15850,B2,23958.435,158251697.84627193,680.2419272999998,279.57367940999995,8.13162,0,94.61787894201424,QUALIFIED,0.0,0.0,0.0,0.0
s15850,s15850_C1,24208.69,158127855.19631428,699.96964788,276.18001142,8.13166,0,94.61787894201424,QUALIFIED,1.0445381762205885,-0.07825675910154706,2.90010359377626,-1.213872492275303
s15850,s15850_C2,24210.015,157217009.2264669,653.2513381499999,278.59896137,8.1318,0,94.61787894201424,QUALIFIED,1.0500685875350246,-0.653824656472346,-3.967792643586421,-0.34864442248532246
s15850,s15850_C3,24191.395,158202517.69272432,700.5529383,278.08832312,8.13186,0,94.61787894201424,QUALIFIED,0.9723506564598194,-0.031077172767768335,2.9858510898642,-0.5312933224381533
