design,candidate,epsilon,reference,status,scan_wire_um,E,H4,H8,DRC,setup_WNS_ns,setup_TNS_ns,hold_WNS_ns,hold_TNS_ns,topology,functional,FF_transition,failure_stage,failure_reason,routed_wire_overhead_percent,routed_budget_pass,Stage_A_front_3_objectives,Stage_A_front_4_objectives,combined_front_3_objectives,combined_front_4_objectives
s5378,s5378_C1,0.02,B2,QUALIFIED,4899.28,18913553.093274705,404.20548257,166.60605607,0,9.08575,0,0.00273321,0,PASS,PASS,PASS,,,0.3368947925690646,True,nondominated,nondominated,nondominated,nondominated
s5378,s5378_C2,0.1,B2,QUALIFIED,5159.585,18218623.502973676,409.56072158999996,174.38007253,0,9.08663,0,0.0027288,0,PASS,PASS,PASS,,,5.667922086167243,True,nondominated,nondominated,nondominated,nondominated
s5378,s5378_C3,0.1,B2,QUALIFIED,5074.96,19218672.61615374,383.08508187,183.61354787,0,9.08726,0,0.00272932,0,PASS,PASS,PASS,,,3.9348082976470744,True,nondominated,nondominated,dominated,nondominated
s9234,s9234_C1,0.1,B3T,QUALIFIED,10696.095,38556259.5670017,463.14321620000004,191.87925199,0,8.75119,0,0.00072084,0,PASS,PASS,PASS,,,1.816420798122853,True,dominated,nondominated,dominated,nondominated
s9234,s9234_C2,0.1,B3T,QUALIFIED,10643.935,38153295.4760098,507.83278949,192.35797083,0,8.74961,0,0.000690004,0,PASS,PASS,PASS,,,1.3199083317666505,True,dominated,nondominated,dominated,nondominated
s9234,s9234_C3,0.1,B3T,QUALIFIED,10653.995,38762209.81992033,485.46609390000003,190.51087882000004,0,8.74898,0,0.000760211,0,PASS,PASS,PASS,,,1.4156697468652668,True,dominated,nondominated,dominated,nondominated
s15850,s15850_C1,0.1,B2,QUALIFIED,24208.69,158127855.19631428,699.96964788,276.18001142,0,8.13166,0,0.000913047,0,PASS,PASS,PASS,,,1.0445381762205885,True,nondominated,nondominated,nondominated,nondominated
s15850,s15850_C2,0.1,B2,QUALIFIED,24210.015,157217009.2264669,653.2513381499999,278.59896137,0,8.1318,0,0.00123894,0,PASS,PASS,PASS,,,1.0500685875350246,True,nondominated,nondominated,nondominated,nondominated
s15850,s15850_C3,0.1,B2,QUALIFIED,24191.395,158202517.69272432,700.5529383,278.08832312,0,8.13186,0,0.000858286,0,PASS,PASS,PASS,,,0.9723506564598194,True,nondominated,nondominated,nondominated,nondominated
