design,epsilon,reference,search_s,solver_s,evaluations,screened,accepted,termination
s5378,0.02,B2,273.899,281.685,1238,13945,213,stagnation
s5378,0.05,B2,152.954,159.211,510,4672,76,stagnation
s5378,0.1,B2,300.146,306.268,1090,3419,127,wall_clock
s9234,0.02,B3T,300.171,310.001,528,3526,77,wall_clock
s9234,0.05,B3T,300.609,310.979,568,2875,79,wall_clock
s9234,0.1,B3T,300.029,310.487,521,1558,63,wall_clock
s15850,0.02,B2,302.284,347.725,118,676,28,wall_clock
s15850,0.05,B2,301.272,340.555,148,390,30,wall_clock
s15850,0.1,B2,302.241,339.882,148,382,38,wall_clock
