design,method,representative,status,routed_scan_path_cost_um,measured_E,measured_H4,measured_H8,DRC,setup_WNS_ns,setup_TNS_ns,hold_WNS_ns,hold_TNS_ns
s5378,B0,True,QUALIFIED,5130.94,19692790.21686756,396.15099358,182.44628689,0,9.08093,0,0.00274569,0
s5378,B1,True,QUALIFIED,5189.24,19111776.58210786,442.66200516,190.43004283,0,9.08788,0,0.00270985,0
s5378,P0,False,QUALIFIED,5163.83,18117570.82704064,420.45981973999994,195.02158707,0,9.08666,0,0.002729,0
s5378,P0,True,QUALIFIED,5141.0,18425596.54384748,425.2751113,177.51051808,0,9.08665,0,0.0027494,0
s5378,P0,False,QUALIFIED,5180.895,17484807.96296691,431.84621473,181.82719387,0,9.08665,0,0.00270933,0
s5378,P0,False,QUALIFIED,5166.17,18542313.18996322,410.11389859999997,177.66671917,0,9.08665,0,0.00274897,0
s5378,P0,False,QUALIFIED,5160.915,18688484.8736932,414.46281887,174.55034231000002,0,9.0867,0,0.00274956,0
s5378,P0,False,UNIMPLEMENTED,,,,,,,,,
s5378,P0,False,QUALIFIED,5180.62,18468794.21907349,424.7583499500001,167.98560424000001,0,9.08654,0,0.00271005,0
s5378,P0,False,QUALIFIED,5168.53,18445321.609075524,424.38829133,167.09948718,0,9.08656,0,0.00272901,0
s9234,B0,True,QUALIFIED,13480.005,44256078.66331679,513.02467684,201.29790885,0,8.75295,0,0.000634312,0
s9234,B1,True,QUALIFIED,10970.96,40301093.58636739,504.12686734999994,202.00729144000002,0,8.74611,0,0.000755174,0
s9234,P0,False,QUALIFIED,10564.785,39092514.56733458,501.99701173700004,190.57280540000002,0,8.74453,0,0.000690004,0
s9234,P0,True,QUALIFIED,10629.67,38263232.01724315,497.97814373,191.18141026,0,8.74802,0,0.000690004,0
s9234,P0,False,QUALIFIED,10631.99,37512213.183488175,528.3257391,190.50310657,0,8.74266,0,0.000693653,0
s9234,P0,False,QUALIFIED,10671.625,38160460.33086845,485.3680004,192.66414763,0,8.75045,0,0.000693653,0
s15850,B0,True,QUALIFIED,35457.69,178740275.3083163,732.33578205,284.93808087,0,8.13062,0,0.000848696,0
s15850,B1,True,QUALIFIED,24616.24,159775270.3442518,662.37571772,275.59167749,0,8.13157,0,0.000560024,0
s15850,P0,False,QUALIFIED,23996.48,159959409.87204003,671.99124077,268.13327584,0,8.13192,0,0.00129391,0
s15850,P0,True,QUALIFIED,24123.785,161801741.1514908,697.0192608899999,277.68177090999995,0,8.13298,0,0.000720257,0
s15850,P0,False,UNIMPLEMENTED,,,,,,,,,
s15850,P0,False,QUALIFIED,24122.05,161672765.78230205,684.93904911,277.45842443,0,8.13298,0,0.000720604,0
s15850,P0,False,QUALIFIED,24180.44,161587570.3071371,684.8703870499999,277.56902686,0,8.13227,0,0.000720604,0
s15850,P0,False,UNIMPLEMENTED,,,,,,,,,
s5378,B2,True,QUALIFIED,4882.83,19523343.21176149,446.2310466800001,187.25777279000002,0,9.08788,0,0.00271735,0
s9234,B2,True,QUALIFIED,10522.23,39096738.208077505,530.1224903899999,199.84749807,0,8.74782,0,0.00141653,0
s15850,B2,True,QUALIFIED,23958.435,158251697.84627193,680.2419272999998,279.57367940999995,0,8.13162,0,0.00124688,0
s5378,B3T,True,QUALIFIED,5045.34,19259642.621885817,395.5292291200001,183.93028183,0,9.08705,0,0.00270366,0
s9234,B3T,True,QUALIFIED,10505.275,39816702.11106148,537.13613894,195.57764211999998,0,8.74941,0,0.000701092,0
s15850,B3T,True,QUALIFIED,24019.665,161740050.58525825,678.1437466699999,278.82433410000004,0,8.13233,0,0.00127733,0
