design,method,architecture_hash,roles,representative,status,routed_scan_path_cost_um,measured_E,measured_H4,measured_H8,Pareto,method_display
s5378,B0,ae86d9068718134a0016c7dc484716e3e4439c0978f5cfcdef79c037ac566f86,reference,True,NOT_IMPORTED_AFTER_B3R_QUALIFICATION_STOP,,,,,UNASSESSABLE,B0
s5378,B1,c8c27dc62915a502b882d8e0a6d8dc3632b6de93fdddf658607c3e84f475928b,single_solution,True,NOT_IMPORTED_AFTER_B3R_QUALIFICATION_STOP,,,,,UNASSESSABLE,B1
s5378,P0,b5c4710dcf54de1707ac603e6f5ede702976052b399c80e0b007719cb9cf3f16,physical_extreme;balanced,True,NOT_IMPORTED_AFTER_B3R_QUALIFICATION_STOP,,,,,UNASSESSABLE,P0
s5378,P0,42dfdefa69502dd9c3716d9b2d7a0bf79d48be347a1e8786750551db65ff0db9,H8_extreme,False,NOT_IMPORTED_AFTER_B3R_QUALIFICATION_STOP,,,,,UNASSESSABLE,P0
s9234,B0,3cbfe6e3d55be494743cb263dedb95c916791638592d28c70d6440c31b05f316,reference,True,NOT_IMPORTED_AFTER_B3R_QUALIFICATION_STOP,,,,,UNASSESSABLE,B0
s9234,B1,fac8217b9c2c39822d955a49b8addc3304d6caa5b81db595faf640bd5c4a52bd,single_solution,True,NOT_IMPORTED_AFTER_B3R_QUALIFICATION_STOP,,,,,UNASSESSABLE,B1
s9234,P0,53bb5b0187583971d057dc111c46dc7030affedc25dbfe294a9455251ddc6fe5,physical_extreme,False,NOT_IMPORTED_AFTER_B3R_QUALIFICATION_STOP,,,,,UNASSESSABLE,P0
s9234,P0,797aff0b91f6ad122de840678b76b5969b4c0db00dbedfa78d2884fc75a5ddc2,balanced,True,NOT_IMPORTED_AFTER_B3R_QUALIFICATION_STOP,,,,,UNASSESSABLE,P0
s9234,P0,4d6ff90b2adcf1e133882196914be7899951ae837c00b98734528f8e521b6b40,H8_extreme,False,NOT_IMPORTED_AFTER_B3R_QUALIFICATION_STOP,,,,,UNASSESSABLE,P0
s15850,B0,541edd9b8a402c089751f83af6753d6efd438d9bd803e1309e64bc5fa614d4db,reference,True,NOT_IMPORTED_AFTER_B3R_QUALIFICATION_STOP,,,,,UNASSESSABLE,B0
s15850,B1,24124a8d821b7a19ffb08cc72b90c6bbf44713b1eb4bb5812809ec988bec6f2b,single_solution,True,NOT_IMPORTED_AFTER_B3R_QUALIFICATION_STOP,,,,,UNASSESSABLE,B1
s15850,P0,f0ec44569fab2217d7aa9f8dd4bb03a265c3d352c935343052f3505432cea877,H8_extreme,False,NOT_IMPORTED_AFTER_B3R_QUALIFICATION_STOP,,,,,UNASSESSABLE,P0
s15850,P0,e14689c97ca5454cd0c46f98a4328713eca058aece7c6a6229b25f6c0fb2075b,physical_extreme;balanced,True,NOT_IMPORTED_AFTER_B3R_QUALIFICATION_STOP,,,,,UNASSESSABLE,P0
s15850,B2,c081f811b1806ae67132a1b56f1eddc0e4defdbba44fd87c7cbb0ce1d15bb4b8,single_solution,True,NOT_IMPORTED_AFTER_B3R_QUALIFICATION_STOP,,,,,UNASSESSABLE,B2
s5378,B2,524e797e930947d722d25f683b74606ed558ee8aee242fe36392eb6c5a583ea5,single_solution,True,NOT_IMPORTED_AFTER_B3R_QUALIFICATION_STOP,,,,,UNASSESSABLE,B2
s9234,B2,045ffbbf9cba85ebc1464d2ddb2f225f9d3d1d1109cf7ef3ab3afd00be474198,single_solution,True,NOT_IMPORTED_AFTER_B3R_QUALIFICATION_STOP,,,,,UNASSESSABLE,B2
s5378,B3R,,single_solution,True,FAILED_SCAN_OUTPUT_TOPOLOGY,,,,,UNASSESSABLE,B3R — PR #10666 + minimal compile repair
s9234,B3R,,single_solution,True,NOT_ATTEMPTED_AFTER_STOP,,,,,UNASSESSABLE,B3R — PR #10666 + minimal compile repair
s15850,B3R,,single_solution,True,NOT_ATTEMPTED_AFTER_STOP,,,,,UNASSESSABLE,B3R — PR #10666 + minimal compile repair
